ISO-10303-21;
HEADER;
FILE_DESCRIPTION (( 'STEP AP214' ),
    '1' );
FILE_NAME ('S09B-PASK-2.STEP',
    '2010-06-10T00:42:04',
    ( ' ' ),
    ( ' ' ),
    'SwSTEP 2.0',
    'SolidWorks 2005235',
    '' );
FILE_SCHEMA (( 'AUTOMOTIVE_DESIGN' ));
ENDSEC;

DATA;
#1 = EDGE_CURVE ( 'NONE', #146, #6180, #1750, .T. ) ;
#2 = ORIENTED_EDGE ( 'NONE', *, *, #501, .T. ) ;
#3 = ORIENTED_EDGE ( 'NONE', *, *, #1, .T. ) ;
#4 = ADVANCED_FACE ( 'NONE', ( #1746 ), #1731, .F. ) ;
#5 = EDGE_CURVE ( 'NONE', #6183, #189, #1778, .T. ) ;
#6 = EDGE_LOOP ( 'NONE', ( #7, #50, #53, #122 ) ) ;
#7 = ORIENTED_EDGE ( 'NONE', *, *, #8, .T. ) ;
#8 = EDGE_CURVE ( 'NONE', #49, #1389, #1774, .T. ) ;
#9 = ORIENTED_EDGE ( 'NONE', *, *, #45, .F. ) ;
#10 = VERTEX_POINT ( 'NONE', #1770 ) ;
#11 = ADVANCED_FACE ( 'NONE', ( #1769 ), #1752, .F. ) ;
#12 = ORIENTED_EDGE ( 'NONE', *, *, #15, .F. ) ;
#13 = ORIENTED_EDGE ( 'NONE', *, *, #14, .T. ) ;
#14 = EDGE_CURVE ( 'NONE', #10, #1705, #1803, .T. ) ;
#15 = EDGE_CURVE ( 'NONE', #10, #16, #1799, .T. ) ;
#16 = VERTEX_POINT ( 'NONE', #1795 ) ;
#17 = ORIENTED_EDGE ( 'NONE', *, *, #1600, .F. ) ;
#18 = ADVANCED_FACE ( 'NONE', ( #1794 ), #1841, .F. ) ;
#19 = EDGE_LOOP ( 'NONE', ( #76, #75, #74, #70, #68, #67 ) ) ;
#20 = ORIENTED_EDGE ( 'NONE', *, *, #134, .F. ) ;
#21 = ORIENTED_EDGE ( 'NONE', *, *, #54, .F. ) ;
#22 = ADVANCED_FACE ( 'NONE', ( #1836 ), #1821, .F. ) ;
#23 = ORIENTED_EDGE ( 'NONE', *, *, #29, .T. ) ;
#24 = ORIENTED_EDGE ( 'NONE', *, *, #1367, .F. ) ;
#25 = EDGE_LOOP ( 'NONE', ( #24, #23, #6179, #155 ) ) ;
#26 = ADVANCED_FACE ( 'NONE', ( #1815 ), #1864, .F. ) ;
#27 = ORIENTED_EDGE ( 'NONE', *, *, #82, .F. ) ;
#28 = ORIENTED_EDGE ( 'NONE', *, *, #6168, .F. ) ;
#29 = EDGE_CURVE ( 'NONE', #1366, #6180, #1859, .T. ) ;
#30 = ORIENTED_EDGE ( 'NONE', *, *, #6154, .T. ) ;
#31 = ORIENTED_EDGE ( 'NONE', *, *, #1515, .T. ) ;
#32 = EDGE_LOOP ( 'NONE', ( #30, #31, #28, #27 ) ) ;
#33 = VERTEX_POINT ( 'NONE', #1855 ) ;
#34 = ADVANCED_FACE ( 'NONE', ( #1854 ), #1892, .F. ) ;
#35 = EDGE_CURVE ( 'NONE', #176, #33, #1886, .T. ) ;
#36 = ORIENTED_EDGE ( 'NONE', *, *, #35, .F. ) ;
#37 = ADVANCED_FACE ( 'NONE', ( #1882 ), #1920, .F. ) ;
#38 = ORIENTED_EDGE ( 'NONE', *, *, #39, .T. ) ;
#39 = EDGE_CURVE ( 'NONE', #6175, #33, #1914, .T. ) ;
#40 = ORIENTED_EDGE ( 'NONE', *, *, #47, .T. ) ;
#41 = ORIENTED_EDGE ( 'NONE', *, *, #154, .T. ) ;
#42 = EDGE_LOOP ( 'NONE', ( #44, #41, #38, #36, #179, #175 ) ) ;
#43 = ADVANCED_FACE ( 'NONE', ( #1910 ), #1949, .F. ) ;
#44 = ORIENTED_EDGE ( 'NONE', *, *, #1376, .F. ) ;
#45 = EDGE_CURVE ( 'NONE', #46, #57, #1944, .T. ) ;
#46 = VERTEX_POINT ( 'NONE', #1940 ) ;
#47 = EDGE_CURVE ( 'NONE', #49, #46, #1939, .T. ) ;
#48 = ORIENTED_EDGE ( 'NONE', *, *, #45, .T. ) ;
#49 = VERTEX_POINT ( 'NONE', #1935 ) ;
#50 = ORIENTED_EDGE ( 'NONE', *, *, #1391, .T. ) ;
#51 = EDGE_LOOP ( 'NONE', ( #129, #118, #126, #9 ) ) ;
#52 = EDGE_CURVE ( 'NONE', #108, #348, #1934, .T. ) ;
#53 = ORIENTED_EDGE ( 'NONE', *, *, #128, .F. ) ;
#54 = EDGE_CURVE ( 'NONE', #57, #58, #1930, .T. ) ;
#55 = EDGE_CURVE ( 'NONE', #58, #49, #1926, .T. ) ;
#56 = ORIENTED_EDGE ( 'NONE', *, *, #55, .T. ) ;
#57 = VERTEX_POINT ( 'NONE', #1978 ) ;
#58 = VERTEX_POINT ( 'NONE', #1977 ) ;
#59 = ORIENTED_EDGE ( 'NONE', *, *, #54, .T. ) ;
#60 = ORIENTED_EDGE ( 'NONE', *, *, #139, .T. ) ;
#61 = ORIENTED_EDGE ( 'NONE', *, *, #1318, .F. ) ;
#62 = EDGE_LOOP ( 'NONE', ( #90, #91, #88, #86 ) ) ;
#63 = EDGE_CURVE ( 'NONE', #142, #16, #1975, .T. ) ;
#64 = ORIENTED_EDGE ( 'NONE', *, *, #63, .T. ) ;
#65 = ADVANCED_FACE ( 'NONE', ( #1971 ), #1956, .F. ) ;
#66 = EDGE_CURVE ( 'NONE', #72, #141, #2016, .T. ) ;
#67 = ORIENTED_EDGE ( 'NONE', *, *, #138, .F. ) ;
#68 = ORIENTED_EDGE ( 'NONE', *, *, #66, .T. ) ;
#69 = VERTEX_POINT ( 'NONE', #2012 ) ;
#70 = ORIENTED_EDGE ( 'NONE', *, *, #71, .F. ) ;
#71 = EDGE_CURVE ( 'NONE', #72, #69, #2011, .T. ) ;
#72 = VERTEX_POINT ( 'NONE', #2007 ) ;
#73 = EDGE_CURVE ( 'NONE', #69, #1613, #2006, .T. ) ;
#74 = ORIENTED_EDGE ( 'NONE', *, *, #73, .F. ) ;
#75 = ORIENTED_EDGE ( 'NONE', *, *, #1715, .T. ) ;
#76 = ORIENTED_EDGE ( 'NONE', *, *, #1496, .F. ) ;
#77 = VERTEX_POINT ( 'NONE', #2002 ) ;
#78 = ORIENTED_EDGE ( 'NONE', *, *, #79, .T. ) ;
#79 = EDGE_CURVE ( 'NONE', #80, #77, #2001, .T. ) ;
#80 = VERTEX_POINT ( 'NONE', #1997 ) ;
#81 = VERTEX_POINT ( 'NONE', #1996 ) ;
#82 = EDGE_CURVE ( 'NONE', #81, #80, #1994, .T. ) ;
#83 = ADVANCED_FACE ( 'NONE', ( #1990 ), #2037, .T. ) ;
#84 = ORIENTED_EDGE ( 'NONE', *, *, #82, .T. ) ;
#85 = EDGE_LOOP ( 'NONE', ( #84, #78, #245, #6161 ) ) ;
#86 = ORIENTED_EDGE ( 'NONE', *, *, #63, .F. ) ;
#87 = EDGE_CURVE ( 'NONE', #16, #72, #2031, .T. ) ;
#88 = ORIENTED_EDGE ( 'NONE', *, *, #87, .F. ) ;
#89 = EDGE_LOOP ( 'NONE', ( #6178, #6177, #6174, #6172 ) ) ;
#90 = ORIENTED_EDGE ( 'NONE', *, *, #140, .F. ) ;
#91 = ORIENTED_EDGE ( 'NONE', *, *, #66, .F. ) ;
#92 = ADVANCED_FACE ( 'NONE', ( #2027 ), #2061, .F. ) ;
#93 = ORIENTED_EDGE ( 'NONE', *, *, #1660, .F. ) ;
#94 = ADVANCED_FACE ( 'NONE', ( #2055 ), #2097, .F. ) ;
#95 = EDGE_CURVE ( 'NONE', #102, #1676, #2092, .T. ) ;
#96 = VERTEX_POINT ( 'NONE', #2088 ) ;
#97 = ORIENTED_EDGE ( 'NONE', *, *, #101, .F. ) ;
#98 = ORIENTED_EDGE ( 'NONE', *, *, #100, .F. ) ;
#99 = EDGE_LOOP ( 'NONE', ( #59, #56, #40, #48 ) ) ;
#100 = EDGE_CURVE ( 'NONE', #425, #96, #2087, .T. ) ;
#101 = EDGE_CURVE ( 'NONE', #102, #96, #2083, .T. ) ;
#102 = VERTEX_POINT ( 'NONE', #2079 ) ;
#103 = ORIENTED_EDGE ( 'NONE', *, *, #95, .T. ) ;
#104 = ADVANCED_FACE ( 'NONE', ( #2078 ), #2122, .T. ) ;
#105 = EDGE_CURVE ( 'NONE', #96, #108, #2117, .T. ) ;
#106 = ORIENTED_EDGE ( 'NONE', *, *, #105, .F. ) ;
#107 = ORIENTED_EDGE ( 'NONE', *, *, #115, .F. ) ;
#108 = VERTEX_POINT ( 'NONE', #2113 ) ;
#109 = EDGE_LOOP ( 'NONE', ( #110, #107, #106, #98 ) ) ;
#110 = ORIENTED_EDGE ( 'NONE', *, *, #424, .F. ) ;
#111 = ORIENTED_EDGE ( 'NONE', *, *, #421, .F. ) ;
#112 =( LENGTH_UNIT ( ) NAMED_UNIT ( * ) SI_UNIT ( .MILLI., .METRE. ) );
#113 = ADVANCED_FACE ( 'NONE', ( #2112 ), #2154, .F. ) ;
#114 = ORIENTED_EDGE ( 'NONE', *, *, #115, .T. ) ;
#115 = EDGE_CURVE ( 'NONE', #108, #422, #2149, .T. ) ;
#116 = EDGE_LOOP ( 'NONE', ( #119, #117, #20, #21 ) ) ;
#117 = ORIENTED_EDGE ( 'NONE', *, *, #1409, .T. ) ;
#118 = ORIENTED_EDGE ( 'NONE', *, *, #1384, .T. ) ;
#119 = ORIENTED_EDGE ( 'NONE', *, *, #127, .T. ) ;
#120 = EDGE_LOOP ( 'NONE', ( #61, #60, #64, #12, #13, #17 ) ) ;
#121 = EDGE_LOOP ( 'NONE', ( #135, #131, #132, #130 ) ) ;
#122 = ORIENTED_EDGE ( 'NONE', *, *, #47, .F. ) ;
#123 = ORIENTED_EDGE ( 'NONE', *, *, #138, .T. ) ;
#124 = EDGE_LOOP ( 'NONE', ( #125, #123, #143, #144 ) ) ;
#125 = ORIENTED_EDGE ( 'NONE', *, *, #1324, .F. ) ;
#126 = ORIENTED_EDGE ( 'NONE', *, *, #127, .F. ) ;
#127 = EDGE_CURVE ( 'NONE', #57, #1410, #2145, .T. ) ;
#128 = EDGE_CURVE ( 'NONE', #46, #1392, #2140, .T. ) ;
#129 = ORIENTED_EDGE ( 'NONE', *, *, #128, .T. ) ;
#130 = ORIENTED_EDGE ( 'NONE', *, *, #55, .F. ) ;
#131 = ORIENTED_EDGE ( 'NONE', *, *, #1474, .T. ) ;
#132 = ORIENTED_EDGE ( 'NONE', *, *, #8, .F. ) ;
#133 = ADVANCED_FACE ( 'NONE', ( #2136 ), #2178, .F. ) ;
#134 = EDGE_CURVE ( 'NONE', #58, #1411, #2172, .T. ) ;
#135 = ORIENTED_EDGE ( 'NONE', *, *, #134, .T. ) ;
#136 = ADVANCED_FACE ( 'NONE', ( #2168 ), #2203, .F. ) ;
#137 = ADVANCED_FACE ( 'NONE', ( #2197 ), #2240, .F. ) ;
#138 = EDGE_CURVE ( 'NONE', #1492, #141, #2235, .T. ) ;
#139 = EDGE_CURVE ( 'NONE', #1322, #142, #2231, .T. ) ;
#140 = EDGE_CURVE ( 'NONE', #141, #142, #2227, .T. ) ;
#141 = VERTEX_POINT ( 'NONE', #2223 ) ;
#142 = VERTEX_POINT ( 'NONE', #2222 ) ;
#143 = ORIENTED_EDGE ( 'NONE', *, *, #140, .T. ) ;
#144 = ORIENTED_EDGE ( 'NONE', *, *, #139, .F. ) ;
#145 = EDGE_CURVE ( 'NONE', #6180, #6175, #2220, .T. ) ;
#146 = VERTEX_POINT ( 'NONE', #2216 ) ;
#147 = EDGE_CURVE ( 'NONE', #146, #149, #2215, .T. ) ;
#148 = ORIENTED_EDGE ( 'NONE', *, *, #147, .F. ) ;
#149 = VERTEX_POINT ( 'NONE', #2211 ) ;
#150 = ORIENTED_EDGE ( 'NONE', *, *, #1303, .F. ) ;
#151 = ORIENTED_EDGE ( 'NONE', *, *, #1678, .T. ) ;
#152 = ORIENTED_EDGE ( 'NONE', *, *, #156, .F. ) ;
#153 = ORIENTED_EDGE ( 'NONE', *, *, #350, .F. ) ;
#154 = EDGE_CURVE ( 'NONE', #1371, #6175, #2210, .T. ) ;
#155 = ORIENTED_EDGE ( 'NONE', *, *, #154, .F. ) ;
#156 = EDGE_CURVE ( 'NONE', #149, #1644, #2268, .T. ) ;
#157 = ORIENTED_EDGE ( 'NONE', *, *, #1646, .T. ) ;
#158 = ORIENTED_EDGE ( 'NONE', *, *, #1373, .F. ) ;
#159 = EDGE_LOOP ( 'NONE', ( #150, #151, #153, #248, #114, #111 ) ) ;
#160 = ORIENTED_EDGE ( 'NONE', *, *, #95, .F. ) ;
#161 = ORIENTED_EDGE ( 'NONE', *, *, #1412, .T. ) ;
#162 = ORIENTED_EDGE ( 'NONE', *, *, #740, .F. ) ;
#163 = DIRECTION ( 'NONE',  ( 1.297518949922157600E-016, -1.000000000000000000, -3.602683583928407900E-015 ) ) ;
#164 = EDGE_LOOP ( 'NONE', ( #166, #160, #162, #741 ) ) ;
#165 = VERTEX_POINT ( 'NONE', #2264 ) ;
#166 = ORIENTED_EDGE ( 'NONE', *, *, #1674, .T. ) ;
#167 = EDGE_LOOP ( 'NONE', ( #158, #157, #152, #148, #3, #188 ) ) ;
#168 = ORIENTED_EDGE ( 'NONE', *, *, #1036, .T. ) ;
#169 = EDGE_LOOP ( 'NONE', ( #168, #170, #1119, #1120, #1121, #1122 ) ) ;
#170 = ORIENTED_EDGE ( 'NONE', *, *, #1139, .F. ) ;
#171 = ADVANCED_FACE ( 'NONE', ( #2263 ), #2247, .F. ) ;
#172 = DIRECTION ( 'NONE',  ( -1.297518949922157600E-016, 1.000000000000000000, 3.602683583928407900E-015 ) ) ;
#173 =( NAMED_UNIT ( * ) SI_UNIT ( $, .STERADIAN. ) SOLID_ANGLE_UNIT ( ) );
#174 = EDGE_CURVE ( 'NONE', #176, #1669, #2242, .T. ) ;
#175 = ORIENTED_EDGE ( 'NONE', *, *, #1610, .F. ) ;
#176 = VERTEX_POINT ( 'NONE', #2298 ) ;
#177 = EDGE_LOOP ( 'NONE', ( #191, #196, #432, #6182 ) ) ;
#178 =( LENGTH_UNIT ( ) NAMED_UNIT ( * ) SI_UNIT ( .MILLI., .METRE. ) );
#179 = ORIENTED_EDGE ( 'NONE', *, *, #174, .T. ) ;
#180 = ADVANCED_FACE ( 'NONE', ( #2297 ), #2281, .T. ) ;
#181 = ORIENTED_EDGE ( 'NONE', *, *, #39, .F. ) ;
#182 = EDGE_CURVE ( 'NONE', #33, #146, #2275, .T. ) ;
#183 = EDGE_LOOP ( 'NONE', ( #184, #185, #187, #181 ) ) ;
#184 = ORIENTED_EDGE ( 'NONE', *, *, #145, .F. ) ;
#185 = ORIENTED_EDGE ( 'NONE', *, *, #1, .F. ) ;
#186 = ADVANCED_FACE ( 'NONE', ( #2271 ), #2317, .F. ) ;
#187 = ORIENTED_EDGE ( 'NONE', *, *, #182, .F. ) ;
#188 = ORIENTED_EDGE ( 'NONE', *, *, #29, .F. ) ;
#189 = VERTEX_POINT ( 'NONE', #2312 ) ;
#190 = EDGE_CURVE ( 'NONE', #189, #364, #2310, .T. ) ;
#191 = ORIENTED_EDGE ( 'NONE', *, *, #190, .T. ) ;
#192 = ORIENTED_EDGE ( 'NONE', *, *, #421, .T. ) ;
#193 = ADVANCED_FACE ( 'NONE', ( #2306 ), #2343, .F. ) ;
#194 = EDGE_LOOP ( 'NONE', ( #280, #490, #491, #492 ) ) ;
#195 = ORIENTED_EDGE ( 'NONE', *, *, #436, .F. ) ;
#196 = ORIENTED_EDGE ( 'NONE', *, *, #368, .T. ) ;
#197 = VERTEX_POINT ( 'NONE', #2338 ) ;
#198 = EDGE_CURVE ( 'NONE', #202, #213, #2337, .T. ) ;
#199 = ORIENTED_EDGE ( 'NONE', *, *, #219, .F. ) ;
#200 = ORIENTED_EDGE ( 'NONE', *, *, #325, .T. ) ;
#201 = ORIENTED_EDGE ( 'NONE', *, *, #273, .F. ) ;
#202 = VERTEX_POINT ( 'NONE', #2333 ) ;
#203 = ORIENTED_EDGE ( 'NONE', *, *, #233, .T. ) ;
#204 = ORIENTED_EDGE ( 'NONE', *, *, #1695, .F. ) ;
#205 = ORIENTED_EDGE ( 'NONE', *, *, #244, .F. ) ;
#206 = EDGE_LOOP ( 'NONE', ( #207, #241 ) ) ;
#207 = ORIENTED_EDGE ( 'NONE', *, *, #240, .F. ) ;
#208 = VERTEX_POINT ( 'NONE', #2332 ) ;
#209 = VERTEX_POINT ( 'NONE', #2331 ) ;
#210 = VERTEX_POINT ( 'NONE', #2330 ) ;
#211 = EDGE_CURVE ( 'NONE', #288, #291, #2385, .T. ) ;
#212 = ORIENTED_EDGE ( 'NONE', *, *, #289, .F. ) ;
#213 = VERTEX_POINT ( 'NONE', #2381 ) ;
#214 = EDGE_LOOP ( 'NONE', ( #225, #230, #222, #224, #285, #287, #212, #290 ) ) ;
#215 = EDGE_CURVE ( 'NONE', #226, #1710, #2380, .T. ) ;
#216 = ADVANCED_FACE ( 'NONE', ( #2376 ), #2375, .T. ) ;
#217 = ORIENTED_EDGE ( 'NONE', *, *, #227, .F. ) ;
#218 = EDGE_LOOP ( 'NONE', ( #217, #228, #221, #201 ) ) ;
#219 = EDGE_CURVE ( 'NONE', #208, #251, #2370, .T. ) ;
#220 = EDGE_CURVE ( 'NONE', #229, #213, #2366, .T. ) ;
#221 = ORIENTED_EDGE ( 'NONE', *, *, #198, .F. ) ;
#222 = ORIENTED_EDGE ( 'NONE', *, *, #223, .F. ) ;
#223 = EDGE_CURVE ( 'NONE', #1589, #232, #2362, .T. ) ;
#224 = ORIENTED_EDGE ( 'NONE', *, *, #1566, .F. ) ;
#225 = ORIENTED_EDGE ( 'NONE', *, *, #1709, .T. ) ;
#226 = VERTEX_POINT ( 'NONE', #2358 ) ;
#227 = EDGE_CURVE ( 'NONE', #229, #210, #2357, .T. ) ;
#228 = ORIENTED_EDGE ( 'NONE', *, *, #220, .T. ) ;
#229 = VERTEX_POINT ( 'NONE', #2353 ) ;
#230 = ORIENTED_EDGE ( 'NONE', *, *, #231, .F. ) ;
#231 = EDGE_CURVE ( 'NONE', #232, #1706, #2416, .T. ) ;
#232 = VERTEX_POINT ( 'NONE', #2412 ) ;
#233 = EDGE_CURVE ( 'NONE', #239, #236, #2411, .T. ) ;
#234 = ORIENTED_EDGE ( 'NONE', *, *, #235, .T. ) ;
#235 = EDGE_CURVE ( 'NONE', #236, #251, #2407, .T. ) ;
#236 = VERTEX_POINT ( 'NONE', #2403 ) ;
#237 = ORIENTED_EDGE ( 'NONE', *, *, #238, .F. ) ;
#238 = EDGE_CURVE ( 'NONE', #239, #208, #2402, .T. ) ;
#239 = VERTEX_POINT ( 'NONE', #2398 ) ;
#240 = EDGE_CURVE ( 'NONE', #1570, #1525, #2397, .T. ) ;
#241 = ORIENTED_EDGE ( 'NONE', *, *, #1527, .F. ) ;
#242 = ADVANCED_FACE ( 'NONE', ( #2392, #2391 ), #2390, .T. ) ;
#243 = EDGE_LOOP ( 'NONE', ( #237, #203, #234, #199 ) ) ;
#244 = EDGE_CURVE ( 'NONE', #1696, #359, #2452, .T. ) ;
#245 = ORIENTED_EDGE ( 'NONE', *, *, #6165, .T. ) ;
#246 = ORIENTED_EDGE ( 'NONE', *, *, #977, .F. ) ;
#247 = ORIENTED_EDGE ( 'NONE', *, *, #1468, .F. ) ;
#248 = ORIENTED_EDGE ( 'NONE', *, *, #52, .F. ) ;
#249 = ORIENTED_EDGE ( 'NONE', *, *, #1132, .T. ) ;
#250 = ORIENTED_EDGE ( 'NONE', *, *, #297, .F. ) ;
#251 = VERTEX_POINT ( 'NONE', #2448 ) ;
#252 = EDGE_CURVE ( 'NONE', #253, #259, #2447, .T. ) ;
#253 = VERTEX_POINT ( 'NONE', #2443 ) ;
#254 = EDGE_LOOP ( 'NONE', ( #331, #316, #314, #246, #979, #981, #982, #983, #984, #987, #1049, #1051, #1052, #1054, #1055, #1058, #975, #1037, #1040, #1042 ) ) ;
#255 = ORIENTED_EDGE ( 'NONE', *, *, #252, .F. ) ;
#256 = EDGE_CURVE ( 'NONE', #266, #253, #2440, .T. ) ;
#257 = ADVANCED_FACE ( 'NONE', ( #2436 ), #2435, .T. ) ;
#258 = VERTEX_POINT ( 'NONE', #2430 ) ;
#259 = VERTEX_POINT ( 'NONE', #2429 ) ;
#260 = VERTEX_POINT ( 'NONE', #2428 ) ;
#261 = ORIENTED_EDGE ( 'NONE', *, *, #308, .T. ) ;
#262 = ORIENTED_EDGE ( 'NONE', *, *, #274, .F. ) ;
#263 = ORIENTED_EDGE ( 'NONE', *, *, #264, .T. ) ;
#264 = EDGE_CURVE ( 'NONE', #260, #309, #2427, .T. ) ;
#265 = EDGE_CURVE ( 'NONE', #271, #260, #2423, .T. ) ;
#266 = VERTEX_POINT ( 'NONE', #2419 ) ;
#267 = ORIENTED_EDGE ( 'NONE', *, *, #268, .F. ) ;
#268 = EDGE_CURVE ( 'NONE', #298, #202, #2418, .T. ) ;
#269 = EDGE_LOOP ( 'NONE', ( #276, #278, #267, #250, #200, #323, #255, #332 ) ) ;
#270 = ORIENTED_EDGE ( 'NONE', *, *, #265, .T. ) ;
#271 = VERTEX_POINT ( 'NONE', #2489 ) ;
#272 = ADVANCED_FACE ( 'NONE', ( #2488 ), #2487, .T. ) ;
#273 = EDGE_CURVE ( 'NONE', #210, #202, #2482, .T. ) ;
#274 = EDGE_CURVE ( 'NONE', #271, #306, #2478, .T. ) ;
#275 = ADVANCED_FACE ( 'NONE', ( #2474 ), #2473, .T. ) ;
#276 = ORIENTED_EDGE ( 'NONE', *, *, #277, .F. ) ;
#277 = EDGE_CURVE ( 'NONE', #210, #266, #2467, .T. ) ;
#278 = ORIENTED_EDGE ( 'NONE', *, *, #273, .T. ) ;
#279 = EDGE_LOOP ( 'NONE', ( #270, #263, #261, #262 ) ) ;
#280 = ORIENTED_EDGE ( 'NONE', *, *, #489, .T. ) ;
#281 = ADVANCED_FACE ( 'NONE', ( #2463 ), #2509, .F. ) ;
#282 = ORIENTED_EDGE ( 'NONE', *, *, #678, .F. ) ;
#283 = ORIENTED_EDGE ( 'NONE', *, *, #543, .F. ) ;
#284 = EDGE_LOOP ( 'NONE', ( #1000, #816, #817, #818 ) ) ;
#285 = ORIENTED_EDGE ( 'NONE', *, *, #286, .F. ) ;
#286 = EDGE_CURVE ( 'NONE', #291, #1564, #2504, .T. ) ;
#287 = ORIENTED_EDGE ( 'NONE', *, *, #211, .F. ) ;
#288 = VERTEX_POINT ( 'NONE', #2500 ) ;
#289 = EDGE_CURVE ( 'NONE', #226, #288, #2499, .T. ) ;
#290 = ORIENTED_EDGE ( 'NONE', *, *, #215, .T. ) ;
#291 = VERTEX_POINT ( 'NONE', #2495 ) ;
#292 = ADVANCED_FACE ( 'NONE', ( #2494, #2493, #2492 ), #2491, .T. ) ;
#293 = ORIENTED_EDGE ( 'NONE', *, *, #294, .F. ) ;
#294 = EDGE_CURVE ( 'NONE', #1535, #1532, #2543, .T. ) ;
#295 = ORIENTED_EDGE ( 'NONE', *, *, #1534, .F. ) ;
#296 = ORIENTED_EDGE ( 'NONE', *, *, #297, .T. ) ;
#297 = EDGE_CURVE ( 'NONE', #378, #298, #2538, .T. ) ;
#298 = VERTEX_POINT ( 'NONE', #2534 ) ;
#299 = ORIENTED_EDGE ( 'NONE', *, *, #300, .F. ) ;
#300 = EDGE_CURVE ( 'NONE', #301, #298, #2533, .T. ) ;
#301 = VERTEX_POINT ( 'NONE', #2529 ) ;
#302 = VERTEX_POINT ( 'NONE', #2528 ) ;
#303 = ORIENTED_EDGE ( 'NONE', *, *, #351, .F. ) ;
#304 = EDGE_LOOP ( 'NONE', ( #293, #295 ) ) ;
#305 = EDGE_CURVE ( 'NONE', #1692, #306, #2527, .T. ) ;
#306 = VERTEX_POINT ( 'NONE', #2523 ) ;
#307 = ORIENTED_EDGE ( 'NONE', *, *, #308, .F. ) ;
#308 = EDGE_CURVE ( 'NONE', #309, #306, #2522, .T. ) ;
#309 = VERTEX_POINT ( 'NONE', #2518 ) ;
#310 = EDGE_CURVE ( 'NONE', #375, #372, #2517, .T. ) ;
#311 = ORIENTED_EDGE ( 'NONE', *, *, #373, .F. ) ;
#312 = VERTEX_POINT ( 'NONE', #2578 ) ;
#313 = EDGE_CURVE ( 'NONE', #319, #312, #2577, .T. ) ;
#314 = ORIENTED_EDGE ( 'NONE', *, *, #315, .F. ) ;
#315 = EDGE_CURVE ( 'NONE', #317, #319, #2573, .T. ) ;
#316 = ORIENTED_EDGE ( 'NONE', *, *, #313, .F. ) ;
#317 = VERTEX_POINT ( 'NONE', #2569 ) ;
#318 = EDGE_CURVE ( 'NONE', #312, #1620, #2568, .T. ) ;
#319 = VERTEX_POINT ( 'NONE', #2564 ) ;
#320 = ORIENTED_EDGE ( 'NONE', *, *, #321, .F. ) ;
#321 = EDGE_CURVE ( 'NONE', #328, #301, #2563, .T. ) ;
#322 = EDGE_CURVE ( 'NONE', #258, #259, #2559, .T. ) ;
#323 = ORIENTED_EDGE ( 'NONE', *, *, #322, .T. ) ;
#324 = ORIENTED_EDGE ( 'NONE', *, *, #326, .F. ) ;
#325 = EDGE_CURVE ( 'NONE', #378, #258, #2555, .T. ) ;
#326 = EDGE_CURVE ( 'NONE', #359, #335, #2551, .T. ) ;
#327 = ORIENTED_EDGE ( 'NONE', *, *, #358, .T. ) ;
#328 = VERTEX_POINT ( 'NONE', #2547 ) ;
#329 = EDGE_LOOP ( 'NONE', ( #333, #324, #327, #320 ) ) ;
#330 = ADVANCED_FACE ( 'NONE', ( #2606 ), #2605, .T. ) ;
#331 = ORIENTED_EDGE ( 'NONE', *, *, #318, .F. ) ;
#332 = ORIENTED_EDGE ( 'NONE', *, *, #256, .F. ) ;
#333 = ORIENTED_EDGE ( 'NONE', *, *, #334, .F. ) ;
#334 = EDGE_CURVE ( 'NONE', #335, #328, #2600, .T. ) ;
#335 = VERTEX_POINT ( 'NONE', #2596 ) ;
#336 = ADVANCED_FACE ( 'NONE', ( #2595 ), #2579, .F. ) ;
#337 = EDGE_LOOP ( 'NONE', ( #338, #339, #340, #343, #346, #406 ) ) ;
#338 = ORIENTED_EDGE ( 'NONE', *, *, #1313, .F. ) ;
#339 = ORIENTED_EDGE ( 'NONE', *, *, #420, .T. ) ;
#340 = ORIENTED_EDGE ( 'NONE', *, *, #341, .T. ) ;
#341 = EDGE_CURVE ( 'NONE', #1261, #342, #2634, .T. ) ;
#342 = VERTEX_POINT ( 'NONE', #2630 ) ;
#343 = ORIENTED_EDGE ( 'NONE', *, *, #344, .F. ) ;
#344 = EDGE_CURVE ( 'NONE', #345, #342, #2628, .T. ) ;
#345 = VERTEX_POINT ( 'NONE', #2624 ) ;
#346 = ORIENTED_EDGE ( 'NONE', *, *, #347, .T. ) ;
#347 = EDGE_CURVE ( 'NONE', #345, #1652, #2623, .T. ) ;
#348 = VERTEX_POINT ( 'NONE', #2619 ) ;
#349 = EDGE_CURVE ( 'NONE', #209, #1485, #2618, .T. ) ;
#350 = EDGE_CURVE ( 'NONE', #348, #1675, #2614, .T. ) ;
#351 = EDGE_CURVE ( 'NONE', #1298, #365, #2610, .T. ) ;
#352 = ORIENTED_EDGE ( 'NONE', *, *, #1300, .F. ) ;
#353 = EDGE_CURVE ( 'NONE', #372, #302, #2667, .T. ) ;
#354 = ORIENTED_EDGE ( 'NONE', *, *, #363, .F. ) ;
#355 = ORIENTED_EDGE ( 'NONE', *, *, #305, .T. ) ;
#356 = EDGE_LOOP ( 'NONE', ( #354, #303, #352, #369 ) ) ;
#357 = ORIENTED_EDGE ( 'NONE', *, *, #358, .F. ) ;
#358 = EDGE_CURVE ( 'NONE', #359, #301, #2663, .T. ) ;
#359 = VERTEX_POINT ( 'NONE', #2659 ) ;
#360 = ORIENTED_EDGE ( 'NONE', *, *, #361, .F. ) ;
#361 = EDGE_CURVE ( 'NONE', #366, #375, #2657, .T. ) ;
#362 = ADVANCED_FACE ( 'NONE', ( #2653 ), #2701, .F. ) ;
#363 = EDGE_CURVE ( 'NONE', #365, #367, #2696, .T. ) ;
#364 = VERTEX_POINT ( 'NONE', #2692 ) ;
#365 = VERTEX_POINT ( 'NONE', #2691 ) ;
#366 = VERTEX_POINT ( 'NONE', #2690 ) ;
#367 = VERTEX_POINT ( 'NONE', #2689 ) ;
#368 = EDGE_CURVE ( 'NONE', #364, #197, #2688, .T. ) ;
#369 = ORIENTED_EDGE ( 'NONE', *, *, #370, .T. ) ;
#370 = EDGE_CURVE ( 'NONE', #1307, #367, #2684, .T. ) ;
#371 = EDGE_LOOP ( 'NONE', ( #355, #307, #376, #296, #299, #357, #205, #204 ) ) ;
#372 = VERTEX_POINT ( 'NONE', #2680 ) ;
#373 = EDGE_CURVE ( 'NONE', #302, #366, #2679, .T. ) ;
#374 = ORIENTED_EDGE ( 'NONE', *, *, #353, .F. ) ;
#375 = VERTEX_POINT ( 'NONE', #2675 ) ;
#376 = ORIENTED_EDGE ( 'NONE', *, *, #377, .T. ) ;
#377 = EDGE_CURVE ( 'NONE', #309, #378, #2673, .T. ) ;
#378 = VERTEX_POINT ( 'NONE', #2669 ) ;
#379 = ORIENTED_EDGE ( 'NONE', *, *, #310, .F. ) ;
#380 = VERTEX_POINT ( 'NONE', #2668 ) ;
#381 = ORIENTED_EDGE ( 'NONE', *, *, #382, .T. ) ;
#382 = EDGE_CURVE ( 'NONE', #380, #383, #2728, .T. ) ;
#383 = VERTEX_POINT ( 'NONE', #2724 ) ;
#384 = ORIENTED_EDGE ( 'NONE', *, *, #385, .T. ) ;
#385 = EDGE_CURVE ( 'NONE', #383, #403, #2722, .T. ) ;
#386 = ADVANCED_FACE ( 'NONE', ( #2718 ), #2703, .F. ) ;
#387 = EDGE_LOOP ( 'NONE', ( #388, #390, #391, #448 ) ) ;
#388 = ORIENTED_EDGE ( 'NONE', *, *, #389, .T. ) ;
#389 = EDGE_CURVE ( 'NONE', #383, #1469, #2753, .T. ) ;
#390 = ORIENTED_EDGE ( 'NONE', *, *, #1444, .T. ) ;
#391 = ORIENTED_EDGE ( 'NONE', *, *, #447, .F. ) ;
#392 = ORIENTED_EDGE ( 'NONE', *, *, #1339, .F. ) ;
#393 = ADVANCED_FACE ( 'NONE', ( #2749 ), #2734, .F. ) ;
#394 = ORIENTED_EDGE ( 'NONE', *, *, #1260, .F. ) ;
#395 = ORIENTED_EDGE ( 'NONE', *, *, #418, .F. ) ;
#396 = ORIENTED_EDGE ( 'NONE', *, *, #397, .F. ) ;
#397 = EDGE_CURVE ( 'NONE', #342, #416, #2787, .T. ) ;
#398 = ORIENTED_EDGE ( 'NONE', *, *, #341, .F. ) ;
#399 = ADVANCED_FACE ( 'NONE', ( #2783 ), #2768, .T. ) ;
#400 = EDGE_LOOP ( 'NONE', ( #401, #405, #381, #384 ) ) ;
#401 = ORIENTED_EDGE ( 'NONE', *, *, #402, .T. ) ;
#402 = EDGE_CURVE ( 'NONE', #403, #404, #2763, .T. ) ;
#403 = VERTEX_POINT ( 'NONE', #2759 ) ;
#404 = VERTEX_POINT ( 'NONE', #2758 ) ;
#405 = ORIENTED_EDGE ( 'NONE', *, *, #460, .T. ) ;
#406 = ORIENTED_EDGE ( 'NONE', *, *, #1727, .F. ) ;
#407 = ADVANCED_FACE ( 'NONE', ( #2814 ), #2798, .F. ) ;
#408 = EDGE_LOOP ( 'NONE', ( #409, #410, #411, #414, #417, #392 ) ) ;
#409 = ORIENTED_EDGE ( 'NONE', *, *, #1315, .F. ) ;
#410 = ORIENTED_EDGE ( 'NONE', *, *, #1722, .T. ) ;
#411 = ORIENTED_EDGE ( 'NONE', *, *, #412, .F. ) ;
#412 = EDGE_CURVE ( 'NONE', #413, #1651, #2793, .T. ) ;
#413 = VERTEX_POINT ( 'NONE', #2789 ) ;
#414 = ORIENTED_EDGE ( 'NONE', *, *, #415, .F. ) ;
#415 = EDGE_CURVE ( 'NONE', #416, #413, #2788, .T. ) ;
#416 = VERTEX_POINT ( 'NONE', #2849 ) ;
#417 = ORIENTED_EDGE ( 'NONE', *, *, #418, .T. ) ;
#418 = EDGE_CURVE ( 'NONE', #416, #1258, #2848, .T. ) ;
#419 = EDGE_LOOP ( 'NONE', ( #394, #395, #396, #398 ) ) ;
#420 = EDGE_CURVE ( 'NONE', #1329, #1261, #2844, .T. ) ;
#421 = EDGE_CURVE ( 'NONE', #1304, #422, #2840, .T. ) ;
#422 = VERTEX_POINT ( 'NONE', #2836 ) ;
#423 = ORIENTED_EDGE ( 'NONE', *, *, #424, .T. ) ;
#424 = EDGE_CURVE ( 'NONE', #422, #425, #2835, .T. ) ;
#425 = VERTEX_POINT ( 'NONE', #2831 ) ;
#426 = ORIENTED_EDGE ( 'NONE', *, *, #427, .F. ) ;
#427 = EDGE_CURVE ( 'NONE', #1364, #425, #2829, .T. ) ;
#428 = ADVANCED_FACE ( 'NONE', ( #2825 ), #2874, .F. ) ;
#429 = EDGE_LOOP ( 'NONE', ( #430, #431, #433, #97, #103, #93 ) ) ;
#430 = ORIENTED_EDGE ( 'NONE', *, *, #1363, .F. ) ;
#431 = ORIENTED_EDGE ( 'NONE', *, *, #427, .T. ) ;
#432 = ORIENTED_EDGE ( 'NONE', *, *, #436, .T. ) ;
#433 = ORIENTED_EDGE ( 'NONE', *, *, #100, .T. ) ;
#434 = ORIENTED_EDGE ( 'NONE', *, *, #1431, .T. ) ;
#435 = ORIENTED_EDGE ( 'NONE', *, *, #452, .F. ) ;
#437 = ORIENTED_EDGE ( 'NONE', *, *, #460, .F. ) ;
#436 = EDGE_CURVE ( 'NONE', #197, #6183, #2868, .T. ) ;
#438 = ADVANCED_FACE ( 'NONE', ( #2864 ), #2898, .F. ) ;
#439 = EDGE_LOOP ( 'NONE', ( #440, #441, #442, #443 ) ) ;
#440 = ORIENTED_EDGE ( 'NONE', *, *, #447, .T. ) ;
#441 = ORIENTED_EDGE ( 'NONE', *, *, #1456, .T. ) ;
#442 = ORIENTED_EDGE ( 'NONE', *, *, #459, .F. ) ;
#443 = ORIENTED_EDGE ( 'NONE', *, *, #402, .F. ) ;
#444 = ADVANCED_FACE ( 'NONE', ( #2892 ), #2927, .F. ) ;
#445 = EDGE_LOOP ( 'NONE', ( #446, #192, #423, #426 ) ) ;
#446 = ORIENTED_EDGE ( 'NONE', *, *, #1365, .F. ) ;
#447 = EDGE_CURVE ( 'NONE', #403, #1457, #2921, .T. ) ;
#448 = ORIENTED_EDGE ( 'NONE', *, *, #385, .F. ) ;
#449 = ADVANCED_FACE ( 'NONE', ( #2917 ), #2955, .F. ) ;
#450 = EDGE_LOOP ( 'NONE', ( #451, #453, #454, #455 ) ) ;
#451 = ORIENTED_EDGE ( 'NONE', *, *, #452, .T. ) ;
#452 = EDGE_CURVE ( 'NONE', #380, #1326, #2949, .T. ) ;
#453 = ORIENTED_EDGE ( 'NONE', *, *, #1471, .T. ) ;
#454 = ORIENTED_EDGE ( 'NONE', *, *, #389, .F. ) ;
#455 = ORIENTED_EDGE ( 'NONE', *, *, #382, .F. ) ;
#456 = ADVANCED_FACE ( 'NONE', ( #2945 ), #2930, .F. ) ;
#457 = EDGE_LOOP ( 'NONE', ( #458, #434, #435, #437 ) ) ;
#458 = ORIENTED_EDGE ( 'NONE', *, *, #459, .T. ) ;
#459 = EDGE_CURVE ( 'NONE', #404, #1442, #2989, .T. ) ;
#460 = EDGE_CURVE ( 'NONE', #404, #380, #2985, .T. ) ;
#461 = ORIENTED_EDGE ( 'NONE', *, *, #515, .F. ) ;
#462 = ORIENTED_EDGE ( 'NONE', *, *, #463, .T. ) ;
#463 = EDGE_CURVE ( 'NONE', #481, #488, #2981, .T. ) ;
#464 = ORIENTED_EDGE ( 'NONE', *, *, #465, .F. ) ;
#465 = EDGE_CURVE ( 'NONE', #466, #488, #2977, .T. ) ;
#466 = VERTEX_POINT ( 'NONE', #2973 ) ;
#467 = ORIENTED_EDGE ( 'NONE', *, *, #468, .T. ) ;
#468 = EDGE_CURVE ( 'NONE', #466, #1603, #2971, .T. ) ;
#469 = ORIENTED_EDGE ( 'NONE', *, *, #1604, .F. ) ;
#470 = ADVANCED_FACE ( 'NONE', ( #2967 ), #3017, .F. ) ;
#471 = EDGE_LOOP ( 'NONE', ( #472, #473, #474, #532, #535, #537 ) ) ;
#472 = ORIENTED_EDGE ( 'NONE', *, *, #994, .F. ) ;
#473 = ORIENTED_EDGE ( 'NONE', *, *, #1654, .T. ) ;
#474 = ORIENTED_EDGE ( 'NONE', *, *, #530, .F. ) ;
#475 = ORIENTED_EDGE ( 'NONE', *, *, #992, .F. ) ;
#476 = ORIENTED_EDGE ( 'NONE', *, *, #477, .T. ) ;
#477 = EDGE_CURVE ( 'NONE', #991, #478, #3012, .T. ) ;
#478 = VERTEX_POINT ( 'NONE', #3008 ) ;
#479 = ORIENTED_EDGE ( 'NONE', *, *, #480, .T. ) ;
#480 = EDGE_CURVE ( 'NONE', #478, #481, #3007, .T. ) ;
#481 = VERTEX_POINT ( 'NONE', #3003 ) ;
#482 = ORIENTED_EDGE ( 'NONE', *, *, #483, .F. ) ;
#483 = EDGE_CURVE ( 'NONE', #993, #481, #3001, .T. ) ;
#484 = ADVANCED_FACE ( 'NONE', ( #2997 ), #3041, .F. ) ;
#485 = EDGE_LOOP ( 'NONE', ( #486, #487, #462, #464, #467, #469 ) ) ;
#486 = ORIENTED_EDGE ( 'NONE', *, *, #1498, .F. ) ;
#487 = ORIENTED_EDGE ( 'NONE', *, *, #483, .T. ) ;
#488 = VERTEX_POINT ( 'NONE', #3036 ) ;
#489 = EDGE_CURVE ( 'NONE', #364, #1427, #3034, .T. ) ;
#490 = ORIENTED_EDGE ( 'NONE', *, *, #1417, .T. ) ;
#491 = ORIENTED_EDGE ( 'NONE', *, *, #2629, .F. ) ;
#492 = ORIENTED_EDGE ( 'NONE', *, *, #368, .F. ) ;
#493 = ADVANCED_FACE ( 'NONE', ( #3030 ), #3070, .F. ) ;
#494 = EDGE_LOOP ( 'NONE', ( #495, #496, #497, #498 ) ) ;
#495 = ORIENTED_EDGE ( 'NONE', *, *, #3582, .T. ) ;
#496 = ORIENTED_EDGE ( 'NONE', *, *, #1424, .T. ) ;
#497 = ORIENTED_EDGE ( 'NONE', *, *, #489, .F. ) ;
#498 = ORIENTED_EDGE ( 'NONE', *, *, #190, .F. ) ;
#499 = ADVANCED_FACE ( 'NONE', ( #3064 ), #3102, .F. ) ;
#500 = EDGE_LOOP ( 'NONE', ( #475, #476, #479, #482 ) ) ;
#501 = EDGE_CURVE ( 'NONE', #6183, #1413, #3097, .T. ) ;
#502 = ORIENTED_EDGE ( 'NONE', *, *, #503, .T. ) ;
#503 = EDGE_CURVE ( 'NONE', #528, #521, #3092, .T. ) ;
#504 = ADVANCED_FACE ( 'NONE', ( #3088 ), #3131, .F. ) ;
#505 = ORIENTED_EDGE ( 'NONE', *, *, #506, .T. ) ;
#506 = EDGE_CURVE ( 'NONE', #528, #1472, #3126, .T. ) ;
#507 = ORIENTED_EDGE ( 'NONE', *, *, #1395, .T. ) ;
#508 = ORIENTED_EDGE ( 'NONE', *, *, #509, .F. ) ;
#509 = EDGE_CURVE ( 'NONE', #521, #1509, #3121, .T. ) ;
#510 = ORIENTED_EDGE ( 'NONE', *, *, #503, .F. ) ;
#511 = ADVANCED_FACE ( 'NONE', ( #3117 ), #3159, .F. ) ;
#512 = EDGE_LOOP ( 'NONE', ( #513, #569, #570, #571 ) ) ;
#513 = ORIENTED_EDGE ( 'NONE', *, *, #514, .T. ) ;
#514 = EDGE_CURVE ( 'NONE', #525, #1504, #3154, .T. ) ;
#515 = EDGE_CURVE ( 'NONE', #488, #534, #3149, .T. ) ;
#516 = ORIENTED_EDGE ( 'NONE', *, *, #463, .F. ) ;
#517 = ADVANCED_FACE ( 'NONE', ( #3145 ), #3185, .T. ) ;
#518 = EDGE_LOOP ( 'NONE', ( #519, #523, #526, #502 ) ) ;
#519 = ORIENTED_EDGE ( 'NONE', *, *, #520, .T. ) ;
#520 = EDGE_CURVE ( 'NONE', #521, #522, #3180, .T. ) ;
#521 = VERTEX_POINT ( 'NONE', #3176 ) ;
#522 = VERTEX_POINT ( 'NONE', #3175 ) ;
#523 = ORIENTED_EDGE ( 'NONE', *, *, #524, .T. ) ;
#524 = EDGE_CURVE ( 'NONE', #522, #525, #3174, .T. ) ;
#525 = VERTEX_POINT ( 'NONE', #3170 ) ;
#526 = ORIENTED_EDGE ( 'NONE', *, *, #527, .T. ) ;
#527 = EDGE_CURVE ( 'NONE', #525, #528, #3169, .T. ) ;
#528 = VERTEX_POINT ( 'NONE', #3165 ) ;
#529 = EDGE_LOOP ( 'NONE', ( #505, #507, #508, #510 ) ) ;
#530 = EDGE_CURVE ( 'NONE', #531, #1663, #3164, .T. ) ;
#531 = VERTEX_POINT ( 'NONE', #3213 ) ;
#532 = ORIENTED_EDGE ( 'NONE', *, *, #533, .F. ) ;
#533 = EDGE_CURVE ( 'NONE', #534, #531, #3212, .T. ) ;
#534 = VERTEX_POINT ( 'NONE', #3208 ) ;
#535 = ORIENTED_EDGE ( 'NONE', *, *, #536, .T. ) ;
#536 = EDGE_CURVE ( 'NONE', #534, #478, #3206, .T. ) ;
#537 = ORIENTED_EDGE ( 'NONE', *, *, #477, .F. ) ;
#538 = ADVANCED_FACE ( 'NONE', ( #3202 ), #3243, .F. ) ;
#539 = EDGE_LOOP ( 'NONE', ( #540, #541, #461, #516 ) ) ;
#540 = ORIENTED_EDGE ( 'NONE', *, *, #480, .F. ) ;
#541 = ORIENTED_EDGE ( 'NONE', *, *, #536, .F. ) ;
#542 = EDGE_LOOP ( 'NONE', ( #598, #599, #600, #602 ) ) ;
#543 = EDGE_CURVE ( 'NONE', #1370, #568, #3237, .T. ) ;
#544 = ADVANCED_FACE ( 'NONE', ( #3233 ), #3218, .F. ) ;
#545 = EDGE_LOOP ( 'NONE', ( #546, #547, #548, #551, #554, #610 ) ) ;
#546 = ORIENTED_EDGE ( 'NONE', *, *, #1359, .F. ) ;
#547 = ORIENTED_EDGE ( 'NONE', *, *, #543, .T. ) ;
#548 = ORIENTED_EDGE ( 'NONE', *, *, #549, .T. ) ;
#549 = EDGE_CURVE ( 'NONE', #568, #550, #3272, .T. ) ;
#550 = VERTEX_POINT ( 'NONE', #3268 ) ;
#551 = ORIENTED_EDGE ( 'NONE', *, *, #552, .F. ) ;
#552 = EDGE_CURVE ( 'NONE', #553, #550, #3267, .T. ) ;
#553 = VERTEX_POINT ( 'NONE', #3263 ) ;
#554 = ORIENTED_EDGE ( 'NONE', *, *, #555, .T. ) ;
#555 = EDGE_CURVE ( 'NONE', #553, #1552, #3261, .T. ) ;
#556 = ORIENTED_EDGE ( 'NONE', *, *, #509, .T. ) ;
#557 = ORIENTED_EDGE ( 'NONE', *, *, #1508, .T. ) ;
#558 = ORIENTED_EDGE ( 'NONE', *, *, #575, .F. ) ;
#559 = ORIENTED_EDGE ( 'NONE', *, *, #520, .F. ) ;
#560 = ADVANCED_FACE ( 'NONE', ( #3257 ), #3303, .F. ) ;
#561 = EDGE_LOOP ( 'NONE', ( #562, #563, #566, #283 ) ) ;
#562 = ORIENTED_EDGE ( 'NONE', *, *, #1369, .F. ) ;
#563 = ORIENTED_EDGE ( 'NONE', *, *, #564, .T. ) ;
#564 = EDGE_CURVE ( 'NONE', #1381, #565, #3298, .T. ) ;
#565 = VERTEX_POINT ( 'NONE', #3294 ) ;
#566 = ORIENTED_EDGE ( 'NONE', *, *, #567, .T. ) ;
#567 = EDGE_CURVE ( 'NONE', #565, #568, #3293, .T. ) ;
#568 = VERTEX_POINT ( 'NONE', #3289 ) ;
#569 = ORIENTED_EDGE ( 'NONE', *, *, #1503, .T. ) ;
#570 = ORIENTED_EDGE ( 'NONE', *, *, #506, .F. ) ;
#571 = ORIENTED_EDGE ( 'NONE', *, *, #527, .F. ) ;
#572 = ADVANCED_FACE ( 'NONE', ( #3288 ), #3329, .F. ) ;
#573 = EDGE_LOOP ( 'NONE', ( #574, #576, #577, #578 ) ) ;
#574 = ORIENTED_EDGE ( 'NONE', *, *, #575, .T. ) ;
#575 = EDGE_CURVE ( 'NONE', #522, #1505, #3323, .T. ) ;
#576 = ORIENTED_EDGE ( 'NONE', *, *, #1500, .T. ) ;
#577 = ORIENTED_EDGE ( 'NONE', *, *, #514, .F. ) ;
#578 = ORIENTED_EDGE ( 'NONE', *, *, #524, .F. ) ;
#579 = ADVANCED_FACE ( 'NONE', ( #3319 ), #3366, .F. ) ;
#580 = EDGE_LOOP ( 'NONE', ( #556, #557, #558, #559 ) ) ;
#581 = ORIENTED_EDGE ( 'NONE', *, *, #582, .T. ) ;
#582 = EDGE_CURVE ( 'NONE', #608, #1345, #3361, .T. ) ;
#583 = EDGE_CURVE ( 'NONE', #608, #584, #3357, .T. ) ;
#584 = VERTEX_POINT ( 'NONE', #3353 ) ;
#585 = ORIENTED_EDGE ( 'NONE', *, *, #586, .T. ) ;
#586 = EDGE_CURVE ( 'NONE', #584, #587, #3351, .T. ) ;
#587 = VERTEX_POINT ( 'NONE', #3347 ) ;
#588 = ORIENTED_EDGE ( 'NONE', *, *, #589, .T. ) ;
#589 = EDGE_CURVE ( 'NONE', #587, #607, #3345, .T. ) ;
#590 = ADVANCED_FACE ( 'NONE', ( #3341 ), #3388, .F. ) ;
#591 = EDGE_LOOP ( 'NONE', ( #592, #594, #595, #652 ) ) ;
#592 = ORIENTED_EDGE ( 'NONE', *, *, #593, .T. ) ;
#593 = EDGE_CURVE ( 'NONE', #587, #1414, #3382, .T. ) ;
#594 = ORIENTED_EDGE ( 'NONE', *, *, #1419, .T. ) ;
#595 = ORIENTED_EDGE ( 'NONE', *, *, #651, .F. ) ;
#596 = ORIENTED_EDGE ( 'NONE', *, *, #564, .F. ) ;
#597 = ADVANCED_FACE ( 'NONE', ( #3378 ), #3416, .F. ) ;
#598 = ORIENTED_EDGE ( 'NONE', *, *, #567, .F. ) ;
#599 = ORIENTED_EDGE ( 'NONE', *, *, #622, .F. ) ;
#600 = ORIENTED_EDGE ( 'NONE', *, *, #601, .F. ) ;
#601 = EDGE_CURVE ( 'NONE', #550, #620, #3410, .T. ) ;
#602 = ORIENTED_EDGE ( 'NONE', *, *, #549, .F. ) ;
#603 = ADVANCED_FACE ( 'NONE', ( #3406 ), #3445, .T. ) ;
#604 = EDGE_LOOP ( 'NONE', ( #605, #609, #585, #588 ) ) ;
#605 = ORIENTED_EDGE ( 'NONE', *, *, #606, .T. ) ;
#606 = EDGE_CURVE ( 'NONE', #607, #608, #3440, .T. ) ;
#607 = VERTEX_POINT ( 'NONE', #3436 ) ;
#608 = VERTEX_POINT ( 'NONE', #3435 ) ;
#609 = ORIENTED_EDGE ( 'NONE', *, *, #583, .T. ) ;
#610 = ORIENTED_EDGE ( 'NONE', *, *, #1720, .F. ) ;
#611 = ADVANCED_FACE ( 'NONE', ( #3434 ), #3475, .F. ) ;
#612 = EDGE_LOOP ( 'NONE', ( #613, #614, #615, #618, #621, #596 ) ) ;
#613 = ORIENTED_EDGE ( 'NONE', *, *, #1380, .F. ) ;
#614 = ORIENTED_EDGE ( 'NONE', *, *, #1554, .T. ) ;
#615 = ORIENTED_EDGE ( 'NONE', *, *, #616, .F. ) ;
#616 = EDGE_CURVE ( 'NONE', #617, #1547, #3470, .T. ) ;
#617 = VERTEX_POINT ( 'NONE', #3466 ) ;
#618 = ORIENTED_EDGE ( 'NONE', *, *, #619, .F. ) ;
#619 = EDGE_CURVE ( 'NONE', #620, #617, #3465, .T. ) ;
#620 = VERTEX_POINT ( 'NONE', #3461 ) ;
#621 = ORIENTED_EDGE ( 'NONE', *, *, #622, .T. ) ;
#622 = EDGE_CURVE ( 'NONE', #620, #565, #3460, .T. ) ;
#623 = ORIENTED_EDGE ( 'NONE', *, *, #1697, .F. ) ;
#624 = ORIENTED_EDGE ( 'NONE', *, *, #1479, .T. ) ;
#625 = ORIENTED_EDGE ( 'NONE', *, *, #349, .F. ) ;
#626 = ORIENTED_EDGE ( 'NONE', *, *, #627, .T. ) ;
#627 = EDGE_CURVE ( 'NONE', #1686, #628, #3456, .T. ) ;
#628 = VERTEX_POINT ( 'NONE', #3452 ) ;
#629 = ORIENTED_EDGE ( 'NONE', *, *, #630, .T. ) ;
#630 = EDGE_CURVE ( 'NONE', #628, #631, #3451, .T. ) ;
#631 = VERTEX_POINT ( 'NONE', #3447 ) ;
#632 = ORIENTED_EDGE ( 'NONE', *, *, #633, .F. ) ;
#633 = EDGE_CURVE ( 'NONE', #1691, #631, #3507, .T. ) ;
#634 = ADVANCED_FACE ( 'NONE', ( #3503 ), #3488, .F. ) ;
#635 = EDGE_LOOP ( 'NONE', ( #636, #637, #638, #694, #697, #699 ) ) ;
#636 = ORIENTED_EDGE ( 'NONE', *, *, #998, .F. ) ;
#637 = ORIENTED_EDGE ( 'NONE', *, *, #633, .T. ) ;
#638 = ORIENTED_EDGE ( 'NONE', *, *, #692, .T. ) ;
#639 = ORIENTED_EDGE ( 'NONE', *, *, #1404, .T. ) ;
#640 = ORIENTED_EDGE ( 'NONE', *, *, #656, .F. ) ;
#641 = ORIENTED_EDGE ( 'NONE', *, *, #583, .F. ) ;
#642 = ADVANCED_FACE ( 'NONE', ( #3482 ), #3526, .F. ) ;
#643 = EDGE_LOOP ( 'NONE', ( #644, #645, #646, #647 ) ) ;
#644 = ORIENTED_EDGE ( 'NONE', *, *, #651, .T. ) ;
#645 = ORIENTED_EDGE ( 'NONE', *, *, #1349, .T. ) ;
#646 = ORIENTED_EDGE ( 'NONE', *, *, #582, .F. ) ;
#647 = ORIENTED_EDGE ( 'NONE', *, *, #606, .F. ) ;
#648 = ADVANCED_FACE ( 'NONE', ( #3520 ), #3558, .F. ) ;
#649 = EDGE_LOOP ( 'NONE', ( #650, #626, #629, #632 ) ) ;
#650 = ORIENTED_EDGE ( 'NONE', *, *, #1690, .F. ) ;
#651 = EDGE_CURVE ( 'NONE', #607, #1350, #3552, .T. ) ;
#652 = ORIENTED_EDGE ( 'NONE', *, *, #589, .F. ) ;
#653 = ADVANCED_FACE ( 'NONE', ( #3548 ), #3587, .F. ) ;
#654 = EDGE_LOOP ( 'NONE', ( #655, #657, #658, #659 ) ) ;
#655 = ORIENTED_EDGE ( 'NONE', *, *, #656, .T. ) ;
#656 = EDGE_CURVE ( 'NONE', #584, #1420, #3580, .T. ) ;
#657 = ORIENTED_EDGE ( 'NONE', *, *, #1428, .T. ) ;
#658 = ORIENTED_EDGE ( 'NONE', *, *, #593, .F. ) ;
#659 = ORIENTED_EDGE ( 'NONE', *, *, #586, .F. ) ;
#660 = ADVANCED_FACE ( 'NONE', ( #3576 ), #3624, .F. ) ;
#661 = EDGE_LOOP ( 'NONE', ( #581, #639, #640, #641 ) ) ;
#662 = ORIENTED_EDGE ( 'NONE', *, *, #373, .T. ) ;
#663 = ORIENTED_EDGE ( 'NONE', *, *, #731, .F. ) ;
#664 = ORIENTED_EDGE ( 'NONE', *, *, #665, .T. ) ;
#665 = EDGE_CURVE ( 'NONE', #666, #667, #3619, .T. ) ;
#666 = VERTEX_POINT ( 'NONE', #3615 ) ;
#667 = VERTEX_POINT ( 'NONE', #3614 ) ;
#668 = ORIENTED_EDGE ( 'NONE', *, *, #669, .T. ) ;
#669 = EDGE_CURVE ( 'NONE', #667, #670, #3613, .T. ) ;
#670 = VERTEX_POINT ( 'NONE', #3609 ) ;
#671 = ORIENTED_EDGE ( 'NONE', *, *, #672, .T. ) ;
#672 = EDGE_CURVE ( 'NONE', #670, #673, #3608, .T. ) ;
#673 = VERTEX_POINT ( 'NONE', #3604 ) ;
#674 = ORIENTED_EDGE ( 'NONE', *, *, #675, .T. ) ;
#675 = EDGE_CURVE ( 'NONE', #673, #666, #3602, .T. ) ;
#676 = ADVANCED_FACE ( 'NONE', ( #3598 ), #3649, .F. ) ;
#677 = EDGE_LOOP ( 'NONE', ( #730, #732, #733, #735 ) ) ;
#678 = EDGE_CURVE ( 'NONE', #679, #209, #3644, .T. ) ;
#679 = VERTEX_POINT ( 'NONE', #3640 ) ;
#680 = ORIENTED_EDGE ( 'NONE', *, *, #681, .T. ) ;
#681 = EDGE_CURVE ( 'NONE', #679, #628, #3638, .T. ) ;
#682 = ORIENTED_EDGE ( 'NONE', *, *, #627, .F. ) ;
#683 = ADVANCED_FACE ( 'NONE', ( #3634 ), #3674, .F. ) ;
#684 = EDGE_LOOP ( 'NONE', ( #685, #686, #687, #689 ) ) ;
#685 = ORIENTED_EDGE ( 'NONE', *, *, #630, .F. ) ;
#686 = ORIENTED_EDGE ( 'NONE', *, *, #681, .F. ) ;
#687 = ORIENTED_EDGE ( 'NONE', *, *, #688, .F. ) ;
#688 = EDGE_CURVE ( 'NONE', #693, #679, #3668, .T. ) ;
#689 = ORIENTED_EDGE ( 'NONE', *, *, #692, .F. ) ;
#690 = ADVANCED_FACE ( 'NONE', ( #3664 ), #3705, .T. ) ;
#691 = EDGE_LOOP ( 'NONE', ( #664, #668, #671, #674 ) ) ;
#692 = EDGE_CURVE ( 'NONE', #631, #693, #3700, .T. ) ;
#693 = VERTEX_POINT ( 'NONE', #3696 ) ;
#694 = ORIENTED_EDGE ( 'NONE', *, *, #695, .F. ) ;
#695 = EDGE_CURVE ( 'NONE', #696, #693, #3695, .T. ) ;
#696 = VERTEX_POINT ( 'NONE', #3691 ) ;
#697 = ORIENTED_EDGE ( 'NONE', *, *, #698, .T. ) ;
#698 = EDGE_CURVE ( 'NONE', #696, #1486, #3689, .T. ) ;
#699 = ORIENTED_EDGE ( 'NONE', *, *, #1490, .F. ) ;
#700 = ADVANCED_FACE ( 'NONE', ( #3685 ), #3727, .F. ) ;
#701 = EDGE_LOOP ( 'NONE', ( #623, #624, #625, #282, #680, #682 ) ) ;
#702 = EDGE_LOOP ( 'NONE', ( #756, #757, #758, #761, #764, #766 ) ) ;
#703 = ORIENTED_EDGE ( 'NONE', *, *, #722, .F. ) ;
#704 = ORIENTED_EDGE ( 'NONE', *, *, #665, .F. ) ;
#705 = ADVANCED_FACE ( 'NONE', ( #3721 ), #3765, .F. ) ;
#706 = EDGE_LOOP ( 'NONE', ( #707, #708, #711, #714 ) ) ;
#707 = ORIENTED_EDGE ( 'NONE', *, *, #1357, .F. ) ;
#708 = ORIENTED_EDGE ( 'NONE', *, *, #709, .T. ) ;
#709 = EDGE_CURVE ( 'NONE', #1342, #710, #3760, .T. ) ;
#710 = VERTEX_POINT ( 'NONE', #3756 ) ;
#711 = ORIENTED_EDGE ( 'NONE', *, *, #712, .T. ) ;
#712 = EDGE_CURVE ( 'NONE', #710, #713, #3755, .T. ) ;
#713 = VERTEX_POINT ( 'NONE', #3751 ) ;
#714 = ORIENTED_EDGE ( 'NONE', *, *, #715, .F. ) ;
#715 = EDGE_CURVE ( 'NONE', #1358, #713, #3749, .T. ) ;
#716 = ADVANCED_FACE ( 'NONE', ( #3745 ), #3786, .F. ) ;
#717 = EDGE_LOOP ( 'NONE', ( #769, #770, #771, #774, #777, #779 ) ) ;
#718 = ORIENTED_EDGE ( 'NONE', *, *, #672, .F. ) ;
#719 = ADVANCED_FACE ( 'NONE', ( #3780 ), #3815, .F. ) ;
#720 = EDGE_LOOP ( 'NONE', ( #721, #723, #724, #725 ) ) ;
#721 = ORIENTED_EDGE ( 'NONE', *, *, #722, .T. ) ;
#722 = EDGE_CURVE ( 'NONE', #667, #372, #3809, .T. ) ;
#723 = ORIENTED_EDGE ( 'NONE', *, *, #353, .T. ) ;
#724 = ORIENTED_EDGE ( 'NONE', *, *, #739, .F. ) ;
#725 = ORIENTED_EDGE ( 'NONE', *, *, #669, .F. ) ;
#726 = ADVANCED_FACE ( 'NONE', ( #3805 ), #3845, .F. ) ;
#727 = EDGE_LOOP ( 'NONE', ( #728, #729, #703, #704 ) ) ;
#728 = ORIENTED_EDGE ( 'NONE', *, *, #734, .T. ) ;
#729 = ORIENTED_EDGE ( 'NONE', *, *, #310, .T. ) ;
#730 = ORIENTED_EDGE ( 'NONE', *, *, #731, .T. ) ;
#731 = EDGE_CURVE ( 'NONE', #673, #366, #3840, .T. ) ;
#732 = ORIENTED_EDGE ( 'NONE', *, *, #361, .T. ) ;
#733 = ORIENTED_EDGE ( 'NONE', *, *, #734, .F. ) ;
#734 = EDGE_CURVE ( 'NONE', #666, #375, #3835, .T. ) ;
#735 = ORIENTED_EDGE ( 'NONE', *, *, #675, .F. ) ;
#736 = ADVANCED_FACE ( 'NONE', ( #3831 ), #3874, .F. ) ;
#737 = EDGE_LOOP ( 'NONE', ( #738, #662, #663, #718 ) ) ;
#738 = ORIENTED_EDGE ( 'NONE', *, *, #739, .T. ) ;
#739 = EDGE_CURVE ( 'NONE', #670, #302, #3869, .T. ) ;
#740 = EDGE_CURVE ( 'NONE', #348, #102, #3864, .T. ) ;
#741 = ORIENTED_EDGE ( 'NONE', *, *, #350, .T. ) ;
#742 = ADVANCED_FACE ( 'NONE', ( #3860 ), #3900, .F. ) ;
#743 = EDGE_LOOP ( 'NONE', ( #805, #806, #807, #808 ) ) ;
#744 = ORIENTED_EDGE ( 'NONE', *, *, #712, .F. ) ;
#745 = ORIENTED_EDGE ( 'NONE', *, *, #765, .F. ) ;
#746 = ORIENTED_EDGE ( 'NONE', *, *, #747, .F. ) ;
#747 = EDGE_CURVE ( 'NONE', #773, #763, #3894, .T. ) ;
#748 = ORIENTED_EDGE ( 'NONE', *, *, #772, .F. ) ;
#749 = ADVANCED_FACE ( 'NONE', ( #3890 ), #3936, .F. ) ;
#750 = EDGE_LOOP ( 'NONE', ( #751, #752, #753, #755 ) ) ;
#751 = ORIENTED_EDGE ( 'NONE', *, *, #1650, .T. ) ;
#752 = ORIENTED_EDGE ( 'NONE', *, *, #347, .F. ) ;
#753 = ORIENTED_EDGE ( 'NONE', *, *, #754, .F. ) ;
#754 = EDGE_CURVE ( 'NONE', #413, #345, #3931, .T. ) ;
#755 = ORIENTED_EDGE ( 'NONE', *, *, #412, .T. ) ;
#756 = ORIENTED_EDGE ( 'NONE', *, *, #1356, .F. ) ;
#757 = ORIENTED_EDGE ( 'NONE', *, *, #1541, .T. ) ;
#758 = ORIENTED_EDGE ( 'NONE', *, *, #759, .F. ) ;
#759 = EDGE_CURVE ( 'NONE', #760, #1592, #3927, .T. ) ;
#760 = VERTEX_POINT ( 'NONE', #3923 ) ;
#761 = ORIENTED_EDGE ( 'NONE', *, *, #762, .F. ) ;
#762 = EDGE_CURVE ( 'NONE', #763, #760, #3922, .T. ) ;
#763 = VERTEX_POINT ( 'NONE', #3918 ) ;
#764 = ORIENTED_EDGE ( 'NONE', *, *, #765, .T. ) ;
#765 = EDGE_CURVE ( 'NONE', #763, #710, #3916, .T. ) ;
#766 = ORIENTED_EDGE ( 'NONE', *, *, #709, .F. ) ;
#767 = ADVANCED_FACE ( 'NONE', ( #3912 ), #3953, .F. ) ;
#768 = EDGE_LOOP ( 'NONE', ( #744, #745, #746, #748 ) ) ;
#769 = ORIENTED_EDGE ( 'NONE', *, *, #1353, .F. ) ;
#770 = ORIENTED_EDGE ( 'NONE', *, *, #715, .T. ) ;
#771 = ORIENTED_EDGE ( 'NONE', *, *, #772, .T. ) ;
#772 = EDGE_CURVE ( 'NONE', #713, #773, #3948, .T. ) ;
#773 = VERTEX_POINT ( 'NONE', #3944 ) ;
#774 = ORIENTED_EDGE ( 'NONE', *, *, #775, .F. ) ;
#775 = EDGE_CURVE ( 'NONE', #776, #773, #3943, .T. ) ;
#776 = VERTEX_POINT ( 'NONE', #3939 ) ;
#777 = ORIENTED_EDGE ( 'NONE', *, *, #778, .T. ) ;
#778 = EDGE_CURVE ( 'NONE', #776, #1593, #3993, .T. ) ;
#779 = ORIENTED_EDGE ( 'NONE', *, *, #1488, .F. ) ;
#780 = ADVANCED_FACE ( 'NONE', ( #3989 ), #3974, .F. ) ;
#781 = EDGE_LOOP ( 'NONE', ( #782, #783, #784, #785 ) ) ;
#782 = ORIENTED_EDGE ( 'NONE', *, *, #147, .T. ) ;
#783 = ORIENTED_EDGE ( 'NONE', *, *, #803, .T. ) ;
#784 = ORIENTED_EDGE ( 'NONE', *, *, #35, .T. ) ;
#785 = ORIENTED_EDGE ( 'NONE', *, *, #182, .T. ) ;
#786 = ADVANCED_FACE ( 'NONE', ( #3968 ), #4015, .F. ) ;
#787 = EDGE_LOOP ( 'NONE', ( #788, #789, #790, #845 ) ) ;
#788 = ORIENTED_EDGE ( 'NONE', *, *, #1719, .T. ) ;
#789 = ORIENTED_EDGE ( 'NONE', *, *, #468, .F. ) ;
#790 = ORIENTED_EDGE ( 'NONE', *, *, #791, .F. ) ;
#791 = EDGE_CURVE ( 'NONE', #531, #466, #4009, .T. ) ;
#792 = ADVANCED_FACE ( 'NONE', ( #4005 ), #4040, .F. ) ;
#793 = EDGE_LOOP ( 'NONE', ( #794, #795, #796, #797 ) ) ;
#794 = ORIENTED_EDGE ( 'NONE', *, *, #71, .T. ) ;
#795 = ORIENTED_EDGE ( 'NONE', *, *, #814, .T. ) ;
#796 = ORIENTED_EDGE ( 'NONE', *, *, #15, .T. ) ;
#797 = ORIENTED_EDGE ( 'NONE', *, *, #87, .T. ) ;
#798 = ADVANCED_FACE ( 'NONE', ( #4034 ), #4069, .F. ) ;
#799 = EDGE_LOOP ( 'NONE', ( #800, #801, #802, #804 ) ) ;
#800 = ORIENTED_EDGE ( 'NONE', *, *, #1700, .T. ) ;
#801 = ORIENTED_EDGE ( 'NONE', *, *, #174, .F. ) ;
#802 = ORIENTED_EDGE ( 'NONE', *, *, #803, .F. ) ;
#803 = EDGE_CURVE ( 'NONE', #149, #176, #4063, .T. ) ;
#804 = ORIENTED_EDGE ( 'NONE', *, *, #156, .T. ) ;
#805 = ORIENTED_EDGE ( 'NONE', *, *, #52, .T. ) ;
#806 = ORIENTED_EDGE ( 'NONE', *, *, #740, .T. ) ;
#807 = ORIENTED_EDGE ( 'NONE', *, *, #101, .T. ) ;
#808 = ORIENTED_EDGE ( 'NONE', *, *, #105, .T. ) ;
#809 = ADVANCED_FACE ( 'NONE', ( #4059 ), #4097, .F. ) ;
#810 = EDGE_LOOP ( 'NONE', ( #811, #812, #813, #815 ) ) ;
#811 = ORIENTED_EDGE ( 'NONE', *, *, #1704, .T. ) ;
#812 = ORIENTED_EDGE ( 'NONE', *, *, #14, .F. ) ;
#813 = ORIENTED_EDGE ( 'NONE', *, *, #814, .F. ) ;
#814 = EDGE_CURVE ( 'NONE', #69, #10, #4091, .T. ) ;
#815 = ORIENTED_EDGE ( 'NONE', *, *, #73, .T. ) ;
#816 = ORIENTED_EDGE ( 'NONE', *, *, #754, .T. ) ;
#817 = ORIENTED_EDGE ( 'NONE', *, *, #344, .T. ) ;
#818 = ORIENTED_EDGE ( 'NONE', *, *, #397, .T. ) ;
#819 = ADVANCED_FACE ( 'NONE', ( #4087 ), #4072, .F. ) ;
#820 = ORIENTED_EDGE ( 'NONE', *, *, #698, .F. ) ;
#821 = ORIENTED_EDGE ( 'NONE', *, *, #822, .F. ) ;
#822 = EDGE_CURVE ( 'NONE', #209, #696, #4126, .T. ) ;
#823 = ORIENTED_EDGE ( 'NONE', *, *, #349, .T. ) ;
#824 = ADVANCED_FACE ( 'NONE', ( #4122 ), #4107, .F. ) ;
#825 = EDGE_LOOP ( 'NONE', ( #826, #827, #828, #829 ) ) ;
#826 = ORIENTED_EDGE ( 'NONE', *, *, #678, .T. ) ;
#827 = ORIENTED_EDGE ( 'NONE', *, *, #822, .T. ) ;
#828 = ORIENTED_EDGE ( 'NONE', *, *, #695, .T. ) ;
#829 = ORIENTED_EDGE ( 'NONE', *, *, #688, .T. ) ;
#830 = ADVANCED_FACE ( 'NONE', ( #4101 ), #4150, .F. ) ;
#831 = EDGE_LOOP ( 'NONE', ( #832, #884, #885, #887 ) ) ;
#832 = ORIENTED_EDGE ( 'NONE', *, *, #1591, .T. ) ;
#833 = ORIENTED_EDGE ( 'NONE', *, *, #834, .F. ) ;
#834 = EDGE_CURVE ( 'NONE', #617, #553, #4144, .T. ) ;
#835 = ORIENTED_EDGE ( 'NONE', *, *, #616, .T. ) ;
#836 = ADVANCED_FACE ( 'NONE', ( #4140 ), #4181, .F. ) ;
#837 = EDGE_LOOP ( 'NONE', ( #838, #839, #840, #841 ) ) ;
#838 = ORIENTED_EDGE ( 'NONE', *, *, #619, .T. ) ;
#839 = ORIENTED_EDGE ( 'NONE', *, *, #834, .T. ) ;
#840 = ORIENTED_EDGE ( 'NONE', *, *, #552, .T. ) ;
#841 = ORIENTED_EDGE ( 'NONE', *, *, #601, .T. ) ;
#842 = ADVANCED_FACE ( 'NONE', ( #4175 ), #4207, .F. ) ;
#843 = EDGE_LOOP ( 'NONE', ( #844, #820, #821, #823 ) ) ;
#844 = ORIENTED_EDGE ( 'NONE', *, *, #1483, .T. ) ;
#845 = ORIENTED_EDGE ( 'NONE', *, *, #530, .T. ) ;
#846 = ADVANCED_FACE ( 'NONE', ( #4201 ), #4243, .F. ) ;
#847 = EDGE_LOOP ( 'NONE', ( #848, #849, #850, #851 ) ) ;
#848 = ORIENTED_EDGE ( 'NONE', *, *, #533, .T. ) ;
#849 = ORIENTED_EDGE ( 'NONE', *, *, #791, .T. ) ;
#850 = ORIENTED_EDGE ( 'NONE', *, *, #465, .T. ) ;
#851 = ORIENTED_EDGE ( 'NONE', *, *, #515, .T. ) ;
#852 = ADVANCED_FACE ( 'NONE', ( #4238 ), #4223, .F. ) ;
#853 = EDGE_LOOP ( 'NONE', ( #854, #855, #833, #835 ) ) ;
#854 = ORIENTED_EDGE ( 'NONE', *, *, #1551, .T. ) ;
#855 = ORIENTED_EDGE ( 'NONE', *, *, #555, .F. ) ;
#856 = ADVANCED_FACE ( 'NONE', ( #4217 ), #4259, .F. ) ;
#857 = ORIENTED_EDGE ( 'NONE', *, *, #858, .T. ) ;
#858 = EDGE_CURVE ( 'NONE', #251, #859, #4254, .T. ) ;
#859 = VERTEX_POINT ( 'NONE', #4250 ) ;
#860 = ORIENTED_EDGE ( 'NONE', *, *, #861, .F. ) ;
#861 = EDGE_CURVE ( 'NONE', #862, #859, #4249, .T. ) ;
#862 = VERTEX_POINT ( 'NONE', #4245 ) ;
#863 = ORIENTED_EDGE ( 'NONE', *, *, #864, .F. ) ;
#864 = EDGE_CURVE ( 'NONE', #208, #862, #4305, .T. ) ;
#865 = ORIENTED_EDGE ( 'NONE', *, *, #219, .T. ) ;
#866 = ADVANCED_FACE ( 'NONE', ( #4301 ), #4300, .F. ) ;
#867 = EDGE_LOOP ( 'NONE', ( #868, #925, #927, #929 ) ) ;
#868 = ORIENTED_EDGE ( 'NONE', *, *, #869, .T. ) ;
#869 = EDGE_CURVE ( 'NONE', #859, #870, #4295, .T. ) ;
#870 = VERTEX_POINT ( 'NONE', #4291 ) ;
#871 = VERTEX_POINT ( 'NONE', #4290 ) ;
#872 = ORIENTED_EDGE ( 'NONE', *, *, #1024, .T. ) ;
#873 = ORIENTED_EDGE ( 'NONE', *, *, #1684, .F. ) ;
#874 = ORIENTED_EDGE ( 'NONE', *, *, #1080, .F. ) ;
#875 = ORIENTED_EDGE ( 'NONE', *, *, #334, .T. ) ;
#876 = ADVANCED_FACE ( 'NONE', ( #4289 ), #4288, .F. ) ;
#877 = EDGE_LOOP ( 'NONE', ( #878, #879, #880, #881 ) ) ;
#878 = ORIENTED_EDGE ( 'NONE', *, *, #1101, .T. ) ;
#879 = ORIENTED_EDGE ( 'NONE', *, *, #265, .F. ) ;
#880 = ORIENTED_EDGE ( 'NONE', *, *, #1073, .F. ) ;
#881 = ORIENTED_EDGE ( 'NONE', *, *, #1665, .F. ) ;
#882 = ADVANCED_FACE ( 'NONE', ( #4283 ), #4282, .F. ) ;
#883 = EDGE_LOOP ( 'NONE', ( #857, #860, #863, #865 ) ) ;
#884 = ORIENTED_EDGE ( 'NONE', *, *, #778, .F. ) ;
#885 = ORIENTED_EDGE ( 'NONE', *, *, #886, .F. ) ;
#886 = EDGE_CURVE ( 'NONE', #760, #776, #4276, .T. ) ;
#887 = ORIENTED_EDGE ( 'NONE', *, *, #759, .T. ) ;
#888 = ADVANCED_FACE ( 'NONE', ( #4272 ), #4322, .F. ) ;
#889 = EDGE_LOOP ( 'NONE', ( #890, #891, #892, #893 ) ) ;
#890 = ORIENTED_EDGE ( 'NONE', *, *, #762, .T. ) ;
#891 = ORIENTED_EDGE ( 'NONE', *, *, #886, .T. ) ;
#892 = ORIENTED_EDGE ( 'NONE', *, *, #775, .T. ) ;
#893 = ORIENTED_EDGE ( 'NONE', *, *, #747, .T. ) ;
#894 = ADVANCED_FACE ( 'NONE', ( #4317 ), #4316, .F. ) ;
#895 = EDGE_LOOP ( 'NONE', ( #872, #873, #874, #875 ) ) ;
#896 = ORIENTED_EDGE ( 'NONE', *, *, #1629, .T. ) ;
#897 = ORIENTED_EDGE ( 'NONE', *, *, #1588, .T. ) ;
#898 = ORIENTED_EDGE ( 'NONE', *, *, #223, .T. ) ;
#899 = ORIENTED_EDGE ( 'NONE', *, *, #1092, .T. ) ;
#900 = ORIENTED_EDGE ( 'NONE', *, *, #858, .F. ) ;
#901 = ADVANCED_FACE ( 'NONE', ( #4311 ), #4310, .F. ) ;
#902 = ORIENTED_EDGE ( 'NONE', *, *, #903, .T. ) ;
#903 = EDGE_CURVE ( 'NONE', #904, #905, #4362, .T. ) ;
#904 = VERTEX_POINT ( 'NONE', #4358 ) ;
#905 = VERTEX_POINT ( 'NONE', #4357 ) ;
#906 = ORIENTED_EDGE ( 'NONE', *, *, #907, .T. ) ;
#907 = EDGE_CURVE ( 'NONE', #905, #1540, #4356, .T. ) ;
#908 = ORIENTED_EDGE ( 'NONE', *, *, #1616, .T. ) ;
#909 = ORIENTED_EDGE ( 'NONE', *, *, #1032, .T. ) ;
#910 = ORIENTED_EDGE ( 'NONE', *, *, #289, .T. ) ;
#911 = ORIENTED_EDGE ( 'NONE', *, *, #1129, .T. ) ;
#912 = ORIENTED_EDGE ( 'NONE', *, *, #926, .T. ) ;
#913 = ADVANCED_FACE ( 'NONE', ( #4352 ), #4351, .T. ) ;
#914 = EDGE_LOOP ( 'NONE', ( #915, #916, #917, #918 ) ) ;
#915 = ORIENTED_EDGE ( 'NONE', *, *, #238, .T. ) ;
#916 = ORIENTED_EDGE ( 'NONE', *, *, #864, .T. ) ;
#917 = ORIENTED_EDGE ( 'NONE', *, *, #928, .T. ) ;
#918 = ORIENTED_EDGE ( 'NONE', *, *, #936, .T. ) ;
#919 = ADVANCED_FACE ( 'NONE', ( #4346 ), #4345, .F. ) ;
#920 = EDGE_LOOP ( 'NONE', ( #921, #922, #923, #900 ) ) ;
#921 = ORIENTED_EDGE ( 'NONE', *, *, #235, .F. ) ;
#922 = ORIENTED_EDGE ( 'NONE', *, *, #933, .F. ) ;
#923 = ORIENTED_EDGE ( 'NONE', *, *, #869, .F. ) ;
#924 = EDGE_LOOP ( 'NONE', ( #902, #906, #908, #909, #910, #911, #967, #968 ) ) ;
#925 = ORIENTED_EDGE ( 'NONE', *, *, #926, .F. ) ;
#926 = EDGE_CURVE ( 'NONE', #871, #870, #4340, .T. ) ;
#927 = ORIENTED_EDGE ( 'NONE', *, *, #928, .F. ) ;
#928 = EDGE_CURVE ( 'NONE', #862, #871, #4336, .T. ) ;
#929 = ORIENTED_EDGE ( 'NONE', *, *, #861, .T. ) ;
#930 = ADVANCED_FACE ( 'NONE', ( #4332 ), #4330, .F. ) ;
#931 = EDGE_LOOP ( 'NONE', ( #932, #934, #935, #912 ) ) ;
#932 = ORIENTED_EDGE ( 'NONE', *, *, #933, .T. ) ;
#933 = EDGE_CURVE ( 'NONE', #870, #236, #4391, .T. ) ;
#934 = ORIENTED_EDGE ( 'NONE', *, *, #233, .F. ) ;
#935 = ORIENTED_EDGE ( 'NONE', *, *, #936, .F. ) ;
#936 = EDGE_CURVE ( 'NONE', #871, #239, #4387, .T. ) ;
#937 = EDGE_CURVE ( 'NONE', #905, #312, #4383, .T. ) ;
#938 = ADVANCED_FACE ( 'NONE', ( #4379 ), #4378, .F. ) ;
#939 = EDGE_LOOP ( 'NONE', ( #940, #941, #1002, #1003 ) ) ;
#940 = ORIENTED_EDGE ( 'NONE', *, *, #313, .T. ) ;
#941 = ORIENTED_EDGE ( 'NONE', *, *, #937, .F. ) ;
#942 = ADVANCED_FACE ( 'NONE', ( #4373 ), #4372, .F. ) ;
#943 = EDGE_LOOP ( 'NONE', ( #944, #945, #946, #947 ) ) ;
#944 = ORIENTED_EDGE ( 'NONE', *, *, #988, .T. ) ;
#945 = ORIENTED_EDGE ( 'NONE', *, *, #966, .F. ) ;
#946 = ORIENTED_EDGE ( 'NONE', *, *, #959, .F. ) ;
#947 = ORIENTED_EDGE ( 'NONE', *, *, #948, .T. ) ;
#948 = EDGE_CURVE ( 'NONE', #957, #989, #4367, .T. ) ;
#949 = ADVANCED_FACE ( 'NONE', ( #4363 ), #4428, .F. ) ;
#950 = EDGE_LOOP ( 'NONE', ( #951, #952, #953, #1012 ) ) ;
#951 = ORIENTED_EDGE ( 'NONE', *, *, #1050, .T. ) ;
#952 = ORIENTED_EDGE ( 'NONE', *, *, #948, .F. ) ;
#953 = ORIENTED_EDGE ( 'NONE', *, *, #956, .F. ) ;
#954 = ORIENTED_EDGE ( 'NONE', *, *, #1520, .T. ) ;
#955 = ORIENTED_EDGE ( 'NONE', *, *, #956, .T. ) ;
#956 = EDGE_CURVE ( 'NONE', #1518, #957, #4423, .T. ) ;
#957 = VERTEX_POINT ( 'NONE', #4419 ) ;
#958 = ORIENTED_EDGE ( 'NONE', *, *, #959, .T. ) ;
#959 = EDGE_CURVE ( 'NONE', #957, #974, #4418, .T. ) ;
#960 = ADVANCED_FACE ( 'NONE', ( #4414 ), #4413, .F. ) ;
#961 = EDGE_LOOP ( 'NONE', ( #962, #963, #964, #965 ) ) ;
#962 = ORIENTED_EDGE ( 'NONE', *, *, #985, .T. ) ;
#963 = ORIENTED_EDGE ( 'NONE', *, *, #1636, .F. ) ;
#964 = ORIENTED_EDGE ( 'NONE', *, *, #973, .F. ) ;
#965 = ORIENTED_EDGE ( 'NONE', *, *, #966, .T. ) ;
#966 = EDGE_CURVE ( 'NONE', #974, #986, #4408, .T. ) ;
#967 = ORIENTED_EDGE ( 'NONE', *, *, #1113, .T. ) ;
#968 = ORIENTED_EDGE ( 'NONE', *, *, #969, .T. ) ;
#969 = EDGE_CURVE ( 'NONE', #1111, #904, #4404, .T. ) ;
#970 = ADVANCED_FACE ( 'NONE', ( #4400 ), #4399, .T. ) ;
#971 = EDGE_LOOP ( 'NONE', ( #972, #896, #897, #898, #899, #954, #955, #958 ) ) ;
#972 = ORIENTED_EDGE ( 'NONE', *, *, #973, .T. ) ;
#973 = EDGE_CURVE ( 'NONE', #974, #1630, #4459, .T. ) ;
#974 = VERTEX_POINT ( 'NONE', #4455 ) ;
#975 = ORIENTED_EDGE ( 'NONE', *, *, #1036, .F. ) ;
#976 = VERTEX_POINT ( 'NONE', #4454 ) ;
#977 = EDGE_CURVE ( 'NONE', #978, #317, #4453, .T. ) ;
#978 = VERTEX_POINT ( 'NONE', #4449 ) ;
#979 = ORIENTED_EDGE ( 'NONE', *, *, #980, .T. ) ;
#980 = EDGE_CURVE ( 'NONE', #978, #291, #4448, .T. ) ;
#981 = ORIENTED_EDGE ( 'NONE', *, *, #286, .T. ) ;
#982 = ORIENTED_EDGE ( 'NONE', *, *, #1633, .F. ) ;
#983 = ORIENTED_EDGE ( 'NONE', *, *, #1639, .F. ) ;
#984 = ORIENTED_EDGE ( 'NONE', *, *, #985, .F. ) ;
#985 = EDGE_CURVE ( 'NONE', #986, #1637, #4444, .T. ) ;
#986 = VERTEX_POINT ( 'NONE', #4440 ) ;
#987 = ORIENTED_EDGE ( 'NONE', *, *, #988, .F. ) ;
#988 = EDGE_CURVE ( 'NONE', #989, #986, #4439, .T. ) ;
#989 = VERTEX_POINT ( 'NONE', #4435 ) ;
#990 = ORIENTED_EDGE ( 'NONE', *, *, #994, .T. ) ;
#991 = VERTEX_POINT ( 'NONE', #4434 ) ;
#992 = EDGE_CURVE ( 'NONE', #991, #993, #4433, .T. ) ;
#993 = VERTEX_POINT ( 'NONE', #4429 ) ;
#994 = EDGE_CURVE ( 'NONE', #1608, #991, #4493, .T. ) ;
#995 = ORIENTED_EDGE ( 'NONE', *, *, #992, .T. ) ;
#996 = ORIENTED_EDGE ( 'NONE', *, *, #998, .T. ) ;
#997 = EDGE_LOOP ( 'NONE', ( #990, #995, #1497, #1494 ) ) ;
#998 = EDGE_CURVE ( 'NONE', #1691, #1477, #4489, .T. ) ;
#999 = ORIENTED_EDGE ( 'NONE', *, *, #1476, .T. ) ;
#1000 = ORIENTED_EDGE ( 'NONE', *, *, #415, .T. ) ;
#1001 = CLOSED_SHELL ( 'NONE', ( #690, #676, #719, #726, #736, #1344, #1283, #11, #590, #92, #1133, #386, #1200, #1140, #1083, #37, #2674, #1275, #572, #660, #6160, #1210, #1067, #493, #579, #456, #642, #1217, #4, #438, #1265, #1149, #511, #6173, #1272, #136, #653, #504, #449, #133, #34, #193, #1289, #104, #603, #83, #330, #399, #1163, #1043, #275, #180, #517, #216, #942, #949, #1027, #960, #1107, #1585, #1006, #1538, #1019, #1626, #1013, #938, #1567, #242, #1123, #292, #970, #901, #1640, #876, #272, #257, #894, #919, #930, #882, #913, #1093, #1179, #1076, #1115, #1560, #1524, #611, #499, #700, #648, #1553, #560, #94, #1661, #407, #1612, #444, #484, #1487, #634, #780, #544, #705, #428, #1335, #1655, #1254, #336, #18, #1579, #26, #171, #22, #716, #1601, #362, #137, #43, #1191, #1605, #1206, #470, #866, #1159, #1175, #597, #852, #836, #538, #683, #824, #842, #742, #113, #819, #749, #393, #281, #809, #786, #846, #888, #767, #830, #1223, #1229, #1240, #65, #792, #186, #798, #856 ) ) ;
#1002 = ORIENTED_EDGE ( 'NONE', *, *, #903, .F. ) ;
#1003 = ORIENTED_EDGE ( 'NONE', *, *, #1004, .T. ) ;
#1004 = EDGE_CURVE ( 'NONE', #904, #319, #4485, .T. ) ;
#1005 = ORIENTED_EDGE ( 'NONE', *, *, #501, .F. ) ;
#1006 = ADVANCED_FACE ( 'NONE', ( #4481 ), #4480, .F. ) ;
#1007 = EDGE_LOOP ( 'NONE', ( #1008, #1009, #1010, #1011 ) ) ;
#1008 = ORIENTED_EDGE ( 'NONE', *, *, #315, .T. ) ;
#1009 = ORIENTED_EDGE ( 'NONE', *, *, #1004, .F. ) ;
#1010 = ORIENTED_EDGE ( 'NONE', *, *, #969, .F. ) ;
#1011 = ORIENTED_EDGE ( 'NONE', *, *, #1110, .T. ) ;
#1012 = ORIENTED_EDGE ( 'NONE', *, *, #1599, .T. ) ;
#1013 = ADVANCED_FACE ( 'NONE', ( #4475 ), #4474, .F. ) ;
#1014 = EDGE_LOOP ( 'NONE', ( #1015, #1016, #1017, #1018 ) ) ;
#1015 = ORIENTED_EDGE ( 'NONE', *, *, #318, .T. ) ;
#1016 = ORIENTED_EDGE ( 'NONE', *, *, #1619, .F. ) ;
#1017 = ORIENTED_EDGE ( 'NONE', *, *, #907, .F. ) ;
#1018 = ORIENTED_EDGE ( 'NONE', *, *, #937, .T. ) ;
#1019 = ADVANCED_FACE ( 'NONE', ( #4469 ), #4468, .T. ) ;
#1020 = EDGE_LOOP ( 'NONE', ( #1021, #1022, #1023, #1085, #1086, #1087, #1088, #1089, #1090, #1091 ) ) ;
#1021 = ORIENTED_EDGE ( 'NONE', *, *, #231, .T. ) ;
#1022 = ORIENTED_EDGE ( 'NONE', *, *, #1643, .T. ) ;
#1023 = ORIENTED_EDGE ( 'NONE', *, *, #1024, .F. ) ;
#1024 = EDGE_CURVE ( 'NONE', #328, #1707, #4463, .T. ) ;
#1025 = EDGE_CURVE ( 'NONE', #258, #1039, #4526, .T. ) ;
#1026 = ORIENTED_EDGE ( 'NONE', *, *, #1038, .T. ) ;
#1027 = ADVANCED_FACE ( 'NONE', ( #4522 ), #4521, .F. ) ;
#1028 = EDGE_LOOP ( 'NONE', ( #1029, #1030, #1031, #1033, #1034, #1035, #1097, #1098, #1099, #1100 ) ) ;
#1029 = ORIENTED_EDGE ( 'NONE', *, *, #1712, .F. ) ;
#1030 = ORIENTED_EDGE ( 'NONE', *, *, #215, .F. ) ;
#1031 = ORIENTED_EDGE ( 'NONE', *, *, #1032, .F. ) ;
#1032 = EDGE_CURVE ( 'NONE', #1617, #226, #4516, .T. ) ;
#1033 = ORIENTED_EDGE ( 'NONE', *, *, #1625, .F. ) ;
#1034 = ORIENTED_EDGE ( 'NONE', *, *, #1041, .F. ) ;
#1035 = ORIENTED_EDGE ( 'NONE', *, *, #1025, .F. ) ;
#1036 = EDGE_CURVE ( 'NONE', #976, #1060, #4512, .T. ) ;
#1037 = ORIENTED_EDGE ( 'NONE', *, *, #1038, .F. ) ;
#1038 = EDGE_CURVE ( 'NONE', #1039, #976, #4508, .T. ) ;
#1039 = VERTEX_POINT ( 'NONE', #4504 ) ;
#1040 = ORIENTED_EDGE ( 'NONE', *, *, #1041, .T. ) ;
#1041 = EDGE_CURVE ( 'NONE', #1039, #1623, #4503, .T. ) ;
#1042 = ORIENTED_EDGE ( 'NONE', *, *, #1622, .F. ) ;
#1043 = ADVANCED_FACE ( 'NONE', ( #4499 ), #4498, .T. ) ;
#1044 = EDGE_LOOP ( 'NONE', ( #1045, #1047, #1048, #1026 ) ) ;
#1045 = ORIENTED_EDGE ( 'NONE', *, *, #1046, .F. ) ;
#1046 = EDGE_CURVE ( 'NONE', #259, #976, #4558, .T. ) ;
#1047 = ORIENTED_EDGE ( 'NONE', *, *, #322, .F. ) ;
#1048 = ORIENTED_EDGE ( 'NONE', *, *, #1025, .T. ) ;
#1049 = ORIENTED_EDGE ( 'NONE', *, *, #1050, .F. ) ;
#1050 = EDGE_CURVE ( 'NONE', #1597, #989, #4554, .T. ) ;
#1051 = ORIENTED_EDGE ( 'NONE', *, *, #1595, .F. ) ;
#1052 = ORIENTED_EDGE ( 'NONE', *, *, #1053, .F. ) ;
#1053 = EDGE_CURVE ( 'NONE', #213, #1596, #4550, .T. ) ;
#1054 = ORIENTED_EDGE ( 'NONE', *, *, #220, .F. ) ;
#1055 = ORIENTED_EDGE ( 'NONE', *, *, #1056, .F. ) ;
#1056 = EDGE_CURVE ( 'NONE', #1057, #229, #4546, .T. ) ;
#1057 = VERTEX_POINT ( 'NONE', #4542 ) ;
#1058 = ORIENTED_EDGE ( 'NONE', *, *, #1059, .F. ) ;
#1059 = EDGE_CURVE ( 'NONE', #1060, #1057, #4541, .T. ) ;
#1060 = VERTEX_POINT ( 'NONE', #4537 ) ;
#1061 = ORIENTED_EDGE ( 'NONE', *, *, #256, .T. ) ;
#1062 = ORIENTED_EDGE ( 'NONE', *, *, #1063, .F. ) ;
#1063 = EDGE_CURVE ( 'NONE', #1460, #253, #4536, .T. ) ;
#1064 = ORIENTED_EDGE ( 'NONE', *, *, #1439, .F. ) ;
#1065 = ORIENTED_EDGE ( 'NONE', *, *, #1066, .T. ) ;
#1066 = EDGE_CURVE ( 'NONE', #1441, #266, #4531, .T. ) ;
#1067 = ADVANCED_FACE ( 'NONE', ( #4589 ), #4588, .F. ) ;
#1068 = EDGE_LOOP ( 'NONE', ( #1069, #1070, #1071, #1072, #247, #249 ) ) ;
#1069 = ORIENTED_EDGE ( 'NONE', *, *, #1056, .T. ) ;
#1070 = ORIENTED_EDGE ( 'NONE', *, *, #227, .T. ) ;
#1071 = ORIENTED_EDGE ( 'NONE', *, *, #277, .T. ) ;
#1072 = ORIENTED_EDGE ( 'NONE', *, *, #1066, .F. ) ;
#1073 = EDGE_CURVE ( 'NONE', #1666, #271, #4583, .T. ) ;
#1074 = ORIENTED_EDGE ( 'NONE', *, *, #274, .T. ) ;
#1075 = ORIENTED_EDGE ( 'NONE', *, *, #305, .F. ) ;
#1076 = ADVANCED_FACE ( 'NONE', ( #4579 ), #4578, .F. ) ;
#1077 = EDGE_LOOP ( 'NONE', ( #1078, #1079, #1081, #1082 ) ) ;
#1078 = ORIENTED_EDGE ( 'NONE', *, *, #326, .T. ) ;
#1079 = ORIENTED_EDGE ( 'NONE', *, *, #1080, .T. ) ;
#1080 = EDGE_CURVE ( 'NONE', #335, #1698, #4573, .T. ) ;
#1081 = ORIENTED_EDGE ( 'NONE', *, *, #1688, .F. ) ;
#1082 = ORIENTED_EDGE ( 'NONE', *, *, #244, .T. ) ;
#1083 = ADVANCED_FACE ( 'NONE', ( #4569 ), #4568, .F. ) ;
#1084 = EDGE_LOOP ( 'NONE', ( #1061, #1062, #1064, #1065 ) ) ;
#1085 = ORIENTED_EDGE ( 'NONE', *, *, #321, .T. ) ;
#1086 = ORIENTED_EDGE ( 'NONE', *, *, #300, .T. ) ;
#1087 = ORIENTED_EDGE ( 'NONE', *, *, #268, .T. ) ;
#1088 = ORIENTED_EDGE ( 'NONE', *, *, #198, .T. ) ;
#1089 = ORIENTED_EDGE ( 'NONE', *, *, #1053, .T. ) ;
#1090 = ORIENTED_EDGE ( 'NONE', *, *, #1578, .F. ) ;
#1091 = ORIENTED_EDGE ( 'NONE', *, *, #1092, .F. ) ;
#1092 = EDGE_CURVE ( 'NONE', #232, #1521, #4563, .T. ) ;
#1093 = ADVANCED_FACE ( 'NONE', ( #4559 ), #4623, .F. ) ;
#1094 = EDGE_LOOP ( 'NONE', ( #1095, #1096, #1074, #1075 ) ) ;
#1095 = ORIENTED_EDGE ( 'NONE', *, *, #1694, .F. ) ;
#1096 = ORIENTED_EDGE ( 'NONE', *, *, #1073, .T. ) ;
#1097 = ORIENTED_EDGE ( 'NONE', *, *, #325, .F. ) ;
#1098 = ORIENTED_EDGE ( 'NONE', *, *, #377, .F. ) ;
#1099 = ORIENTED_EDGE ( 'NONE', *, *, #264, .F. ) ;
#1100 = ORIENTED_EDGE ( 'NONE', *, *, #1101, .F. ) ;
#1101 = EDGE_CURVE ( 'NONE', #1713, #260, #4618, .T. ) ;
#1102 = EDGE_LOOP ( 'NONE', ( #1103, #1104, #1157, #1158 ) ) ;
#1103 = ORIENTED_EDGE ( 'NONE', *, *, #1530, .F. ) ;
#1104 = ORIENTED_EDGE ( 'NONE', *, *, #1105, .F. ) ;
#1105 = EDGE_CURVE ( 'NONE', #1528, #1574, #4614, .T. ) ;
#1106 = ORIENTED_EDGE ( 'NONE', *, *, #980, .F. ) ;
#1107 = ADVANCED_FACE ( 'NONE', ( #4609 ), #4608, .F. ) ;
#1108 = ORIENTED_EDGE ( 'NONE', *, *, #977, .T. ) ;
#1109 = ORIENTED_EDGE ( 'NONE', *, *, #1110, .F. ) ;
#1110 = EDGE_CURVE ( 'NONE', #1111, #317, #4603, .T. ) ;
#1111 = VERTEX_POINT ( 'NONE', #4599 ) ;
#1112 = ORIENTED_EDGE ( 'NONE', *, *, #1113, .F. ) ;
#1113 = EDGE_CURVE ( 'NONE', #1127, #1111, #4598, .T. ) ;
#1114 = ORIENTED_EDGE ( 'NONE', *, *, #1126, .T. ) ;
#1115 = ADVANCED_FACE ( 'NONE', ( #4594 ), #4593, .T. ) ;
#1116 = EDGE_LOOP ( 'NONE', ( #1117, #1118, #1173, #1174 ) ) ;
#1117 = ORIENTED_EDGE ( 'NONE', *, *, #1531, .F. ) ;
#1118 = ORIENTED_EDGE ( 'NONE', *, *, #1172, .F. ) ;
#1119 = ORIENTED_EDGE ( 'NONE', *, *, #1461, .F. ) ;
#1120 = ORIENTED_EDGE ( 'NONE', *, *, #1063, .T. ) ;
#1121 = ORIENTED_EDGE ( 'NONE', *, *, #252, .T. ) ;
#1122 = ORIENTED_EDGE ( 'NONE', *, *, #1046, .T. ) ;
#1123 = ADVANCED_FACE ( 'NONE', ( #4592 ), #4654, .F. ) ;
#1124 = EDGE_LOOP ( 'NONE', ( #1125, #1128, #1130, #1106 ) ) ;
#1125 = ORIENTED_EDGE ( 'NONE', *, *, #1126, .F. ) ;
#1126 = EDGE_CURVE ( 'NONE', #1127, #978, #4649, .T. ) ;
#1127 = VERTEX_POINT ( 'NONE', #4645 ) ;
#1128 = ORIENTED_EDGE ( 'NONE', *, *, #1129, .F. ) ;
#1129 = EDGE_CURVE ( 'NONE', #288, #1127, #4644, .T. ) ;
#1130 = ORIENTED_EDGE ( 'NONE', *, *, #211, .T. ) ;
#1131 = EDGE_LOOP ( 'NONE', ( #1108, #1109, #1112, #1114 ) ) ;
#1132 = EDGE_CURVE ( 'NONE', #1454, #1057, #4640, .T. ) ;
#1133 = ADVANCED_FACE ( 'NONE', ( #4636 ), #4635, .F. ) ;
#1134 = EDGE_LOOP ( 'NONE', ( #1135, #1136, #1137, #1138 ) ) ;
#1135 = ORIENTED_EDGE ( 'NONE', *, *, #1059, .T. ) ;
#1136 = ORIENTED_EDGE ( 'NONE', *, *, #1132, .F. ) ;
#1137 = ORIENTED_EDGE ( 'NONE', *, *, #1463, .F. ) ;
#1138 = ORIENTED_EDGE ( 'NONE', *, *, #1139, .T. ) ;
#1139 = EDGE_CURVE ( 'NONE', #1440, #1060, #4630, .T. ) ;
#1140 = ADVANCED_FACE ( 'NONE', ( #4626 ), #4624, .F. ) ;
#1141 = ORIENTED_EDGE ( 'NONE', *, *, #1142, .T. ) ;
#1142 = EDGE_CURVE ( 'NONE', #1168, #1467, #4684, .T. ) ;
#1143 = ORIENTED_EDGE ( 'NONE', *, *, #1452, .T. ) ;
#1144 = ORIENTED_EDGE ( 'NONE', *, *, #1145, .T. ) ;
#1145 = EDGE_CURVE ( 'NONE', #1171, #1146, #4680, .T. ) ;
#1146 = VERTEX_POINT ( 'NONE', #4676 ) ;
#1147 = ORIENTED_EDGE ( 'NONE', *, *, #1148, .T. ) ;
#1148 = EDGE_CURVE ( 'NONE', #1146, #1167, #4674, .T. ) ;
#1149 = ADVANCED_FACE ( 'NONE', ( #4670 ), #4718, .F. ) ;
#1150 = EDGE_LOOP ( 'NONE', ( #1151, #1153, #1154, #1156 ) ) ;
#1151 = ORIENTED_EDGE ( 'NONE', *, *, #1152, .T. ) ;
#1152 = EDGE_CURVE ( 'NONE', #1146, #1465, #4713, .T. ) ;
#1153 = ORIENTED_EDGE ( 'NONE', *, *, #1445, .T. ) ;
#1154 = ORIENTED_EDGE ( 'NONE', *, *, #1155, .F. ) ;
#1155 = EDGE_CURVE ( 'NONE', #1167, #1450, #4709, .T. ) ;
#1156 = ORIENTED_EDGE ( 'NONE', *, *, #1148, .F. ) ;
#1157 = ORIENTED_EDGE ( 'NONE', *, *, #1572, .T. ) ;
#1158 = ORIENTED_EDGE ( 'NONE', *, *, #240, .T. ) ;
#1159 = ADVANCED_FACE ( 'NONE', ( #4705 ), #4704, .T. ) ;
#1160 = EDGE_LOOP ( 'NONE', ( #1161, #1162 ) ) ;
#1161 = ORIENTED_EDGE ( 'NONE', *, *, #1105, .T. ) ;
#1162 = ORIENTED_EDGE ( 'NONE', *, *, #1576, .T. ) ;
#1163 = ADVANCED_FACE ( 'NONE', ( #4698 ), #4742, .T. ) ;
#1164 = EDGE_LOOP ( 'NONE', ( #1165, #1169, #1144, #1147 ) ) ;
#1165 = ORIENTED_EDGE ( 'NONE', *, *, #1166, .T. ) ;
#1166 = EDGE_CURVE ( 'NONE', #1167, #1168, #4737, .T. ) ;
#1167 = VERTEX_POINT ( 'NONE', #4733 ) ;
#1168 = VERTEX_POINT ( 'NONE', #4732 ) ;
#1169 = ORIENTED_EDGE ( 'NONE', *, *, #1170, .T. ) ;
#1170 = EDGE_CURVE ( 'NONE', #1168, #1171, #4731, .T. ) ;
#1171 = VERTEX_POINT ( 'NONE', #4727 ) ;
#1172 = EDGE_CURVE ( 'NONE', #1581, #1563, #4725, .T. ) ;
#1173 = ORIENTED_EDGE ( 'NONE', *, *, #1537, .T. ) ;
#1174 = ORIENTED_EDGE ( 'NONE', *, *, #294, .T. ) ;
#1175 = ADVANCED_FACE ( 'NONE', ( #4720 ), #4726, .T. ) ;
#1176 = EDGE_LOOP ( 'NONE', ( #1177, #1178 ) ) ;
#1177 = ORIENTED_EDGE ( 'NONE', *, *, #1172, .T. ) ;
#1178 = ORIENTED_EDGE ( 'NONE', *, *, #1562, .T. ) ;
#1179 = ADVANCED_FACE ( 'NONE', ( #4778 ), #4777, .T. ) ;
#1180 = ORIENTED_EDGE ( 'NONE', *, *, #1181, .F. ) ;
#1181 = EDGE_CURVE ( 'NONE', #1182, #365, #4772, .T. ) ;
#1182 = VERTEX_POINT ( 'NONE', #4768 ) ;
#1183 = VERTEX_POINT ( 'NONE', #4767 ) ;
#1184 = EDGE_CURVE ( 'NONE', #1308, #1185, #4766, .T. ) ;
#1185 = VERTEX_POINT ( 'NONE', #4762 ) ;
#1186 = ORIENTED_EDGE ( 'NONE', *, *, #1187, .T. ) ;
#1187 = EDGE_CURVE ( 'NONE', #1185, #1188, #4761, .T. ) ;
#1188 = VERTEX_POINT ( 'NONE', #4757 ) ;
#1189 = ORIENTED_EDGE ( 'NONE', *, *, #1190, .F. ) ;
#1190 = EDGE_CURVE ( 'NONE', #1383, #1188, #4755, .T. ) ;
#1191 = ADVANCED_FACE ( 'NONE', ( #4751 ), #4801, .F. ) ;
#1192 = EDGE_LOOP ( 'NONE', ( #1193, #1194, #1195, #1248, #1251, #1253 ) ) ;
#1193 = ORIENTED_EDGE ( 'NONE', *, *, #1306, .F. ) ;
#1194 = ORIENTED_EDGE ( 'NONE', *, *, #1190, .T. ) ;
#1195 = ORIENTED_EDGE ( 'NONE', *, *, #1196, .T. ) ;
#1196 = EDGE_CURVE ( 'NONE', #1188, #1197, #4796, .T. ) ;
#1197 = VERTEX_POINT ( 'NONE', #4792 ) ;
#1198 = ORIENTED_EDGE ( 'NONE', *, *, #1213, .F. ) ;
#1199 = ORIENTED_EDGE ( 'NONE', *, *, #1170, .F. ) ;
#1200 = ADVANCED_FACE ( 'NONE', ( #4791 ), #4831, .F. ) ;
#1201 = EDGE_LOOP ( 'NONE', ( #1202, #1203, #1204, #1205 ) ) ;
#1202 = ORIENTED_EDGE ( 'NONE', *, *, #1155, .T. ) ;
#1203 = ORIENTED_EDGE ( 'NONE', *, *, #1449, .T. ) ;
#1204 = ORIENTED_EDGE ( 'NONE', *, *, #1142, .F. ) ;
#1205 = ORIENTED_EDGE ( 'NONE', *, *, #1166, .F. ) ;
#1206 = ADVANCED_FACE ( 'NONE', ( #4825 ), #4858, .F. ) ;
#1207 = EDGE_LOOP ( 'NONE', ( #1208, #1209, #1186, #1189 ) ) ;
#1208 = ORIENTED_EDGE ( 'NONE', *, *, #1382, .F. ) ;
#1209 = ORIENTED_EDGE ( 'NONE', *, *, #1184, .T. ) ;
#1210 = ADVANCED_FACE ( 'NONE', ( #4852 ), #4837, .F. ) ;
#1211 = EDGE_LOOP ( 'NONE', ( #1212, #1214, #1215, #1216 ) ) ;
#1212 = ORIENTED_EDGE ( 'NONE', *, *, #1213, .T. ) ;
#1213 = EDGE_CURVE ( 'NONE', #1171, #1466, #4883, .T. ) ;
#1214 = ORIENTED_EDGE ( 'NONE', *, *, #1447, .T. ) ;
#1215 = ORIENTED_EDGE ( 'NONE', *, *, #1152, .F. ) ;
#1216 = ORIENTED_EDGE ( 'NONE', *, *, #1145, .F. ) ;
#1217 = ADVANCED_FACE ( 'NONE', ( #4879 ), #4864, .F. ) ;
#1218 = EDGE_LOOP ( 'NONE', ( #1141, #1143, #1198, #1199 ) ) ;
#1219 = EDGE_CURVE ( 'NONE', #1296, #1220, #4917, .T. ) ;
#1220 = VERTEX_POINT ( 'NONE', #4913 ) ;
#1221 = ORIENTED_EDGE ( 'NONE', *, *, #1222, .T. ) ;
#1222 = EDGE_CURVE ( 'NONE', #1220, #1292, #4911, .T. ) ;
#1223 = ADVANCED_FACE ( 'NONE', ( #4907 ), #4892, .F. ) ;
#1224 = ORIENTED_EDGE ( 'NONE', *, *, #363, .T. ) ;
#1225 = ORIENTED_EDGE ( 'NONE', *, *, #1252, .F. ) ;
#1226 = ORIENTED_EDGE ( 'NONE', *, *, #1227, .F. ) ;
#1227 = EDGE_CURVE ( 'NONE', #1182, #1250, #4944, .T. ) ;
#1228 = ORIENTED_EDGE ( 'NONE', *, *, #1181, .T. ) ;
#1229 = ADVANCED_FACE ( 'NONE', ( #4940 ), #4925, .F. ) ;
#1230 = EDGE_LOOP ( 'NONE', ( #1231, #1232, #1233, #1288 ) ) ;
#1231 = ORIENTED_EDGE ( 'NONE', *, *, #1236, .T. ) ;
#1232 = ORIENTED_EDGE ( 'NONE', *, *, #1227, .T. ) ;
#1233 = ORIENTED_EDGE ( 'NONE', *, *, #1249, .T. ) ;
#1234 = EDGE_LOOP ( 'NONE', ( #1290, #1294, #1297, #1221 ) ) ;
#1235 = ORIENTED_EDGE ( 'NONE', *, *, #1236, .F. ) ;
#1236 = EDGE_CURVE ( 'NONE', #1183, #1182, #4920, .T. ) ;
#1237 = ORIENTED_EDGE ( 'NONE', *, *, #1238, .T. ) ;
#1238 = EDGE_CURVE ( 'NONE', #1183, #1185, #4971, .T. ) ;
#1239 = ORIENTED_EDGE ( 'NONE', *, *, #1184, .F. ) ;
#1240 = ADVANCED_FACE ( 'NONE', ( #4967 ), #4952, .F. ) ;
#1241 = EDGE_LOOP ( 'NONE', ( #1242, #1243, #1244, #1246 ) ) ;
#1242 = ORIENTED_EDGE ( 'NONE', *, *, #1187, .F. ) ;
#1243 = ORIENTED_EDGE ( 'NONE', *, *, #1238, .F. ) ;
#1244 = ORIENTED_EDGE ( 'NONE', *, *, #1245, .F. ) ;
#1245 = EDGE_CURVE ( 'NONE', #1197, #1183, #4947, .T. ) ;
#1246 = ORIENTED_EDGE ( 'NONE', *, *, #1196, .F. ) ;
#1247 = EDGE_LOOP ( 'NONE', ( #1224, #1225, #1226, #1228 ) ) ;
#1248 = ORIENTED_EDGE ( 'NONE', *, *, #1249, .F. ) ;
#1249 = EDGE_CURVE ( 'NONE', #1250, #1197, #4999, .T. ) ;
#1250 = VERTEX_POINT ( 'NONE', #4995 ) ;
#1251 = ORIENTED_EDGE ( 'NONE', *, *, #1252, .T. ) ;
#1252 = EDGE_CURVE ( 'NONE', #1250, #367, #4993, .T. ) ;
#1253 = ORIENTED_EDGE ( 'NONE', *, *, #370, .F. ) ;
#1254 = ADVANCED_FACE ( 'NONE', ( #4989 ), #4974, .F. ) ;
#1255 = EDGE_LOOP ( 'NONE', ( #1256, #1257, #1180, #1235, #1237, #1239 ) ) ;
#1256 = ORIENTED_EDGE ( 'NONE', *, *, #1310, .F. ) ;
#1257 = ORIENTED_EDGE ( 'NONE', *, *, #351, .T. ) ;
#1258 = VERTEX_POINT ( 'NONE', #5023 ) ;
#1259 = ORIENTED_EDGE ( 'NONE', *, *, #1260, .T. ) ;
#1260 = EDGE_CURVE ( 'NONE', #1258, #1261, #5022, .T. ) ;
#1261 = VERTEX_POINT ( 'NONE', #5018 ) ;
#1262 = ORIENTED_EDGE ( 'NONE', *, *, #420, .F. ) ;
#1263 = ORIENTED_EDGE ( 'NONE', *, *, #1278, .F. ) ;
#1264 = ORIENTED_EDGE ( 'NONE', *, *, #1219, .F. ) ;
#1265 = ADVANCED_FACE ( 'NONE', ( #5017 ), #5058, .F. ) ;
#1266 = EDGE_LOOP ( 'NONE', ( #1267, #1269, #1270, #1271 ) ) ;
#1267 = ORIENTED_EDGE ( 'NONE', *, *, #1268, .T. ) ;
#1268 = EDGE_CURVE ( 'NONE', #1293, #1387, #5052, .T. ) ;
#1269 = ORIENTED_EDGE ( 'NONE', *, *, #1393, .T. ) ;
#1270 = ORIENTED_EDGE ( 'NONE', *, *, #1286, .F. ) ;
#1271 = ORIENTED_EDGE ( 'NONE', *, *, #1295, .F. ) ;
#1272 = ADVANCED_FACE ( 'NONE', ( #5048 ), #5033, .F. ) ;
#1273 = EDGE_LOOP ( 'NONE', ( #1274, #1332, #1333, #1334 ) ) ;
#1274 = ORIENTED_EDGE ( 'NONE', *, *, #1281, .T. ) ;
#1275 = ADVANCED_FACE ( 'NONE', ( #5087 ), #5072, .F. ) ;
#1276 = EDGE_LOOP ( 'NONE', ( #1277, #1279, #1280, #1282 ) ) ;
#1277 = ORIENTED_EDGE ( 'NONE', *, *, #1278, .T. ) ;
#1278 = EDGE_CURVE ( 'NONE', #1220, #1385, #5067, .T. ) ;
#1279 = ORIENTED_EDGE ( 'NONE', *, *, #1403, .T. ) ;
#1280 = ORIENTED_EDGE ( 'NONE', *, *, #1281, .F. ) ;
#1281 = EDGE_CURVE ( 'NONE', #1292, #165, #5062, .T. ) ;
#1282 = ORIENTED_EDGE ( 'NONE', *, *, #1222, .F. ) ;
#1283 = ADVANCED_FACE ( 'NONE', ( #5120 ), #5105, .F. ) ;
#1284 = EDGE_LOOP ( 'NONE', ( #1285, #1287, #1263, #1264 ) ) ;
#1285 = ORIENTED_EDGE ( 'NONE', *, *, #1286, .T. ) ;
#1286 = EDGE_CURVE ( 'NONE', #1296, #1401, #5099, .T. ) ;
#1287 = ORIENTED_EDGE ( 'NONE', *, *, #1400, .T. ) ;
#1288 = ORIENTED_EDGE ( 'NONE', *, *, #1245, .T. ) ;
#1289 = ADVANCED_FACE ( 'NONE', ( #5095 ), #5136, .T. ) ;
#1290 = ORIENTED_EDGE ( 'NONE', *, *, #1291, .T. ) ;
#1291 = EDGE_CURVE ( 'NONE', #1292, #1293, #5131, .T. ) ;
#1292 = VERTEX_POINT ( 'NONE', #5127 ) ;
#1293 = VERTEX_POINT ( 'NONE', #5126 ) ;
#1294 = ORIENTED_EDGE ( 'NONE', *, *, #1295, .T. ) ;
#1295 = EDGE_CURVE ( 'NONE', #1293, #1296, #5125, .T. ) ;
#1296 = VERTEX_POINT ( 'NONE', #5121 ) ;
#1297 = ORIENTED_EDGE ( 'NONE', *, *, #1219, .T. ) ;
#1298 = VERTEX_POINT ( 'NONE', #5173 ) ;
#1299 = ORIENTED_EDGE ( 'NONE', *, *, #1300, .T. ) ;
#1300 = EDGE_CURVE ( 'NONE', #1307, #1298, #5172, .T. ) ;
#1301 = EDGE_LOOP ( 'NONE', ( #1302, #1321, #1362, #1378 ) ) ;
#1302 = ORIENTED_EDGE ( 'NONE', *, *, #1303, .T. ) ;
#1303 = EDGE_CURVE ( 'NONE', #1679, #1304, #5168, .T. ) ;
#1304 = VERTEX_POINT ( 'NONE', #5164 ) ;
#1305 = ORIENTED_EDGE ( 'NONE', *, *, #1306, .T. ) ;
#1306 = EDGE_CURVE ( 'NONE', #1383, #1307, #5163, .T. ) ;
#1307 = VERTEX_POINT ( 'NONE', #5159 ) ;
#1308 = VERTEX_POINT ( 'NONE', #5158 ) ;
#1309 = ORIENTED_EDGE ( 'NONE', *, *, #1382, .T. ) ;
#1310 = EDGE_CURVE ( 'NONE', #1298, #1308, #5157, .T. ) ;
#1311 = ORIENTED_EDGE ( 'NONE', *, *, #1724, .T. ) ;
#1312 = EDGE_LOOP ( 'NONE', ( #1325, #1309, #1305, #1299 ) ) ;
#1313 = EDGE_CURVE ( 'NONE', #1329, #1725, #5153, .T. ) ;
#1314 = ORIENTED_EDGE ( 'NONE', *, *, #1331, .T. ) ;
#1315 = EDGE_CURVE ( 'NONE', #1653, #1316, #5149, .T. ) ;
#1316 = VERTEX_POINT ( 'NONE', #5145 ) ;
#1317 = ORIENTED_EDGE ( 'NONE', *, *, #1315, .T. ) ;
#1318 = EDGE_CURVE ( 'NONE', #1322, #1681, #5144, .T. ) ;
#1319 = ORIENTED_EDGE ( 'NONE', *, *, #1718, .T. ) ;
#1320 = EDGE_LOOP ( 'NONE', ( #1317, #1314, #1327, #1311 ) ) ;
#1321 = ORIENTED_EDGE ( 'NONE', *, *, #1365, .T. ) ;
#1322 = VERTEX_POINT ( 'NONE', #5200 ) ;
#1323 = ORIENTED_EDGE ( 'NONE', *, *, #1318, .T. ) ;
#1324 = EDGE_CURVE ( 'NONE', #1492, #1322, #5199, .T. ) ;
#1325 = ORIENTED_EDGE ( 'NONE', *, *, #1310, .T. ) ;
#1326 = VERTEX_POINT ( 'NONE', #5195 ) ;
#1327 = ORIENTED_EDGE ( 'NONE', *, *, #1313, .T. ) ;
#1328 = EDGE_LOOP ( 'NONE', ( #1507, #1506, #1502, #1499 ) ) ;
#1329 = VERTEX_POINT ( 'NONE', #5194 ) ;
#1330 = ORIENTED_EDGE ( 'NONE', *, *, #1324, .T. ) ;
#1331 = EDGE_CURVE ( 'NONE', #1316, #1329, #5192, .T. ) ;
#1332 = ORIENTED_EDGE ( 'NONE', *, *, #1398, .T. ) ;
#1333 = ORIENTED_EDGE ( 'NONE', *, *, #1268, .F. ) ;
#1334 = ORIENTED_EDGE ( 'NONE', *, *, #1291, .F. ) ;
#1335 = ADVANCED_FACE ( 'NONE', ( #5188 ), #5241, .F. ) ;
#1336 = EDGE_LOOP ( 'NONE', ( #1337, #1338, #1259, #1262 ) ) ;
#1337 = ORIENTED_EDGE ( 'NONE', *, *, #1331, .F. ) ;
#1338 = ORIENTED_EDGE ( 'NONE', *, *, #1339, .T. ) ;
#1339 = EDGE_CURVE ( 'NONE', #1316, #1258, #5236, .T. ) ;
#1340 = EDGE_LOOP ( 'NONE', ( #1355, #1351, #1352, #1343 ) ) ;
#1341 = EDGE_LOOP ( 'NONE', ( #1348, #1346, #1415, #1429 ) ) ;
#1342 = VERTEX_POINT ( 'NONE', #5232 ) ;
#1343 = ORIENTED_EDGE ( 'NONE', *, *, #1544, .T. ) ;
#1344 = ADVANCED_FACE ( 'NONE', ( #5231, #5230, #5229, #5228, #5227, #5226, #5225, #5224, #5223, #5222 ), #5221, .F. ) ;
#1345 = VERTEX_POINT ( 'NONE', #5216 ) ;
#1346 = ORIENTED_EDGE ( 'NONE', *, *, #1419, .F. ) ;
#1347 = ORIENTED_EDGE ( 'NONE', *, *, #1359, .T. ) ;
#1348 = ORIENTED_EDGE ( 'NONE', *, *, #1349, .F. ) ;
#1349 = EDGE_CURVE ( 'NONE', #1350, #1345, #5215, .T. ) ;
#1350 = VERTEX_POINT ( 'NONE', #5211 ) ;
#1351 = ORIENTED_EDGE ( 'NONE', *, *, #1357, .T. ) ;
#1352 = ORIENTED_EDGE ( 'NONE', *, *, #1353, .T. ) ;
#1353 = EDGE_CURVE ( 'NONE', #1358, #1545, #5210, .T. ) ;
#1354 = ORIENTED_EDGE ( 'NONE', *, *, #1549, .T. ) ;
#1355 = ORIENTED_EDGE ( 'NONE', *, *, #1356, .T. ) ;
#1356 = EDGE_CURVE ( 'NONE', #1542, #1342, #5206, .T. ) ;
#1357 = EDGE_CURVE ( 'NONE', #1342, #1358, #5270, .T. ) ;
#1358 = VERTEX_POINT ( 'NONE', #5266 ) ;
#1359 = EDGE_CURVE ( 'NONE', #1370, #1550, #5265, .T. ) ;
#1360 = EDGE_LOOP ( 'NONE', ( #1379, #1368, #1347, #1354 ) ) ;
#1361 = ORIENTED_EDGE ( 'NONE', *, *, #1367, .T. ) ;
#1362 = ORIENTED_EDGE ( 'NONE', *, *, #1363, .T. ) ;
#1363 = EDGE_CURVE ( 'NONE', #1364, #1658, #5261, .T. ) ;
#1364 = VERTEX_POINT ( 'NONE', #5257 ) ;
#1365 = EDGE_CURVE ( 'NONE', #1304, #1364, #5256, .T. ) ;
#1366 = VERTEX_POINT ( 'NONE', #5252 ) ;
#1367 = EDGE_CURVE ( 'NONE', #1366, #1371, #5251, .T. ) ;
#1368 = ORIENTED_EDGE ( 'NONE', *, *, #1369, .T. ) ;
#1369 = EDGE_CURVE ( 'NONE', #1381, #1370, #5247, .T. ) ;
#1370 = VERTEX_POINT ( 'NONE', #5243 ) ;
#1371 = VERTEX_POINT ( 'NONE', #5242 ) ;
#1372 = ORIENTED_EDGE ( 'NONE', *, *, #1373, .T. ) ;
#1373 = EDGE_CURVE ( 'NONE', #1647, #1366, #5301, .T. ) ;
#1374 = EDGE_LOOP ( 'NONE', ( #1372, #1361, #1375, #1377 ) ) ;
#1375 = ORIENTED_EDGE ( 'NONE', *, *, #1376, .T. ) ;
#1376 = EDGE_CURVE ( 'NONE', #1371, #1672, #5297, .T. ) ;
#1377 = ORIENTED_EDGE ( 'NONE', *, *, #1671, .T. ) ;
#1378 = ORIENTED_EDGE ( 'NONE', *, *, #1657, .T. ) ;
#1379 = ORIENTED_EDGE ( 'NONE', *, *, #1380, .T. ) ;
#1380 = EDGE_CURVE ( 'NONE', #1557, #1381, #5293, .T. ) ;
#1381 = VERTEX_POINT ( 'NONE', #5289 ) ;
#1382 = EDGE_CURVE ( 'NONE', #1308, #1383, #5288, .T. ) ;
#1383 = VERTEX_POINT ( 'NONE', #5284 ) ;
#1384 = EDGE_CURVE ( 'NONE', #1392, #1410, #5283, .T. ) ;
#1385 = VERTEX_POINT ( 'NONE', #5279 ) ;
#1386 = ORIENTED_EDGE ( 'NONE', *, *, #1400, .F. ) ;
#1387 = VERTEX_POINT ( 'NONE', #5278 ) ;
#1388 = ORIENTED_EDGE ( 'NONE', *, *, #1384, .F. ) ;
#1389 = VERTEX_POINT ( 'NONE', #5277 ) ;
#1390 = ORIENTED_EDGE ( 'NONE', *, *, #1474, .F. ) ;
#1391 = EDGE_CURVE ( 'NONE', #1389, #1392, #5276, .T. ) ;
#1392 = VERTEX_POINT ( 'NONE', #5272 ) ;
#1393 = EDGE_CURVE ( 'NONE', #1387, #1401, #5334, .T. ) ;
#1394 = EDGE_LOOP ( 'NONE', ( #1458, #1459, #1462, #1438 ) ) ;
#1395 = EDGE_CURVE ( 'NONE', #1472, #1509, #5330, .T. ) ;
#1396 = ORIENTED_EDGE ( 'NONE', *, *, #1391, .F. ) ;
#1397 = ORIENTED_EDGE ( 'NONE', *, *, #1398, .F. ) ;
#1398 = EDGE_CURVE ( 'NONE', #165, #1387, #5326, .T. ) ;
#1399 = ORIENTED_EDGE ( 'NONE', *, *, #1403, .F. ) ;
#1400 = EDGE_CURVE ( 'NONE', #1401, #1385, #5322, .T. ) ;
#1401 = VERTEX_POINT ( 'NONE', #5318 ) ;
#1402 = ORIENTED_EDGE ( 'NONE', *, *, #1393, .F. ) ;
#1403 = EDGE_CURVE ( 'NONE', #1385, #165, #5317, .T. ) ;
#1404 = EDGE_CURVE ( 'NONE', #1345, #1420, #5313, .T. ) ;
#1405 = ORIENTED_EDGE ( 'NONE', *, *, #1422, .T. ) ;
#1406 = EDGE_LOOP ( 'NONE', ( #1423, #1425, #1421, #1416 ) ) ;
#1407 = VERTEX_POINT ( 'NONE', #5309 ) ;
#1408 = ORIENTED_EDGE ( 'NONE', *, *, #1409, .F. ) ;
#1409 = EDGE_CURVE ( 'NONE', #1410, #1411, #5308, .T. ) ;
#1410 = VERTEX_POINT ( 'NONE', #5304 ) ;
#1411 = VERTEX_POINT ( 'NONE', #5303 ) ;
#1412 = EDGE_CURVE ( 'NONE', #1413, #1407, #5302, .T. ) ;
#1413 = VERTEX_POINT ( 'NONE', #5364 ) ;
#1414 = VERTEX_POINT ( 'NONE', #5363 ) ;
#1415 = ORIENTED_EDGE ( 'NONE', *, *, #1428, .F. ) ;
#1416 = ORIENTED_EDGE ( 'NONE', *, *, #1417, .F. ) ;
#1417 = EDGE_CURVE ( 'NONE', #1427, #1426, #5362, .T. ) ;
#1418 = EDGE_LOOP ( 'NONE', ( #1408, #1388, #1396, #1390 ) ) ;
#1419 = EDGE_CURVE ( 'NONE', #1414, #1350, #5358, .T. ) ;
#1420 = VERTEX_POINT ( 'NONE', #5354 ) ;
#1421 = ORIENTED_EDGE ( 'NONE', *, *, #1422, .F. ) ;
#1422 = EDGE_CURVE ( 'NONE', #1426, #1413, #5353, .T. ) ;
#1423 = ORIENTED_EDGE ( 'NONE', *, *, #1424, .F. ) ;
#1424 = EDGE_CURVE ( 'NONE', #1407, #1427, #5349, .T. ) ;
#1425 = ORIENTED_EDGE ( 'NONE', *, *, #1412, .F. ) ;
#1426 = VERTEX_POINT ( 'NONE', #5345 ) ;
#1427 = VERTEX_POINT ( 'NONE', #5344 ) ;
#1428 = EDGE_CURVE ( 'NONE', #1420, #1414, #5343, .T. ) ;
#1429 = ORIENTED_EDGE ( 'NONE', *, *, #1404, .F. ) ;
#1430 = ORIENTED_EDGE ( 'NONE', *, *, #1510, .F. ) ;
#1431 = EDGE_CURVE ( 'NONE', #1442, #1326, #5339, .T. ) ;
#1432 = ORIENTED_EDGE ( 'NONE', *, *, #1515, .F. ) ;
#1433 = ORIENTED_EDGE ( 'NONE', *, *, #1431, .F. ) ;
#1434 = VERTEX_POINT ( 'NONE', #5335 ) ;
#1435 = VERTEX_POINT ( 'NONE', #5398 ) ;
#1436 = ORIENTED_EDGE ( 'NONE', *, *, #1516, .F. ) ;
#1437 = ORIENTED_EDGE ( 'NONE', *, *, #1445, .F. ) ;
#1438 = ORIENTED_EDGE ( 'NONE', *, *, #1468, .T. ) ;
#1439 = EDGE_CURVE ( 'NONE', #1441, #1460, #5397, .T. ) ;
#1440 = VERTEX_POINT ( 'NONE', #5393 ) ;
#1441 = VERTEX_POINT ( 'NONE', #5392 ) ;
#1442 = VERTEX_POINT ( 'NONE', #5391 ) ;
#1443 = ORIENTED_EDGE ( 'NONE', *, *, #1444, .F. ) ;
#1444 = EDGE_CURVE ( 'NONE', #1469, #1457, #5390, .T. ) ;
#1445 = EDGE_CURVE ( 'NONE', #1465, #1450, #5386, .T. ) ;
#1446 = ORIENTED_EDGE ( 'NONE', *, *, #1447, .F. ) ;
#1447 = EDGE_CURVE ( 'NONE', #1466, #1465, #5382, .T. ) ;
#1448 = ORIENTED_EDGE ( 'NONE', *, *, #1449, .F. ) ;
#1449 = EDGE_CURVE ( 'NONE', #1450, #1467, #5378, .T. ) ;
#1450 = VERTEX_POINT ( 'NONE', #5374 ) ;
#1451 = ORIENTED_EDGE ( 'NONE', *, *, #1452, .F. ) ;
#1452 = EDGE_CURVE ( 'NONE', #1467, #1466, #5373, .T. ) ;
#1453 = EDGE_LOOP ( 'NONE', ( #1455, #1443, #1470, #1433 ) ) ;
#1454 = VERTEX_POINT ( 'NONE', #5369 ) ;
#1455 = ORIENTED_EDGE ( 'NONE', *, *, #1456, .F. ) ;
#1456 = EDGE_CURVE ( 'NONE', #1457, #1442, #5368, .T. ) ;
#1457 = VERTEX_POINT ( 'NONE', #5428 ) ;
#1458 = ORIENTED_EDGE ( 'NONE', *, *, #1439, .T. ) ;
#1459 = ORIENTED_EDGE ( 'NONE', *, *, #1461, .T. ) ;
#1460 = VERTEX_POINT ( 'NONE', #5427 ) ;
#1461 = EDGE_CURVE ( 'NONE', #1460, #1440, #5426, .T. ) ;
#1462 = ORIENTED_EDGE ( 'NONE', *, *, #1463, .T. ) ;
#1463 = EDGE_CURVE ( 'NONE', #1440, #1454, #5422, .T. ) ;
#1464 = EDGE_LOOP ( 'NONE', ( #1448, #1437, #1446, #1451 ) ) ;
#1465 = VERTEX_POINT ( 'NONE', #5418 ) ;
#1466 = VERTEX_POINT ( 'NONE', #5417 ) ;
#1467 = VERTEX_POINT ( 'NONE', #5416 ) ;
#1468 = EDGE_CURVE ( 'NONE', #1454, #1441, #5415, .T. ) ;
#1469 = VERTEX_POINT ( 'NONE', #5411 ) ;
#1470 = ORIENTED_EDGE ( 'NONE', *, *, #1471, .F. ) ;
#1471 = EDGE_CURVE ( 'NONE', #1326, #1469, #5410, .T. ) ;
#1472 = VERTEX_POINT ( 'NONE', #5406 ) ;
#1473 = EDGE_LOOP ( 'NONE', ( #1397, #1399, #1386, #1402 ) ) ;
#1474 = EDGE_CURVE ( 'NONE', #1411, #1389, #5405, .T. ) ;
#1475 = ORIENTED_EDGE ( 'NONE', *, *, #1476, .F. ) ;
#1476 = EDGE_CURVE ( 'NONE', #1477, #1558, #5401, .T. ) ;
#1477 = VERTEX_POINT ( 'NONE', #5458 ) ;
#1478 = ORIENTED_EDGE ( 'NONE', *, *, #1490, .T. ) ;
#1479 = EDGE_CURVE ( 'NONE', #1558, #1485, #5457, .T. ) ;
#1480 = ORIENTED_EDGE ( 'NONE', *, *, #1479, .F. ) ;
#1481 = ORIENTED_EDGE ( 'NONE', *, *, #1694, .T. ) ;
#1482 = ORIENTED_EDGE ( 'NONE', *, *, #1483, .F. ) ;
#1483 = EDGE_CURVE ( 'NONE', #1485, #1486, #5453, .T. ) ;
#1484 = EDGE_LOOP ( 'NONE', ( #1482, #1480, #1475, #1478 ) ) ;
#1485 = VERTEX_POINT ( 'NONE', #5449 ) ;
#1486 = VERTEX_POINT ( 'NONE', #5448 ) ;
#1487 = ADVANCED_FACE ( 'NONE', ( #5447 ), #5491, .F. ) ;
#1488 = EDGE_CURVE ( 'NONE', #1545, #1593, #5486, .T. ) ;
#1489 = ORIENTED_EDGE ( 'NONE', *, *, #1720, .T. ) ;
#1490 = EDGE_CURVE ( 'NONE', #1477, #1486, #5482, .T. ) ;
#1491 = ORIENTED_EDGE ( 'NONE', *, *, #1488, .T. ) ;
#1492 = VERTEX_POINT ( 'NONE', #5478 ) ;
#1493 = EDGE_LOOP ( 'NONE', ( #1495, #1330, #1323, #1319 ) ) ;
#1494 = ORIENTED_EDGE ( 'NONE', *, *, #1668, .T. ) ;
#1495 = ORIENTED_EDGE ( 'NONE', *, *, #1496, .T. ) ;
#1496 = EDGE_CURVE ( 'NONE', #1716, #1492, #5477, .T. ) ;
#1497 = ORIENTED_EDGE ( 'NONE', *, *, #1498, .T. ) ;
#1498 = EDGE_CURVE ( 'NONE', #993, #1614, #5473, .T. ) ;
#1499 = ORIENTED_EDGE ( 'NONE', *, *, #1500, .F. ) ;
#1500 = EDGE_CURVE ( 'NONE', #1505, #1504, #5469, .T. ) ;
#1501 = EDGE_LOOP ( 'NONE', ( #379, #360, #311, #374 ) ) ;
#1502 = ORIENTED_EDGE ( 'NONE', *, *, #1503, .F. ) ;
#1503 = EDGE_CURVE ( 'NONE', #1504, #1472, #5465, .T. ) ;
#1504 = VERTEX_POINT ( 'NONE', #5461 ) ;
#1505 = VERTEX_POINT ( 'NONE', #5460 ) ;
#1506 = ORIENTED_EDGE ( 'NONE', *, *, #1395, .F. ) ;
#1507 = ORIENTED_EDGE ( 'NONE', *, *, #1508, .F. ) ;
#1508 = EDGE_CURVE ( 'NONE', #1509, #1505, #5527, .T. ) ;
#1509 = VERTEX_POINT ( 'NONE', #5523 ) ;
#1510 = EDGE_CURVE ( 'NONE', #1511, #1517, #5522, .T. ) ;
#1511 = VERTEX_POINT ( 'NONE', #5518 ) ;
#1512 = ORIENTED_EDGE ( 'NONE', *, *, #1513, .F. ) ;
#1513 = EDGE_CURVE ( 'NONE', #1435, #1511, #5517, .T. ) ;
#1514 = EDGE_LOOP ( 'NONE', ( #1432, #1436, #1430, #1512 ) ) ;
#1515 = EDGE_CURVE ( 'NONE', #1434, #1435, #5513, .T. ) ;
#1516 = EDGE_CURVE ( 'NONE', #1517, #1434, #5509, .T. ) ;
#1517 = VERTEX_POINT ( 'NONE', #5505 ) ;
#1518 = VERTEX_POINT ( 'NONE', #5504 ) ;
#1519 = ORIENTED_EDGE ( 'NONE', *, *, #1520, .F. ) ;
#1520 = EDGE_CURVE ( 'NONE', #1521, #1518, #5503, .T. ) ;
#1521 = VERTEX_POINT ( 'NONE', #5499 ) ;
#1522 = EDGE_LOOP ( 'NONE', ( #1575, #1529, #1526, #1571 ) ) ;
#1523 = MANIFOLD_SOLID_BREP ( 'NONE', #1001 ) ;
#1524 = ADVANCED_FACE ( 'NONE', ( #5542 ), #5540, .T. ) ;
#1525 = VERTEX_POINT ( 'NONE', #5536 ) ;
#1526 = ORIENTED_EDGE ( 'NONE', *, *, #1527, .T. ) ;
#1527 = EDGE_CURVE ( 'NONE', #1525, #1570, #5535, .T. ) ;
#1528 = VERTEX_POINT ( 'NONE', #5530 ) ;
#1529 = ORIENTED_EDGE ( 'NONE', *, *, #1530, .T. ) ;
#1530 = EDGE_CURVE ( 'NONE', #1574, #1525, #5529, .T. ) ;
#1531 = EDGE_CURVE ( 'NONE', #1563, #1532, #5582, .T. ) ;
#1532 = VERTEX_POINT ( 'NONE', #5578 ) ;
#1533 = ORIENTED_EDGE ( 'NONE', *, *, #1534, .T. ) ;
#1534 = EDGE_CURVE ( 'NONE', #1532, #1535, #5577, .T. ) ;
#1535 = VERTEX_POINT ( 'NONE', #5572 ) ;
#1536 = ORIENTED_EDGE ( 'NONE', *, *, #1537, .F. ) ;
#1537 = EDGE_CURVE ( 'NONE', #1581, #1535, #5571, .T. ) ;
#1538 = ADVANCED_FACE ( 'NONE', ( #5567 ), #5566, .F. ) ;
#1539 = EDGE_LOOP ( 'NONE', ( #1615, #1618, #1621, #1624 ) ) ;
#1540 = VERTEX_POINT ( 'NONE', #5561 ) ;
#1541 = EDGE_CURVE ( 'NONE', #1542, #1592, #5560, .T. ) ;
#1542 = VERTEX_POINT ( 'NONE', #5556 ) ;
#1543 = ORIENTED_EDGE ( 'NONE', *, *, #1544, .F. ) ;
#1544 = EDGE_CURVE ( 'NONE', #1545, #1542, #5555, .T. ) ;
#1545 = VERTEX_POINT ( 'NONE', #5551 ) ;
#1546 = ORIENTED_EDGE ( 'NONE', *, *, #1551, .F. ) ;
#1547 = VERTEX_POINT ( 'NONE', #5611 ) ;
#1548 = ORIENTED_EDGE ( 'NONE', *, *, #1549, .F. ) ;
#1549 = EDGE_CURVE ( 'NONE', #1550, #1557, #5610, .T. ) ;
#1550 = VERTEX_POINT ( 'NONE', #5606 ) ;
#1551 = EDGE_CURVE ( 'NONE', #1547, #1552, #5605, .T. ) ;
#1552 = VERTEX_POINT ( 'NONE', #5601 ) ;
#1553 = ADVANCED_FACE ( 'NONE', ( #5600 ), #5644, .F. ) ;
#1554 = EDGE_CURVE ( 'NONE', #1557, #1547, #5639, .T. ) ;
#1555 = EDGE_LOOP ( 'NONE', ( #1546, #1556, #1548, #1489 ) ) ;
#1556 = ORIENTED_EDGE ( 'NONE', *, *, #1554, .F. ) ;
#1557 = VERTEX_POINT ( 'NONE', #5635 ) ;
#1558 = VERTEX_POINT ( 'NONE', #5634 ) ;
#1559 = VERTEX_POINT ( 'NONE', #5633 ) ;
#1560 = ADVANCED_FACE ( 'NONE', ( #5632 ), #5629, .T. ) ;
#1561 = ORIENTED_EDGE ( 'NONE', *, *, #1562, .F. ) ;
#1562 = EDGE_CURVE ( 'NONE', #1563, #1581, #5630, .T. ) ;
#1563 = VERTEX_POINT ( 'NONE', #5621 ) ;
#1564 = VERTEX_POINT ( 'NONE', #5620 ) ;
#1565 = ORIENTED_EDGE ( 'NONE', *, *, #1566, .T. ) ;
#1566 = EDGE_CURVE ( 'NONE', #1564, #1589, #5619, .T. ) ;
#1567 = ADVANCED_FACE ( 'NONE', ( #5615 ), #5614, .F. ) ;
#1568 = EDGE_LOOP ( 'NONE', ( #1569, #1598, #1519, #1577 ) ) ;
#1569 = ORIENTED_EDGE ( 'NONE', *, *, #1595, .T. ) ;
#1570 = VERTEX_POINT ( 'NONE', #5674 ) ;
#1571 = ORIENTED_EDGE ( 'NONE', *, *, #1572, .F. ) ;
#1572 = EDGE_CURVE ( 'NONE', #1528, #1570, #5673, .T. ) ;
#1573 = EDGE_LOOP ( 'NONE', ( #1561, #1582, #1533, #1536 ) ) ;
#1574 = VERTEX_POINT ( 'NONE', #5669 ) ;
#1575 = ORIENTED_EDGE ( 'NONE', *, *, #1576, .F. ) ;
#1576 = EDGE_CURVE ( 'NONE', #1574, #1528, #5668, .T. ) ;
#1577 = ORIENTED_EDGE ( 'NONE', *, *, #1578, .T. ) ;
#1578 = EDGE_CURVE ( 'NONE', #1521, #1596, #5662, .T. ) ;
#1579 = ADVANCED_FACE ( 'NONE', ( #5658 ), #5703, .F. ) ;
#1580 = EDGE_LOOP ( 'NONE', ( #1590, #1594, #1543, #1491 ) ) ;
#1581 = VERTEX_POINT ( 'NONE', #5698 ) ;
#1582 = ORIENTED_EDGE ( 'NONE', *, *, #1531, .T. ) ;
#1583 = ORIENTED_EDGE ( 'NONE', *, *, #1584, .T. ) ;
#1584 = EDGE_CURVE ( 'NONE', #1559, #1634, #5697, .T. ) ;
#1585 = ADVANCED_FACE ( 'NONE', ( #5693 ), #5692, .F. ) ;
#1586 = EDGE_LOOP ( 'NONE', ( #1587, #1631, #1632, #1565 ) ) ;
#1587 = ORIENTED_EDGE ( 'NONE', *, *, #1588, .F. ) ;
#1588 = EDGE_CURVE ( 'NONE', #1634, #1589, #5687, .T. ) ;
#1589 = VERTEX_POINT ( 'NONE', #5683 ) ;
#1590 = ORIENTED_EDGE ( 'NONE', *, *, #1591, .F. ) ;
#1591 = EDGE_CURVE ( 'NONE', #1592, #1593, #5682, .T. ) ;
#1592 = VERTEX_POINT ( 'NONE', #5678 ) ;
#1593 = VERTEX_POINT ( 'NONE', #5677 ) ;
#1594 = ORIENTED_EDGE ( 'NONE', *, *, #1541, .F. ) ;
#1595 = EDGE_CURVE ( 'NONE', #1596, #1597, #5734, .T. ) ;
#1596 = VERTEX_POINT ( 'NONE', #5730 ) ;
#1597 = VERTEX_POINT ( 'NONE', #5729 ) ;
#1598 = ORIENTED_EDGE ( 'NONE', *, *, #1599, .F. ) ;
#1599 = EDGE_CURVE ( 'NONE', #1518, #1597, #5728, .T. ) ;
#1600 = EDGE_CURVE ( 'NONE', #1681, #1705, #5723, .T. ) ;
#1601 = ADVANCED_FACE ( 'NONE', ( #5719 ), #5760, .F. ) ;
#1602 = EDGE_LOOP ( 'NONE', ( #1673, #1677, #1656, #1659 ) ) ;
#1603 = VERTEX_POINT ( 'NONE', #5755 ) ;
#1604 = EDGE_CURVE ( 'NONE', #1614, #1603, #5753, .T. ) ;
#1605 = ADVANCED_FACE ( 'NONE', ( #5749 ), #5790, .F. ) ;
#1606 = EDGE_LOOP ( 'NONE', ( #1702, #1701, #1670, #1609 ) ) ;
#1607 = ORIENTED_EDGE ( 'NONE', *, *, #1604, .T. ) ;
#1608 = VERTEX_POINT ( 'NONE', #5785 ) ;
#1609 = ORIENTED_EDGE ( 'NONE', *, *, #1610, .T. ) ;
#1610 = EDGE_CURVE ( 'NONE', #1672, #1669, #5783, .T. ) ;
#1611 = EDGE_LOOP ( 'NONE', ( #1703, #1714, #1717, #1682 ) ) ;
#1612 = ADVANCED_FACE ( 'NONE', ( #5779 ), #5764, .F. ) ;
#1613 = VERTEX_POINT ( 'NONE', #5821 ) ;
#1614 = VERTEX_POINT ( 'NONE', #5820 ) ;
#1615 = ORIENTED_EDGE ( 'NONE', *, *, #1616, .F. ) ;
#1616 = EDGE_CURVE ( 'NONE', #1540, #1617, #5819, .T. ) ;
#1617 = VERTEX_POINT ( 'NONE', #5815 ) ;
#1618 = ORIENTED_EDGE ( 'NONE', *, *, #1619, .T. ) ;
#1619 = EDGE_CURVE ( 'NONE', #1540, #1620, #5814, .T. ) ;
#1620 = VERTEX_POINT ( 'NONE', #5810 ) ;
#1621 = ORIENTED_EDGE ( 'NONE', *, *, #1622, .T. ) ;
#1622 = EDGE_CURVE ( 'NONE', #1620, #1623, #5809, .T. ) ;
#1623 = VERTEX_POINT ( 'NONE', #5805 ) ;
#1624 = ORIENTED_EDGE ( 'NONE', *, *, #1625, .T. ) ;
#1625 = EDGE_CURVE ( 'NONE', #1623, #1617, #5804, .T. ) ;
#1626 = ADVANCED_FACE ( 'NONE', ( #5800 ), #5799, .F. ) ;
#1627 = EDGE_LOOP ( 'NONE', ( #1628, #1635, #1638, #1583 ) ) ;
#1628 = ORIENTED_EDGE ( 'NONE', *, *, #1629, .F. ) ;
#1629 = EDGE_CURVE ( 'NONE', #1630, #1634, #5794, .T. ) ;
#1630 = VERTEX_POINT ( 'NONE', #5859 ) ;
#1631 = ORIENTED_EDGE ( 'NONE', *, *, #1584, .F. ) ;
#1632 = ORIENTED_EDGE ( 'NONE', *, *, #1633, .T. ) ;
#1633 = EDGE_CURVE ( 'NONE', #1559, #1564, #5858, .T. ) ;
#1634 = VERTEX_POINT ( 'NONE', #5854 ) ;
#1635 = ORIENTED_EDGE ( 'NONE', *, *, #1636, .T. ) ;
#1636 = EDGE_CURVE ( 'NONE', #1630, #1637, #5853, .T. ) ;
#1637 = VERTEX_POINT ( 'NONE', #5849 ) ;
#1638 = ORIENTED_EDGE ( 'NONE', *, *, #1639, .T. ) ;
#1639 = EDGE_CURVE ( 'NONE', #1637, #1559, #5848, .T. ) ;
#1640 = ADVANCED_FACE ( 'NONE', ( #5844, #5843, #5842, #5841, #5840, #5839, #5838, #5837, #5836, #5835 ), #5834, .T. ) ;
#1641 = EDGE_LOOP ( 'NONE', ( #1642, #1708, #1711, #1664, #1481, #1693, #1687, #1699 ) ) ;
#1642 = ORIENTED_EDGE ( 'NONE', *, *, #1643, .F. ) ;
#1643 = EDGE_CURVE ( 'NONE', #1706, #1707, #5829, .T. ) ;
#1644 = VERTEX_POINT ( 'NONE', #5825 ) ;
#1645 = ORIENTED_EDGE ( 'NONE', *, *, #1654, .F. ) ;
#1646 = EDGE_CURVE ( 'NONE', #1647, #1644, #5824, .T. ) ;
#1647 = VERTEX_POINT ( 'NONE', #5887 ) ;
#1648 = EDGE_LOOP ( 'NONE', ( #1649, #1721, #1723, #1726 ) ) ;
#1649 = ORIENTED_EDGE ( 'NONE', *, *, #1650, .F. ) ;
#1650 = EDGE_CURVE ( 'NONE', #1651, #1652, #5886, .T. ) ;
#1651 = VERTEX_POINT ( 'NONE', #5882 ) ;
#1652 = VERTEX_POINT ( 'NONE', #5881 ) ;
#1653 = VERTEX_POINT ( 'NONE', #5880 ) ;
#1654 = EDGE_CURVE ( 'NONE', #1608, #1663, #5878, .T. ) ;
#1655 = ADVANCED_FACE ( 'NONE', ( #5874 ), #5919, .F. ) ;
#1656 = ORIENTED_EDGE ( 'NONE', *, *, #1657, .F. ) ;
#1657 = EDGE_CURVE ( 'NONE', #1658, #1679, #5914, .T. ) ;
#1658 = VERTEX_POINT ( 'NONE', #5910 ) ;
#1659 = ORIENTED_EDGE ( 'NONE', *, *, #1660, .T. ) ;
#1660 = EDGE_CURVE ( 'NONE', #1658, #1676, #5908, .T. ) ;
#1661 = ADVANCED_FACE ( 'NONE', ( #5904 ), #5948, .F. ) ;
#1662 = ORIENTED_EDGE ( 'NONE', *, *, #1719, .F. ) ;
#1663 = VERTEX_POINT ( 'NONE', #5943 ) ;
#1664 = ORIENTED_EDGE ( 'NONE', *, *, #1665, .T. ) ;
#1665 = EDGE_CURVE ( 'NONE', #1713, #1666, #5942, .T. ) ;
#1666 = VERTEX_POINT ( 'NONE', #5938 ) ;
#1667 = ORIENTED_EDGE ( 'NONE', *, *, #1668, .F. ) ;
#1668 = EDGE_CURVE ( 'NONE', #1614, #1608, #5937, .T. ) ;
#1669 = VERTEX_POINT ( 'NONE', #5933 ) ;
#1670 = ORIENTED_EDGE ( 'NONE', *, *, #1671, .F. ) ;
#1671 = EDGE_CURVE ( 'NONE', #1672, #1647, #5932, .T. ) ;
#1672 = VERTEX_POINT ( 'NONE', #5928 ) ;
#1673 = ORIENTED_EDGE ( 'NONE', *, *, #1674, .F. ) ;
#1674 = EDGE_CURVE ( 'NONE', #1675, #1676, #5927, .T. ) ;
#1675 = VERTEX_POINT ( 'NONE', #5923 ) ;
#1676 = VERTEX_POINT ( 'NONE', #5922 ) ;
#1677 = ORIENTED_EDGE ( 'NONE', *, *, #1678, .F. ) ;
#1678 = EDGE_CURVE ( 'NONE', #1679, #1675, #5921, .T. ) ;
#1679 = VERTEX_POINT ( 'NONE', #5979 ) ;
#1680 = EDGE_LOOP ( 'NONE', ( #1662, #1645, #1667, #1607 ) ) ;
#1681 = VERTEX_POINT ( 'NONE', #5978 ) ;
#1682 = ORIENTED_EDGE ( 'NONE', *, *, #1600, .T. ) ;
#1683 = EDGE_LOOP ( 'NONE', ( #1685, #1689, #996, #999 ) ) ;
#1684 = EDGE_CURVE ( 'NONE', #1698, #1707, #5977, .T. ) ;
#1685 = ORIENTED_EDGE ( 'NONE', *, *, #1697, .T. ) ;
#1686 = VERTEX_POINT ( 'NONE', #5973 ) ;
#1687 = ORIENTED_EDGE ( 'NONE', *, *, #1688, .T. ) ;
#1688 = EDGE_CURVE ( 'NONE', #1696, #1698, #5972, .T. ) ;
#1689 = ORIENTED_EDGE ( 'NONE', *, *, #1690, .T. ) ;
#1690 = EDGE_CURVE ( 'NONE', #1686, #1691, #5968, .T. ) ;
#1691 = VERTEX_POINT ( 'NONE', #5964 ) ;
#1692 = VERTEX_POINT ( 'NONE', #5963 ) ;
#1693 = ORIENTED_EDGE ( 'NONE', *, *, #1695, .T. ) ;
#1694 = EDGE_CURVE ( 'NONE', #1666, #1692, #5962, .T. ) ;
#1695 = EDGE_CURVE ( 'NONE', #1692, #1696, #5958, .T. ) ;
#1696 = VERTEX_POINT ( 'NONE', #5954 ) ;
#1697 = EDGE_CURVE ( 'NONE', #1558, #1686, #5953, .T. ) ;
#1698 = VERTEX_POINT ( 'NONE', #5949 ) ;
#1699 = ORIENTED_EDGE ( 'NONE', *, *, #1684, .T. ) ;
#1700 = EDGE_CURVE ( 'NONE', #1644, #1669, #6013, .T. ) ;
#1701 = ORIENTED_EDGE ( 'NONE', *, *, #1646, .F. ) ;
#1702 = ORIENTED_EDGE ( 'NONE', *, *, #1700, .F. ) ;
#1703 = ORIENTED_EDGE ( 'NONE', *, *, #1704, .F. ) ;
#1704 = EDGE_CURVE ( 'NONE', #1613, #1705, #6009, .T. ) ;
#1705 = VERTEX_POINT ( 'NONE', #6005 ) ;
#1706 = VERTEX_POINT ( 'NONE', #6004 ) ;
#1707 = VERTEX_POINT ( 'NONE', #6003 ) ;
#1708 = ORIENTED_EDGE ( 'NONE', *, *, #1709, .F. ) ;
#1709 = EDGE_CURVE ( 'NONE', #1710, #1706, #6002, .T. ) ;
#1710 = VERTEX_POINT ( 'NONE', #5998 ) ;
#1711 = ORIENTED_EDGE ( 'NONE', *, *, #1712, .T. ) ;
#1712 = EDGE_CURVE ( 'NONE', #1710, #1713, #5997, .T. ) ;
#1713 = VERTEX_POINT ( 'NONE', #5993 ) ;
#1714 = ORIENTED_EDGE ( 'NONE', *, *, #1715, .F. ) ;
#1715 = EDGE_CURVE ( 'NONE', #1716, #1613, #5992, .T. ) ;
#1716 = VERTEX_POINT ( 'NONE', #5988 ) ;
#1717 = ORIENTED_EDGE ( 'NONE', *, *, #1718, .F. ) ;
#1718 = EDGE_CURVE ( 'NONE', #1681, #1716, #5987, .T. ) ;
#1719 = EDGE_CURVE ( 'NONE', #1663, #1603, #5983, .T. ) ;
#1720 = EDGE_CURVE ( 'NONE', #1550, #1552, #6046, .T. ) ;
#1721 = ORIENTED_EDGE ( 'NONE', *, *, #1722, .F. ) ;
#1722 = EDGE_CURVE ( 'NONE', #1653, #1651, #6042, .T. ) ;
#1723 = ORIENTED_EDGE ( 'NONE', *, *, #1724, .F. ) ;
#1724 = EDGE_CURVE ( 'NONE', #1725, #1653, #6038, .T. ) ;
#1725 = VERTEX_POINT ( 'NONE', #6034 ) ;
#1726 = ORIENTED_EDGE ( 'NONE', *, *, #1727, .T. ) ;
#1727 = EDGE_CURVE ( 'NONE', #1725, #1652, #6033, .T. ) ;
#1728 = DIRECTION ( 'NONE',  ( -1.000000000000000000, -1.297518949922032600E-016, -3.472226957524090000E-015 ) ) ;
#1729 = CARTESIAN_POINT ( 'NONE',  ( -11.74999999999999300, 3.650000000000004800, -2.600000000000025000 ) ) ;
#1730 = AXIS2_PLACEMENT_3D ( 'NONE', #1729, #1728, #163 ) ;
#1731 = PLANE ( 'NONE',  #1730 ) ;
#1732 =( GEOMETRIC_REPRESENTATION_CONTEXT ( 3 ) GLOBAL_UNCERTAINTY_ASSIGNED_CONTEXT ( ( #1733 ) ) GLOBAL_UNIT_ASSIGNED_CONTEXT ( ( #1736, #1735, #1734 ) ) REPRESENTATION_CONTEXT ( 'NONE', 'WORKASPACE' ) );
#1733 = UNCERTAINTY_MEASURE_WITH_UNIT (LENGTH_MEASURE( 1.000000000000000100E-005 ), #1736, 'distance_accuracy_value', 'NONE');
#1734 =( NAMED_UNIT ( * ) SI_UNIT ( $, .STERADIAN. ) SOLID_ANGLE_UNIT ( ) );
#1735 =( NAMED_UNIT ( * ) PLANE_ANGLE_UNIT ( ) SI_UNIT ( $, .RADIAN. ) );
#1736 =( LENGTH_UNIT ( ) NAMED_UNIT ( * ) SI_UNIT ( .MILLI., .METRE. ) );
#1737 = MECHANICAL_DESIGN_GEOMETRIC_PRESENTATION_REPRESENTATION (  '', ( #1739 ), #1732 ) ;
#1738 = PRESENTATION_LAYER_ASSIGNMENT (  '', '', ( #1739 ) ) ;
#1739 = STYLED_ITEM ( 'NONE', ( #1740 ), #4 ) ;
#1740 = PRESENTATION_STYLE_ASSIGNMENT (( #1741 ) ) ;
#1741 = SURFACE_STYLE_USAGE ( .BOTH. , #1742 ) ;
#1742 = SURFACE_SIDE_STYLE ('',( #1743 ) ) ;
#1743 = SURFACE_STYLE_FILL_AREA ( #1744 ) ;
#1744 = FILL_AREA_STYLE ('',( #1751 ) ) ;
#1745 = COLOUR_RGB ( '',0.7529411764705882200, 0.7529411764705882200, 0.7529411764705882200 ) ;
#1746 = FACE_OUTER_BOUND ( 'NONE', #6181, .T. ) ;
#1747 = DIRECTION ( 'NONE',  ( -1.297518949922157600E-016, 1.000000000000000000, 3.602683583928407900E-015 ) ) ;
#1748 = VECTOR ( 'NONE', #1747, 1000.000000000000000 ) ;
#1749 = CARTESIAN_POINT ( 'NONE',  ( -9.749999999999971600, 3.650000000000025700, -8.450000000000018800 ) ) ;
#1750 = LINE ( 'NONE', #1749, #1748 ) ;
#1751 = FILL_AREA_STYLE_COLOUR ( '', #1745 ) ;
#1752 = PLANE ( 'NONE',  #1806 ) ;
#1753 = CARTESIAN_POINT ( 'NONE',  ( -7.749999999999989300, 3.150000000000004400, -2.600000000000013000 ) ) ;
#1754 =( GEOMETRIC_REPRESENTATION_CONTEXT ( 3 ) GLOBAL_UNCERTAINTY_ASSIGNED_CONTEXT ( ( #1755 ) ) GLOBAL_UNIT_ASSIGNED_CONTEXT ( ( #1758, #1757, #1756 ) ) REPRESENTATION_CONTEXT ( 'NONE', 'WORKASPACE' ) );
#1755 = UNCERTAINTY_MEASURE_WITH_UNIT (LENGTH_MEASURE( 1.000000000000000100E-005 ), #1758, 'distance_accuracy_value', 'NONE');
#1756 =( NAMED_UNIT ( * ) SI_UNIT ( $, .STERADIAN. ) SOLID_ANGLE_UNIT ( ) );
#1757 =( NAMED_UNIT ( * ) PLANE_ANGLE_UNIT ( ) SI_UNIT ( $, .RADIAN. ) );
#1758 =( LENGTH_UNIT ( ) NAMED_UNIT ( * ) SI_UNIT ( .MILLI., .METRE. ) );
#1759 = MECHANICAL_DESIGN_GEOMETRIC_PRESENTATION_REPRESENTATION (  '', ( #1761 ), #1754 ) ;
#1760 = PRESENTATION_LAYER_ASSIGNMENT (  '', '', ( #1761 ) ) ;
#1761 = STYLED_ITEM ( 'NONE', ( #1762 ), #11 ) ;
#1762 = PRESENTATION_STYLE_ASSIGNMENT (( #1763 ) ) ;
#1763 = SURFACE_STYLE_USAGE ( .BOTH. , #1764 ) ;
#1764 = SURFACE_SIDE_STYLE ('',( #1765 ) ) ;
#1765 = SURFACE_STYLE_FILL_AREA ( #1766 ) ;
#1766 = FILL_AREA_STYLE ('',( #1768 ) ) ;
#1767 = COLOUR_RGB ( '',0.7529411764705882200, 0.7529411764705882200, 0.7529411764705882200 ) ;
#1768 = FILL_AREA_STYLE_COLOUR ( '', #1767 ) ;
#1769 = FACE_OUTER_BOUND ( 'NONE', #6, .T. ) ;
#1770 = CARTESIAN_POINT ( 'NONE',  ( -8.249999999999975100, -3.399999999999978600, -7.950000000000040100 ) ) ;
#1771 = DIRECTION ( 'NONE',  ( 3.472226957524089200E-015, 3.602683583928408700E-015, -1.000000000000000000 ) ) ;
#1772 = VECTOR ( 'NONE', #1771, 1000.000000000000000 ) ;
#1773 = CARTESIAN_POINT ( 'NONE',  ( -8.249999999999992900, 3.150000000000004400, -2.600000000000014700 ) ) ;
#1774 = LINE ( 'NONE', #1773, #1772 ) ;
#1775 = DIRECTION ( 'NONE',  ( -1.297518949922157600E-016, 1.000000000000000000, 3.602683583928407900E-015 ) ) ;
#1776 = VECTOR ( 'NONE', #1775, 1000.000000000000000 ) ;
#1777 = CARTESIAN_POINT ( 'NONE',  ( -11.74999999999999300, 3.650000000000004800, -2.600000000000025000 ) ) ;
#1778 = LINE ( 'NONE', #1777, #1776 ) ;
#1779 =( GEOMETRIC_REPRESENTATION_CONTEXT ( 3 ) GLOBAL_UNCERTAINTY_ASSIGNED_CONTEXT ( ( #1780 ) ) GLOBAL_UNIT_ASSIGNED_CONTEXT ( ( #1783, #1782, #1781 ) ) REPRESENTATION_CONTEXT ( 'NONE', 'WORKASPACE' ) );
#1780 = UNCERTAINTY_MEASURE_WITH_UNIT (LENGTH_MEASURE( 1.000000000000000100E-005 ), #1783, 'distance_accuracy_value', 'NONE');
#1781 =( NAMED_UNIT ( * ) SI_UNIT ( $, .STERADIAN. ) SOLID_ANGLE_UNIT ( ) );
#1782 =( NAMED_UNIT ( * ) PLANE_ANGLE_UNIT ( ) SI_UNIT ( $, .RADIAN. ) );
#1783 =( LENGTH_UNIT ( ) NAMED_UNIT ( * ) SI_UNIT ( .MILLI., .METRE. ) );
#1784 = MECHANICAL_DESIGN_GEOMETRIC_PRESENTATION_REPRESENTATION (  '', ( #1786 ), #1779 ) ;
#1785 = PRESENTATION_LAYER_ASSIGNMENT (  '', '', ( #1786 ) ) ;
#1786 = STYLED_ITEM ( 'NONE', ( #1787 ), #18 ) ;
#1787 = PRESENTATION_STYLE_ASSIGNMENT (( #1788 ) ) ;
#1788 = SURFACE_STYLE_USAGE ( .BOTH. , #1789 ) ;
#1789 = SURFACE_SIDE_STYLE ('',( #1790 ) ) ;
#1790 = SURFACE_STYLE_FILL_AREA ( #1791 ) ;
#1791 = FILL_AREA_STYLE ('',( #1793 ) ) ;
#1792 = COLOUR_RGB ( '',0.7529411764705882200, 0.7529411764705882200, 0.7529411764705882200 ) ;
#1793 = FILL_AREA_STYLE_COLOUR ( '', #1792 ) ;
#1794 = FACE_OUTER_BOUND ( 'NONE', #19, .T. ) ;
#1795 = CARTESIAN_POINT ( 'NONE',  ( -8.249999999999973400, -3.399999999999976800, -8.450000000000038400 ) ) ;
#1796 = DIRECTION ( 'NONE',  ( 3.472226957524089200E-015, 3.602683583928408700E-015, -1.000000000000000000 ) ) ;
#1797 = VECTOR ( 'NONE', #1796, 1000.000000000000000 ) ;
#1798 = CARTESIAN_POINT ( 'NONE',  ( -8.249999999999973400, -3.399999999999976800, -8.450000000000038400 ) ) ;
#1799 = LINE ( 'NONE', #1798, #1797 ) ;
#1800 = DIRECTION ( 'NONE',  ( -2.133167774366492200E-017, 1.000000000000000000, 3.602683583928408700E-015 ) ) ;
#1801 = VECTOR ( 'NONE', #1800, 1000.000000000000000 ) ;
#1802 = CARTESIAN_POINT ( 'NONE',  ( -8.249999999999975100, -3.399999999999978600, -7.950000000000040100 ) ) ;
#1803 = LINE ( 'NONE', #1802, #1801 ) ;
#1804 = DIRECTION ( 'NONE',  ( -1.000000000000000000, -2.381721122407539800E-016, -3.472226957524090400E-015 ) ) ;
#1805 = DIRECTION ( 'NONE',  ( -2.381721122407665000E-016, 1.000000000000000000, 3.602683583928407900E-015 ) ) ;
#1806 = AXIS2_PLACEMENT_3D ( 'NONE', #1753, #1805, #1804 ) ;
#1807 = PRESENTATION_LAYER_ASSIGNMENT (  '', '', ( #1808 ) ) ;
#1808 = STYLED_ITEM ( 'NONE', ( #1809 ), #26 ) ;
#1809 = PRESENTATION_STYLE_ASSIGNMENT (( #1810 ) ) ;
#1810 = SURFACE_STYLE_USAGE ( .BOTH. , #1811 ) ;
#1811 = SURFACE_SIDE_STYLE ('',( #1812 ) ) ;
#1812 = SURFACE_STYLE_FILL_AREA ( #1813 ) ;
#1813 = FILL_AREA_STYLE ('',( #1820 ) ) ;
#1814 = COLOUR_RGB ( '',0.7529411764705882200, 0.7529411764705882200, 0.7529411764705882200 ) ;
#1815 = FACE_OUTER_BOUND ( 'NONE', #25, .T. ) ;
#1816 = DIRECTION ( 'NONE',  ( 1.000000000000000000, 1.297518949922035300E-016, 3.472226957524090000E-015 ) ) ;
#1817 = DIRECTION ( 'NONE',  ( 1.297518949922160300E-016, -1.000000000000000000, -3.602683583928407900E-015 ) ) ;
#1818 = CARTESIAN_POINT ( 'NONE',  ( -7.749999999999992900, 3.650000000000004800, -2.600000000000011200 ) ) ;
#1819 = AXIS2_PLACEMENT_3D ( 'NONE', #1818, #1817, #1816 ) ;
#1820 = FILL_AREA_STYLE_COLOUR ( '', #1814 ) ;
#1821 = PLANE ( 'NONE',  #1819 ) ;
#1822 =( GEOMETRIC_REPRESENTATION_CONTEXT ( 3 ) GLOBAL_UNCERTAINTY_ASSIGNED_CONTEXT ( ( #1823 ) ) GLOBAL_UNIT_ASSIGNED_CONTEXT ( ( #1826, #1825, #1824 ) ) REPRESENTATION_CONTEXT ( 'NONE', 'WORKASPACE' ) );
#1823 = UNCERTAINTY_MEASURE_WITH_UNIT (LENGTH_MEASURE( 1.000000000000000100E-005 ), #1826, 'distance_accuracy_value', 'NONE');
#1824 =( NAMED_UNIT ( * ) SI_UNIT ( $, .STERADIAN. ) SOLID_ANGLE_UNIT ( ) );
#1825 =( NAMED_UNIT ( * ) PLANE_ANGLE_UNIT ( ) SI_UNIT ( $, .RADIAN. ) );
#1826 =( LENGTH_UNIT ( ) NAMED_UNIT ( * ) SI_UNIT ( .MILLI., .METRE. ) );
#1827 = MECHANICAL_DESIGN_GEOMETRIC_PRESENTATION_REPRESENTATION (  '', ( #1829 ), #1822 ) ;
#1828 = PRESENTATION_LAYER_ASSIGNMENT (  '', '', ( #1829 ) ) ;
#1829 = STYLED_ITEM ( 'NONE', ( #1830 ), #22 ) ;
#1830 = PRESENTATION_STYLE_ASSIGNMENT (( #1831 ) ) ;
#1831 = SURFACE_STYLE_USAGE ( .BOTH. , #1832 ) ;
#1832 = SURFACE_SIDE_STYLE ('',( #1833 ) ) ;
#1833 = SURFACE_STYLE_FILL_AREA ( #1834 ) ;
#1834 = FILL_AREA_STYLE ('',( #1842 ) ) ;
#1835 = COLOUR_RGB ( '',0.7529411764705882200, 0.7529411764705882200, 0.7529411764705882200 ) ;
#1836 = FACE_OUTER_BOUND ( 'NONE', #124, .T. ) ;
#1837 = DIRECTION ( 'NONE',  ( 1.297518949922157600E-016, -1.000000000000000000, -3.602683583928407900E-015 ) ) ;
#1838 = DIRECTION ( 'NONE',  ( -1.000000000000000000, -1.297518949922032600E-016, -3.472226957524090000E-015 ) ) ;
#1839 = CARTESIAN_POINT ( 'NONE',  ( -7.749999999999992900, 3.650000000000004800, -2.600000000000011200 ) ) ;
#1840 = AXIS2_PLACEMENT_3D ( 'NONE', #1839, #1838, #1837 ) ;
#1841 = PLANE ( 'NONE',  #1840 ) ;
#1842 = FILL_AREA_STYLE_COLOUR ( '', #1835 ) ;
#1843 =( LENGTH_UNIT ( ) NAMED_UNIT ( * ) SI_UNIT ( .MILLI., .METRE. ) );
#1844 = MECHANICAL_DESIGN_GEOMETRIC_PRESENTATION_REPRESENTATION (  '', ( #1846 ), #1893 ) ;
#1845 = PRESENTATION_LAYER_ASSIGNMENT (  '', '', ( #1846 ) ) ;
#1846 = STYLED_ITEM ( 'NONE', ( #1847 ), #34 ) ;
#1847 = PRESENTATION_STYLE_ASSIGNMENT (( #1848 ) ) ;
#1848 = SURFACE_STYLE_USAGE ( .BOTH. , #1849 ) ;
#1849 = SURFACE_SIDE_STYLE ('',( #1850 ) ) ;
#1850 = SURFACE_STYLE_FILL_AREA ( #1851 ) ;
#1851 = FILL_AREA_STYLE ('',( #1852 ) ) ;
#1852 = FILL_AREA_STYLE_COLOUR ( '', #1853 ) ;
#1853 = COLOUR_RGB ( '',0.7529411764705882200, 0.7529411764705882200, 0.7529411764705882200 ) ;
#1854 = FACE_OUTER_BOUND ( 'NONE', #32, .T. ) ;
#1855 = CARTESIAN_POINT ( 'NONE',  ( -10.24999999999997300, -3.399999999999976800, -8.450000000000045500 ) ) ;
#1856 = DIRECTION ( 'NONE',  ( 3.472226957524089200E-015, 3.602683583928408700E-015, -1.000000000000000000 ) ) ;
#1857 = VECTOR ( 'NONE', #1856, 1000.000000000000000 ) ;
#1858 = CARTESIAN_POINT ( 'NONE',  ( -9.749999999999992900, 3.650000000000004800, -2.600000000000018300 ) ) ;
#1859 = LINE ( 'NONE', #1858, #1857 ) ;
#1860 = DIRECTION ( 'NONE',  ( 1.000000000000000000, 1.297518949922035300E-016, 3.472226957524090000E-015 ) ) ;
#1861 = DIRECTION ( 'NONE',  ( 1.297518949922160300E-016, -1.000000000000000000, -3.602683583928407900E-015 ) ) ;
#1862 = CARTESIAN_POINT ( 'NONE',  ( -9.749999999999992900, 3.650000000000004800, -2.600000000000018300 ) ) ;
#1863 = AXIS2_PLACEMENT_3D ( 'NONE', #1862, #1861, #1860 ) ;
#1864 = PLANE ( 'NONE',  #1863 ) ;
#1865 =( GEOMETRIC_REPRESENTATION_CONTEXT ( 3 ) GLOBAL_UNCERTAINTY_ASSIGNED_CONTEXT ( ( #1866 ) ) GLOBAL_UNIT_ASSIGNED_CONTEXT ( ( #1869, #1868, #1867 ) ) REPRESENTATION_CONTEXT ( 'NONE', 'WORKASPACE' ) );
#1866 = UNCERTAINTY_MEASURE_WITH_UNIT (LENGTH_MEASURE( 1.000000000000000100E-005 ), #1869, 'distance_accuracy_value', 'NONE');
#1867 =( NAMED_UNIT ( * ) SI_UNIT ( $, .STERADIAN. ) SOLID_ANGLE_UNIT ( ) );
#1868 =( NAMED_UNIT ( * ) PLANE_ANGLE_UNIT ( ) SI_UNIT ( $, .RADIAN. ) );
#1869 =( LENGTH_UNIT ( ) NAMED_UNIT ( * ) SI_UNIT ( .MILLI., .METRE. ) );
#1870 = MECHANICAL_DESIGN_GEOMETRIC_PRESENTATION_REPRESENTATION (  '', ( #1808 ), #1865 ) ;
#1871 =( NAMED_UNIT ( * ) PLANE_ANGLE_UNIT ( ) SI_UNIT ( $, .RADIAN. ) );
#1872 =( LENGTH_UNIT ( ) NAMED_UNIT ( * ) SI_UNIT ( .MILLI., .METRE. ) );
#1873 = MECHANICAL_DESIGN_GEOMETRIC_PRESENTATION_REPRESENTATION (  '', ( #1875 ), #1921 ) ;
#1874 = PRESENTATION_LAYER_ASSIGNMENT (  '', '', ( #1875 ) ) ;
#1875 = STYLED_ITEM ( 'NONE', ( #1876 ), #37 ) ;
#1876 = PRESENTATION_STYLE_ASSIGNMENT (( #1877 ) ) ;
#1877 = SURFACE_STYLE_USAGE ( .BOTH. , #1878 ) ;
#1878 = SURFACE_SIDE_STYLE ('',( #1879 ) ) ;
#1879 = SURFACE_STYLE_FILL_AREA ( #1880 ) ;
#1880 = FILL_AREA_STYLE ('',( #1887 ) ) ;
#1881 = COLOUR_RGB ( '',0.7529411764705882200, 0.7529411764705882200, 0.7529411764705882200 ) ;
#1882 = FACE_OUTER_BOUND ( 'NONE', #51, .T. ) ;
#1883 = DIRECTION ( 'NONE',  ( 3.472226957524089200E-015, 3.602683583928408700E-015, -1.000000000000000000 ) ) ;
#1884 = VECTOR ( 'NONE', #1883, 1000.000000000000000 ) ;
#1885 = CARTESIAN_POINT ( 'NONE',  ( -10.24999999999997300, -3.399999999999976800, -8.450000000000045500 ) ) ;
#1886 = LINE ( 'NONE', #1885, #1884 ) ;
#1887 = FILL_AREA_STYLE_COLOUR ( '', #1881 ) ;
#1888 = DIRECTION ( 'NONE',  ( 1.000000000000000000, 1.297518949922035300E-016, 3.472226957524090000E-015 ) ) ;
#1889 = DIRECTION ( 'NONE',  ( 1.297518949922160300E-016, -1.000000000000000000, -3.602683583928407900E-015 ) ) ;
#1890 = CARTESIAN_POINT ( 'NONE',  ( -9.749999999999992900, 3.650000000000004800, -2.600000000000018300 ) ) ;
#1891 = AXIS2_PLACEMENT_3D ( 'NONE', #1890, #1889, #1888 ) ;
#1892 = PLANE ( 'NONE',  #1891 ) ;
#1893 =( GEOMETRIC_REPRESENTATION_CONTEXT ( 3 ) GLOBAL_UNCERTAINTY_ASSIGNED_CONTEXT ( ( #1894 ) ) GLOBAL_UNIT_ASSIGNED_CONTEXT ( ( #1843, #1896, #1895 ) ) REPRESENTATION_CONTEXT ( 'NONE', 'WORKASPACE' ) );
#1894 = UNCERTAINTY_MEASURE_WITH_UNIT (LENGTH_MEASURE( 1.000000000000000100E-005 ), #1843, 'distance_accuracy_value', 'NONE');
#1895 =( NAMED_UNIT ( * ) SI_UNIT ( $, .STERADIAN. ) SOLID_ANGLE_UNIT ( ) );
#1896 =( NAMED_UNIT ( * ) PLANE_ANGLE_UNIT ( ) SI_UNIT ( $, .RADIAN. ) );
#1897 = UNCERTAINTY_MEASURE_WITH_UNIT (LENGTH_MEASURE( 1.000000000000000100E-005 ), #1900, 'distance_accuracy_value', 'NONE');
#1898 =( NAMED_UNIT ( * ) SI_UNIT ( $, .STERADIAN. ) SOLID_ANGLE_UNIT ( ) );
#1899 =( NAMED_UNIT ( * ) PLANE_ANGLE_UNIT ( ) SI_UNIT ( $, .RADIAN. ) );
#1900 =( LENGTH_UNIT ( ) NAMED_UNIT ( * ) SI_UNIT ( .MILLI., .METRE. ) );
#1901 = MECHANICAL_DESIGN_GEOMETRIC_PRESENTATION_REPRESENTATION (  '', ( #1903 ), #1950 ) ;
#1902 = PRESENTATION_LAYER_ASSIGNMENT (  '', '', ( #1903 ) ) ;
#1903 = STYLED_ITEM ( 'NONE', ( #1904 ), #43 ) ;
#1904 = PRESENTATION_STYLE_ASSIGNMENT (( #1905 ) ) ;
#1905 = SURFACE_STYLE_USAGE ( .BOTH. , #1906 ) ;
#1906 = SURFACE_SIDE_STYLE ('',( #1907 ) ) ;
#1907 = SURFACE_STYLE_FILL_AREA ( #1908 ) ;
#1908 = FILL_AREA_STYLE ('',( #1915 ) ) ;
#1909 = COLOUR_RGB ( '',0.7529411764705882200, 0.7529411764705882200, 0.7529411764705882200 ) ;
#1910 = FACE_OUTER_BOUND ( 'NONE', #42, .T. ) ;
#1911 = DIRECTION ( 'NONE',  ( 1.297518949922157600E-016, -1.000000000000000000, -3.602683583928407900E-015 ) ) ;
#1912 = VECTOR ( 'NONE', #1911, 1000.000000000000000 ) ;
#1913 = CARTESIAN_POINT ( 'NONE',  ( -10.24999999999997300, 3.650000000000025700, -8.450000000000020600 ) ) ;
#1914 = LINE ( 'NONE', #1913, #1912 ) ;
#1915 = FILL_AREA_STYLE_COLOUR ( '', #1909 ) ;
#1916 = DIRECTION ( 'NONE',  ( 1.297518949922157600E-016, -1.000000000000000000, -3.602683583928407900E-015 ) ) ;
#1917 = DIRECTION ( 'NONE',  ( -1.000000000000000000, -1.297518949922032600E-016, -3.472226957524090000E-015 ) ) ;
#1918 = CARTESIAN_POINT ( 'NONE',  ( -7.749999999999992900, 3.650000000000004800, -2.600000000000011200 ) ) ;
#1919 = AXIS2_PLACEMENT_3D ( 'NONE', #1918, #1917, #1916 ) ;
#1920 = PLANE ( 'NONE',  #1919 ) ;
#1921 =( GEOMETRIC_REPRESENTATION_CONTEXT ( 3 ) GLOBAL_UNCERTAINTY_ASSIGNED_CONTEXT ( ( #1922 ) ) GLOBAL_UNIT_ASSIGNED_CONTEXT ( ( #1872, #1871, #1923 ) ) REPRESENTATION_CONTEXT ( 'NONE', 'WORKASPACE' ) );
#1922 = UNCERTAINTY_MEASURE_WITH_UNIT (LENGTH_MEASURE( 1.000000000000000100E-005 ), #1872, 'distance_accuracy_value', 'NONE');
#1923 =( NAMED_UNIT ( * ) SI_UNIT ( $, .STERADIAN. ) SOLID_ANGLE_UNIT ( ) );
#1924 = VECTOR ( 'NONE', #1979, 1000.000000000000000 ) ;
#1925 = CARTESIAN_POINT ( 'NONE',  ( -8.249999999999992900, 3.650000000000004800, -2.600000000000013000 ) ) ;
#1926 = LINE ( 'NONE', #1925, #1924 ) ;
#1927 = DIRECTION ( 'NONE',  ( -1.000000000000000000, -1.297518949922035300E-016, -3.472226957524090000E-015 ) ) ;
#1928 = VECTOR ( 'NONE', #1927, 1000.000000000000000 ) ;
#1929 = CARTESIAN_POINT ( 'NONE',  ( -7.749999999999992900, 3.650000000000004800, -2.600000000000011200 ) ) ;
#1930 = LINE ( 'NONE', #1929, #1928 ) ;
#1931 = DIRECTION ( 'NONE',  ( -3.472226957524089200E-015, -3.602683583928408700E-015, 1.000000000000000000 ) ) ;
#1932 = VECTOR ( 'NONE', #1931, 1000.000000000000000 ) ;
#1933 = CARTESIAN_POINT ( 'NONE',  ( -5.749999999999970700, -3.399999999999976800, -8.450000000000031300 ) ) ;
#1934 = LINE ( 'NONE', #1933, #1932 ) ;
#1935 = CARTESIAN_POINT ( 'NONE',  ( -8.249999999999992900, 3.150000000000004400, -2.600000000000014700 ) ) ;
#1936 = DIRECTION ( 'NONE',  ( 1.000000000000000000, 2.381721122407539800E-016, 3.472226957524090400E-015 ) ) ;
#1937 = VECTOR ( 'NONE', #1936, 1000.000000000000000 ) ;
#1938 = CARTESIAN_POINT ( 'NONE',  ( -7.749999999999989300, 3.150000000000004400, -2.600000000000013000 ) ) ;
#1939 = LINE ( 'NONE', #1938, #1937 ) ;
#1940 = CARTESIAN_POINT ( 'NONE',  ( -7.749999999999989300, 3.150000000000004400, -2.600000000000013000 ) ) ;
#1941 = DIRECTION ( 'NONE',  ( -1.297518949922157600E-016, 1.000000000000000000, 3.602683583928407900E-015 ) ) ;
#1942 = VECTOR ( 'NONE', #1941, 1000.000000000000000 ) ;
#1943 = CARTESIAN_POINT ( 'NONE',  ( -7.749999999999992900, 3.650000000000004800, -2.600000000000011200 ) ) ;
#1944 = LINE ( 'NONE', #1943, #1942 ) ;
#1945 = DIRECTION ( 'NONE',  ( -1.297518949922157600E-016, 1.000000000000000000, 3.602683583928407900E-015 ) ) ;
#1946 = DIRECTION ( 'NONE',  ( 1.000000000000000000, 1.297518949922032600E-016, 3.472226957524090000E-015 ) ) ;
#1947 = CARTESIAN_POINT ( 'NONE',  ( -10.24999999999999300, 3.650000000000004800, -2.600000000000019600 ) ) ;
#1948 = AXIS2_PLACEMENT_3D ( 'NONE', #1947, #1946, #1945 ) ;
#1949 = PLANE ( 'NONE',  #1948 ) ;
#1950 =( GEOMETRIC_REPRESENTATION_CONTEXT ( 3 ) GLOBAL_UNCERTAINTY_ASSIGNED_CONTEXT ( ( #1897 ) ) GLOBAL_UNIT_ASSIGNED_CONTEXT ( ( #1900, #1899, #1898 ) ) REPRESENTATION_CONTEXT ( 'NONE', 'WORKASPACE' ) );
#1951 = VECTOR ( 'NONE', #172, 1000.000000000000000 ) ;
#1952 = DIRECTION ( 'NONE',  ( -1.000000000000000000, -1.297518949922035300E-016, -3.472226957524090000E-015 ) ) ;
#1953 = DIRECTION ( 'NONE',  ( -3.472226957524089600E-015, -3.602683583928408700E-015, 1.000000000000000000 ) ) ;
#1954 = CARTESIAN_POINT ( 'NONE',  ( -8.249999999999973400, 3.650000000000025700, -8.450000000000013500 ) ) ;
#1955 = AXIS2_PLACEMENT_3D ( 'NONE', #1954, #1953, #1952 ) ;
#1956 = PLANE ( 'NONE',  #1955 ) ;
#1957 =( GEOMETRIC_REPRESENTATION_CONTEXT ( 3 ) GLOBAL_UNCERTAINTY_ASSIGNED_CONTEXT ( ( #1958 ) ) GLOBAL_UNIT_ASSIGNED_CONTEXT ( ( #1961, #1960, #1959 ) ) REPRESENTATION_CONTEXT ( 'NONE', 'WORKASPACE' ) );
#1958 = UNCERTAINTY_MEASURE_WITH_UNIT (LENGTH_MEASURE( 1.000000000000000100E-005 ), #1961, 'distance_accuracy_value', 'NONE');
#1959 =( NAMED_UNIT ( * ) SI_UNIT ( $, .STERADIAN. ) SOLID_ANGLE_UNIT ( ) );
#1960 =( NAMED_UNIT ( * ) PLANE_ANGLE_UNIT ( ) SI_UNIT ( $, .RADIAN. ) );
#1961 =( LENGTH_UNIT ( ) NAMED_UNIT ( * ) SI_UNIT ( .MILLI., .METRE. ) );
#1962 = MECHANICAL_DESIGN_GEOMETRIC_PRESENTATION_REPRESENTATION (  '', ( #1964 ), #1957 ) ;
#1963 = PRESENTATION_LAYER_ASSIGNMENT (  '', '', ( #1964 ) ) ;
#1964 = STYLED_ITEM ( 'NONE', ( #1965 ), #65 ) ;
#1965 = PRESENTATION_STYLE_ASSIGNMENT (( #1966 ) ) ;
#1966 = SURFACE_STYLE_USAGE ( .BOTH. , #1967 ) ;
#1967 = SURFACE_SIDE_STYLE ('',( #1968 ) ) ;
#1968 = SURFACE_STYLE_FILL_AREA ( #1969 ) ;
#1969 = FILL_AREA_STYLE ('',( #1976 ) ) ;
#1970 = COLOUR_RGB ( '',0.7529411764705882200, 0.7529411764705882200, 0.7529411764705882200 ) ;
#1971 = FACE_OUTER_BOUND ( 'NONE', #62, .T. ) ;
#1972 = DIRECTION ( 'NONE',  ( 1.297518949922157600E-016, -1.000000000000000000, -3.602683583928407900E-015 ) ) ;
#1973 = VECTOR ( 'NONE', #1972, 1000.000000000000000 ) ;
#1974 = CARTESIAN_POINT ( 'NONE',  ( -8.249999999999973400, 3.650000000000025700, -8.450000000000013500 ) ) ;
#1975 = LINE ( 'NONE', #1974, #1973 ) ;
#1976 = FILL_AREA_STYLE_COLOUR ( '', #1970 ) ;
#1977 = CARTESIAN_POINT ( 'NONE',  ( -8.249999999999992900, 3.650000000000004800, -2.600000000000013000 ) ) ;
#1978 = CARTESIAN_POINT ( 'NONE',  ( -7.749999999999992900, 3.650000000000004800, -2.600000000000011200 ) ) ;
#1979 = DIRECTION ( 'NONE',  ( 1.297518949922157600E-016, -1.000000000000000000, -3.602683583928407900E-015 ) ) ;
#1980 =( LENGTH_UNIT ( ) NAMED_UNIT ( * ) SI_UNIT ( .MILLI., .METRE. ) );
#1981 = MECHANICAL_DESIGN_GEOMETRIC_PRESENTATION_REPRESENTATION (  '', ( #1983 ), #2038 ) ;
#1982 = PRESENTATION_LAYER_ASSIGNMENT (  '', '', ( #1983 ) ) ;
#1983 = STYLED_ITEM ( 'NONE', ( #1984 ), #83 ) ;
#1984 = PRESENTATION_STYLE_ASSIGNMENT (( #1985 ) ) ;
#1985 = SURFACE_STYLE_USAGE ( .BOTH. , #1986 ) ;
#1986 = SURFACE_SIDE_STYLE ('',( #1987 ) ) ;
#1987 = SURFACE_STYLE_FILL_AREA ( #1988 ) ;
#1988 = FILL_AREA_STYLE ('',( #1995 ) ) ;
#1989 = COLOUR_RGB ( '',0.7529411764705882200, 0.7529411764705882200, 0.7529411764705882200 ) ;
#1990 = FACE_OUTER_BOUND ( 'NONE', #85, .T. ) ;
#1991 = DIRECTION ( 'NONE',  ( -1.000000000000000000, -1.297518949922035300E-016, -3.472226957524090000E-015 ) ) ;
#1992 = VECTOR ( 'NONE', #1991, 1000.000000000000000 ) ;
#1993 = CARTESIAN_POINT ( 'NONE',  ( -9.749999999999992900, 3.650000000000004800, -2.600000000000018300 ) ) ;
#1994 = LINE ( 'NONE', #1993, #1992 ) ;
#1995 = FILL_AREA_STYLE_COLOUR ( '', #1989 ) ;
#1996 = CARTESIAN_POINT ( 'NONE',  ( -9.749999999999992900, 3.650000000000004800, -2.600000000000018300 ) ) ;
#1997 = CARTESIAN_POINT ( 'NONE',  ( -10.24999999999999300, 3.650000000000004800, -2.600000000000019600 ) ) ;
#1998 = DIRECTION ( 'NONE',  ( 1.297518949922157600E-016, -1.000000000000000000, -3.602683583928407900E-015 ) ) ;
#1999 = VECTOR ( 'NONE', #1998, 1000.000000000000000 ) ;
#2000 = CARTESIAN_POINT ( 'NONE',  ( -10.24999999999999300, 3.650000000000004800, -2.600000000000019600 ) ) ;
#2001 = LINE ( 'NONE', #2000, #1999 ) ;
#2002 = CARTESIAN_POINT ( 'NONE',  ( -10.24999999999999300, 3.150000000000004400, -2.600000000000021400 ) ) ;
#2003 = DIRECTION ( 'NONE',  ( -2.133167774366492200E-017, 1.000000000000000000, 3.602683583928408700E-015 ) ) ;
#2004 = VECTOR ( 'NONE', #2003, 1000.000000000000000 ) ;
#2005 = CARTESIAN_POINT ( 'NONE',  ( -7.749999999999972500, -3.399999999999978600, -7.950000000000036600 ) ) ;
#2006 = LINE ( 'NONE', #2005, #2004 ) ;
#2007 = CARTESIAN_POINT ( 'NONE',  ( -7.749999999999968900, -3.399999999999976800, -8.450000000000036600 ) ) ;
#2008 = DIRECTION ( 'NONE',  ( -3.472226957524089200E-015, -3.602683583928408700E-015, 1.000000000000000000 ) ) ;
#2009 = VECTOR ( 'NONE', #2008, 1000.000000000000000 ) ;
#2010 = CARTESIAN_POINT ( 'NONE',  ( -7.749999999999968900, -3.399999999999976800, -8.450000000000036600 ) ) ;
#2011 = LINE ( 'NONE', #2010, #2009 ) ;
#2012 = CARTESIAN_POINT ( 'NONE',  ( -7.749999999999972500, -3.399999999999978600, -7.950000000000036600 ) ) ;
#2013 = DIRECTION ( 'NONE',  ( -1.297518949922157600E-016, 1.000000000000000000, 3.602683583928407900E-015 ) ) ;
#2014 = VECTOR ( 'NONE', #2013, 1000.000000000000000 ) ;
#2015 = CARTESIAN_POINT ( 'NONE',  ( -7.749999999999972500, 3.650000000000025700, -8.450000000000013500 ) ) ;
#2016 = LINE ( 'NONE', #2015, #2014 ) ;
#2017 =( LENGTH_UNIT ( ) NAMED_UNIT ( * ) SI_UNIT ( .MILLI., .METRE. ) );
#2018 = MECHANICAL_DESIGN_GEOMETRIC_PRESENTATION_REPRESENTATION (  '', ( #2020 ), #2062 ) ;
#2019 = PRESENTATION_LAYER_ASSIGNMENT (  '', '', ( #2020 ) ) ;
#2020 = STYLED_ITEM ( 'NONE', ( #2021 ), #92 ) ;
#2021 = PRESENTATION_STYLE_ASSIGNMENT (( #2022 ) ) ;
#2022 = SURFACE_STYLE_USAGE ( .BOTH. , #2023 ) ;
#2023 = SURFACE_SIDE_STYLE ('',( #2024 ) ) ;
#2024 = SURFACE_STYLE_FILL_AREA ( #2025 ) ;
#2025 = FILL_AREA_STYLE ('',( #2032 ) ) ;
#2026 = COLOUR_RGB ( '',0.7529411764705882200, 0.7529411764705882200, 0.7529411764705882200 ) ;
#2027 = FACE_OUTER_BOUND ( 'NONE', #89, .T. ) ;
#2028 = DIRECTION ( 'NONE',  ( 1.000000000000000000, 2.133167774365308900E-017, 3.472226957524089600E-015 ) ) ;
#2029 = VECTOR ( 'NONE', #2028, 1000.000000000000000 ) ;
#2030 = CARTESIAN_POINT ( 'NONE',  ( -8.249999999999973400, -3.399999999999976800, -8.450000000000038400 ) ) ;
#2031 = LINE ( 'NONE', #2030, #2029 ) ;
#2032 = FILL_AREA_STYLE_COLOUR ( '', #2026 ) ;
#2033 = DIRECTION ( 'NONE',  ( -1.000000000000000000, -1.297518949922035300E-016, -3.472226957524090000E-015 ) ) ;
#2034 = DIRECTION ( 'NONE',  ( -3.472226957524089600E-015, -3.602683583928408700E-015, 1.000000000000000000 ) ) ;
#2035 = CARTESIAN_POINT ( 'NONE',  ( -10.24999999999999300, 3.650000000000004800, -2.600000000000019600 ) ) ;
#2036 = AXIS2_PLACEMENT_3D ( 'NONE', #2035, #2034, #2033 ) ;
#2037 = PLANE ( 'NONE',  #2036 ) ;
#2038 =( GEOMETRIC_REPRESENTATION_CONTEXT ( 3 ) GLOBAL_UNCERTAINTY_ASSIGNED_CONTEXT ( ( #2039 ) ) GLOBAL_UNIT_ASSIGNED_CONTEXT ( ( #1980, #2041, #2040 ) ) REPRESENTATION_CONTEXT ( 'NONE', 'WORKASPACE' ) );
#2039 = UNCERTAINTY_MEASURE_WITH_UNIT (LENGTH_MEASURE( 1.000000000000000100E-005 ), #1980, 'distance_accuracy_value', 'NONE');
#2040 =( NAMED_UNIT ( * ) SI_UNIT ( $, .STERADIAN. ) SOLID_ANGLE_UNIT ( ) );
#2041 =( NAMED_UNIT ( * ) PLANE_ANGLE_UNIT ( ) SI_UNIT ( $, .RADIAN. ) );
#2042 = UNCERTAINTY_MEASURE_WITH_UNIT (LENGTH_MEASURE( 1.000000000000000100E-005 ), #2045, 'distance_accuracy_value', 'NONE');
#2043 =( NAMED_UNIT ( * ) SI_UNIT ( $, .STERADIAN. ) SOLID_ANGLE_UNIT ( ) );
#2044 =( NAMED_UNIT ( * ) PLANE_ANGLE_UNIT ( ) SI_UNIT ( $, .RADIAN. ) );
#2045 =( LENGTH_UNIT ( ) NAMED_UNIT ( * ) SI_UNIT ( .MILLI., .METRE. ) );
#2046 = MECHANICAL_DESIGN_GEOMETRIC_PRESENTATION_REPRESENTATION (  '', ( #2048 ), #2098 ) ;
#2047 = PRESENTATION_LAYER_ASSIGNMENT (  '', '', ( #2048 ) ) ;
#2048 = STYLED_ITEM ( 'NONE', ( #2049 ), #94 ) ;
#2049 = PRESENTATION_STYLE_ASSIGNMENT (( #2050 ) ) ;
#2050 = SURFACE_STYLE_USAGE ( .BOTH. , #2051 ) ;
#2051 = SURFACE_SIDE_STYLE ('',( #2052 ) ) ;
#2052 = SURFACE_STYLE_FILL_AREA ( #2053 ) ;
#2053 = FILL_AREA_STYLE ('',( #2060 ) ) ;
#2054 = COLOUR_RGB ( '',0.7529411764705882200, 0.7529411764705882200, 0.7529411764705882200 ) ;
#2055 = FACE_OUTER_BOUND ( 'NONE', #159, .T. ) ;
#2056 = DIRECTION ( 'NONE',  ( -1.000000000000000000, -2.381721122407539800E-016, -3.472226957524090400E-015 ) ) ;
#2057 = DIRECTION ( 'NONE',  ( -2.381721122407665000E-016, 1.000000000000000000, 3.602683583928407900E-015 ) ) ;
#2058 = CARTESIAN_POINT ( 'NONE',  ( -9.749999999999992900, 3.150000000000004400, -2.600000000000019600 ) ) ;
#2059 = AXIS2_PLACEMENT_3D ( 'NONE', #2058, #2057, #2056 ) ;
#2060 = FILL_AREA_STYLE_COLOUR ( '', #2054 ) ;
#2061 = PLANE ( 'NONE',  #2059 ) ;
#2062 =( GEOMETRIC_REPRESENTATION_CONTEXT ( 3 ) GLOBAL_UNCERTAINTY_ASSIGNED_CONTEXT ( ( #2063 ) ) GLOBAL_UNIT_ASSIGNED_CONTEXT ( ( #2017, #2065, #2064 ) ) REPRESENTATION_CONTEXT ( 'NONE', 'WORKASPACE' ) );
#2063 = UNCERTAINTY_MEASURE_WITH_UNIT (LENGTH_MEASURE( 1.000000000000000100E-005 ), #2017, 'distance_accuracy_value', 'NONE');
#2064 =( NAMED_UNIT ( * ) SI_UNIT ( $, .STERADIAN. ) SOLID_ANGLE_UNIT ( ) );
#2065 =( NAMED_UNIT ( * ) PLANE_ANGLE_UNIT ( ) SI_UNIT ( $, .RADIAN. ) );
#2066 =( NAMED_UNIT ( * ) PLANE_ANGLE_UNIT ( ) SI_UNIT ( $, .RADIAN. ) );
#2067 =( LENGTH_UNIT ( ) NAMED_UNIT ( * ) SI_UNIT ( .MILLI., .METRE. ) );
#2068 = MECHANICAL_DESIGN_GEOMETRIC_PRESENTATION_REPRESENTATION (  '', ( #2070 ), #2123 ) ;
#2069 = PRESENTATION_LAYER_ASSIGNMENT (  '', '', ( #2070 ) ) ;
#2070 = STYLED_ITEM ( 'NONE', ( #2071 ), #104 ) ;
#2071 = PRESENTATION_STYLE_ASSIGNMENT (( #2072 ) ) ;
#2072 = SURFACE_STYLE_USAGE ( .BOTH. , #2073 ) ;
#2073 = SURFACE_SIDE_STYLE ('',( #2074 ) ) ;
#2074 = SURFACE_STYLE_FILL_AREA ( #2075 ) ;
#2075 = FILL_AREA_STYLE ('',( #2076 ) ) ;
#2076 = FILL_AREA_STYLE_COLOUR ( '', #2077 ) ;
#2077 = COLOUR_RGB ( '',0.7529411764705882200, 0.7529411764705882200, 0.7529411764705882200 ) ;
#2078 = FACE_OUTER_BOUND ( 'NONE', #99, .T. ) ;
#2079 = CARTESIAN_POINT ( 'NONE',  ( -6.249999999999974200, -3.399999999999978600, -7.950000000000033000 ) ) ;
#2080 = DIRECTION ( 'NONE',  ( 3.472226957524089200E-015, 3.602683583928408700E-015, -1.000000000000000000 ) ) ;
#2081 = VECTOR ( 'NONE', #2080, 1000.000000000000000 ) ;
#2082 = CARTESIAN_POINT ( 'NONE',  ( -6.249999999999970700, -3.399999999999976800, -8.450000000000033000 ) ) ;
#2083 = LINE ( 'NONE', #2082, #2081 ) ;
#2084 = DIRECTION ( 'NONE',  ( 1.297518949922157600E-016, -1.000000000000000000, -3.602683583928407900E-015 ) ) ;
#2085 = VECTOR ( 'NONE', #2084, 1000.000000000000000 ) ;
#2086 = CARTESIAN_POINT ( 'NONE',  ( -6.249999999999970700, 3.650000000000025700, -8.450000000000008200 ) ) ;
#2087 = LINE ( 'NONE', #2086, #2085 ) ;
#2088 = CARTESIAN_POINT ( 'NONE',  ( -6.249999999999970700, -3.399999999999976800, -8.450000000000033000 ) ) ;
#2089 = DIRECTION ( 'NONE',  ( -2.133167774366492200E-017, 1.000000000000000000, 3.602683583928408700E-015 ) ) ;
#2090 = VECTOR ( 'NONE', #2089, 1000.000000000000000 ) ;
#2091 = CARTESIAN_POINT ( 'NONE',  ( -6.249999999999974200, -3.399999999999978600, -7.950000000000033000 ) ) ;
#2092 = LINE ( 'NONE', #2091, #2090 ) ;
#2093 = DIRECTION ( 'NONE',  ( 1.297518949922157600E-016, -1.000000000000000000, -3.602683583928407900E-015 ) ) ;
#2094 = DIRECTION ( 'NONE',  ( -1.000000000000000000, -1.297518949922032600E-016, -3.472226957524090000E-015 ) ) ;
#2095 = CARTESIAN_POINT ( 'NONE',  ( -5.749999999999991100, 3.650000000000004800, -2.600000000000005900 ) ) ;
#2096 = AXIS2_PLACEMENT_3D ( 'NONE', #2095, #2094, #2093 ) ;
#2097 = PLANE ( 'NONE',  #2096 ) ;
#2098 =( GEOMETRIC_REPRESENTATION_CONTEXT ( 3 ) GLOBAL_UNCERTAINTY_ASSIGNED_CONTEXT ( ( #2042 ) ) GLOBAL_UNIT_ASSIGNED_CONTEXT ( ( #2045, #2044, #2043 ) ) REPRESENTATION_CONTEXT ( 'NONE', 'WORKASPACE' ) );
#2099 =( NAMED_UNIT ( * ) SI_UNIT ( $, .STERADIAN. ) SOLID_ANGLE_UNIT ( ) );
#2100 =( NAMED_UNIT ( * ) PLANE_ANGLE_UNIT ( ) SI_UNIT ( $, .RADIAN. ) );
#2101 =( LENGTH_UNIT ( ) NAMED_UNIT ( * ) SI_UNIT ( .MILLI., .METRE. ) );
#2102 = MECHANICAL_DESIGN_GEOMETRIC_PRESENTATION_REPRESENTATION (  '', ( #2104 ), #2155 ) ;
#2103 = PRESENTATION_LAYER_ASSIGNMENT (  '', '', ( #2104 ) ) ;
#2104 = STYLED_ITEM ( 'NONE', ( #2105 ), #113 ) ;
#2105 = PRESENTATION_STYLE_ASSIGNMENT (( #2106 ) ) ;
#2106 = SURFACE_STYLE_USAGE ( .BOTH. , #2107 ) ;
#2107 = SURFACE_SIDE_STYLE ('',( #2108 ) ) ;
#2108 = SURFACE_STYLE_FILL_AREA ( #2109 ) ;
#2109 = FILL_AREA_STYLE ('',( #2110 ) ) ;
#2110 = FILL_AREA_STYLE_COLOUR ( '', #2111 ) ;
#2111 = COLOUR_RGB ( '',0.7529411764705882200, 0.7529411764705882200, 0.7529411764705882200 ) ;
#2112 = FACE_OUTER_BOUND ( 'NONE', #109, .T. ) ;
#2113 = CARTESIAN_POINT ( 'NONE',  ( -5.749999999999970700, -3.399999999999976800, -8.450000000000031300 ) ) ;
#2114 = DIRECTION ( 'NONE',  ( 1.000000000000000000, 2.133167774365308900E-017, 3.472226957524089600E-015 ) ) ;
#2115 = VECTOR ( 'NONE', #2114, 1000.000000000000000 ) ;
#2116 = CARTESIAN_POINT ( 'NONE',  ( -6.249999999999970700, -3.399999999999976800, -8.450000000000033000 ) ) ;
#2117 = LINE ( 'NONE', #2116, #2115 ) ;
#2118 = DIRECTION ( 'NONE',  ( -1.000000000000000000, -1.297518949922035300E-016, -3.472226957524090000E-015 ) ) ;
#2119 = DIRECTION ( 'NONE',  ( -3.472226957524089600E-015, -3.602683583928408700E-015, 1.000000000000000000 ) ) ;
#2120 = CARTESIAN_POINT ( 'NONE',  ( -8.249999999999992900, 3.650000000000004800, -2.600000000000013000 ) ) ;
#2121 = AXIS2_PLACEMENT_3D ( 'NONE', #2120, #2119, #2118 ) ;
#2122 = PLANE ( 'NONE',  #2121 ) ;
#2123 =( GEOMETRIC_REPRESENTATION_CONTEXT ( 3 ) GLOBAL_UNCERTAINTY_ASSIGNED_CONTEXT ( ( #2124 ) ) GLOBAL_UNIT_ASSIGNED_CONTEXT ( ( #2067, #2066, #2125 ) ) REPRESENTATION_CONTEXT ( 'NONE', 'WORKASPACE' ) );
#2124 = UNCERTAINTY_MEASURE_WITH_UNIT (LENGTH_MEASURE( 1.000000000000000100E-005 ), #2067, 'distance_accuracy_value', 'NONE');
#2125 =( NAMED_UNIT ( * ) SI_UNIT ( $, .STERADIAN. ) SOLID_ANGLE_UNIT ( ) );
#2126 =( LENGTH_UNIT ( ) NAMED_UNIT ( * ) SI_UNIT ( .MILLI., .METRE. ) );
#2127 = MECHANICAL_DESIGN_GEOMETRIC_PRESENTATION_REPRESENTATION (  '', ( #2129 ), #2179 ) ;
#2128 = PRESENTATION_LAYER_ASSIGNMENT (  '', '', ( #2129 ) ) ;
#2129 = STYLED_ITEM ( 'NONE', ( #2130 ), #133 ) ;
#2130 = PRESENTATION_STYLE_ASSIGNMENT (( #2131 ) ) ;
#2131 = SURFACE_STYLE_USAGE ( .BOTH. , #2132 ) ;
#2132 = SURFACE_SIDE_STYLE ('',( #2133 ) ) ;
#2133 = SURFACE_STYLE_FILL_AREA ( #2134 ) ;
#2134 = FILL_AREA_STYLE ('',( #2141 ) ) ;
#2135 = COLOUR_RGB ( '',0.7529411764705882200, 0.7529411764705882200, 0.7529411764705882200 ) ;
#2136 = FACE_OUTER_BOUND ( 'NONE', #116, .T. ) ;
#2137 = DIRECTION ( 'NONE',  ( 3.472226957524089200E-015, 3.602683583928408700E-015, -1.000000000000000000 ) ) ;
#2138 = VECTOR ( 'NONE', #2137, 1000.000000000000000 ) ;
#2139 = CARTESIAN_POINT ( 'NONE',  ( -7.749999999999989300, 3.150000000000004400, -2.600000000000013000 ) ) ;
#2140 = LINE ( 'NONE', #2139, #2138 ) ;
#2141 = FILL_AREA_STYLE_COLOUR ( '', #2135 ) ;
#2142 = DIRECTION ( 'NONE',  ( 3.472226957524089200E-015, 3.602683583928408700E-015, -1.000000000000000000 ) ) ;
#2143 = VECTOR ( 'NONE', #2142, 1000.000000000000000 ) ;
#2144 = CARTESIAN_POINT ( 'NONE',  ( -7.749999999999992900, 3.650000000000004800, -2.600000000000011200 ) ) ;
#2145 = LINE ( 'NONE', #2144, #2143 ) ;
#2146 = DIRECTION ( 'NONE',  ( -1.297518949922157600E-016, 1.000000000000000000, 3.602683583928407900E-015 ) ) ;
#2147 = VECTOR ( 'NONE', #2146, 1000.000000000000000 ) ;
#2148 = CARTESIAN_POINT ( 'NONE',  ( -5.749999999999970700, 3.650000000000025700, -8.450000000000006400 ) ) ;
#2149 = LINE ( 'NONE', #2148, #2147 ) ;
#2150 = DIRECTION ( 'NONE',  ( -1.000000000000000000, -1.297518949922035300E-016, -3.472226957524090000E-015 ) ) ;
#2151 = DIRECTION ( 'NONE',  ( -3.472226957524089600E-015, -3.602683583928408700E-015, 1.000000000000000000 ) ) ;
#2152 = CARTESIAN_POINT ( 'NONE',  ( -6.249999999999970700, 3.650000000000025700, -8.450000000000008200 ) ) ;
#2153 = AXIS2_PLACEMENT_3D ( 'NONE', #2152, #2151, #2150 ) ;
#2154 = PLANE ( 'NONE',  #2153 ) ;
#2155 =( GEOMETRIC_REPRESENTATION_CONTEXT ( 3 ) GLOBAL_UNCERTAINTY_ASSIGNED_CONTEXT ( ( #2156 ) ) GLOBAL_UNIT_ASSIGNED_CONTEXT ( ( #2101, #2100, #2099 ) ) REPRESENTATION_CONTEXT ( 'NONE', 'WORKASPACE' ) );
#2156 = UNCERTAINTY_MEASURE_WITH_UNIT (LENGTH_MEASURE( 1.000000000000000100E-005 ), #2101, 'distance_accuracy_value', 'NONE');
#2157 =( NAMED_UNIT ( * ) PLANE_ANGLE_UNIT ( ) SI_UNIT ( $, .RADIAN. ) );
#2158 =( LENGTH_UNIT ( ) NAMED_UNIT ( * ) SI_UNIT ( .MILLI., .METRE. ) );
#2159 = MECHANICAL_DESIGN_GEOMETRIC_PRESENTATION_REPRESENTATION (  '', ( #2161 ), #2204 ) ;
#2160 = PRESENTATION_LAYER_ASSIGNMENT (  '', '', ( #2161 ) ) ;
#2161 = STYLED_ITEM ( 'NONE', ( #2162 ), #136 ) ;
#2162 = PRESENTATION_STYLE_ASSIGNMENT (( #2163 ) ) ;
#2163 = SURFACE_STYLE_USAGE ( .BOTH. , #2164 ) ;
#2164 = SURFACE_SIDE_STYLE ('',( #2165 ) ) ;
#2165 = SURFACE_STYLE_FILL_AREA ( #2166 ) ;
#2166 = FILL_AREA_STYLE ('',( #2173 ) ) ;
#2167 = COLOUR_RGB ( '',0.7529411764705882200, 0.7529411764705882200, 0.7529411764705882200 ) ;
#2168 = FACE_OUTER_BOUND ( 'NONE', #121, .T. ) ;
#2169 = DIRECTION ( 'NONE',  ( 3.472226957524089200E-015, 3.602683583928408700E-015, -1.000000000000000000 ) ) ;
#2170 = VECTOR ( 'NONE', #2169, 1000.000000000000000 ) ;
#2171 = CARTESIAN_POINT ( 'NONE',  ( -8.249999999999992900, 3.650000000000004800, -2.600000000000013000 ) ) ;
#2172 = LINE ( 'NONE', #2171, #2170 ) ;
#2173 = FILL_AREA_STYLE_COLOUR ( '', #2167 ) ;
#2174 = DIRECTION ( 'NONE',  ( 1.000000000000000000, 1.297518949922035300E-016, 3.472226957524090000E-015 ) ) ;
#2175 = DIRECTION ( 'NONE',  ( 1.297518949922160300E-016, -1.000000000000000000, -3.602683583928407900E-015 ) ) ;
#2176 = CARTESIAN_POINT ( 'NONE',  ( -7.749999999999992900, 3.650000000000004800, -2.600000000000011200 ) ) ;
#2177 = AXIS2_PLACEMENT_3D ( 'NONE', #2176, #2175, #2174 ) ;
#2178 = PLANE ( 'NONE',  #2177 ) ;
#2179 =( GEOMETRIC_REPRESENTATION_CONTEXT ( 3 ) GLOBAL_UNCERTAINTY_ASSIGNED_CONTEXT ( ( #2180 ) ) GLOBAL_UNIT_ASSIGNED_CONTEXT ( ( #2126, #2182, #2181 ) ) REPRESENTATION_CONTEXT ( 'NONE', 'WORKASPACE' ) );
#2180 = UNCERTAINTY_MEASURE_WITH_UNIT (LENGTH_MEASURE( 1.000000000000000100E-005 ), #2126, 'distance_accuracy_value', 'NONE');
#2181 =( NAMED_UNIT ( * ) SI_UNIT ( $, .STERADIAN. ) SOLID_ANGLE_UNIT ( ) );
#2182 =( NAMED_UNIT ( * ) PLANE_ANGLE_UNIT ( ) SI_UNIT ( $, .RADIAN. ) );
#2183 =( GEOMETRIC_REPRESENTATION_CONTEXT ( 3 ) GLOBAL_UNCERTAINTY_ASSIGNED_CONTEXT ( ( #2184 ) ) GLOBAL_UNIT_ASSIGNED_CONTEXT ( ( #2187, #2186, #2185 ) ) REPRESENTATION_CONTEXT ( 'NONE', 'WORKASPACE' ) );
#2184 = UNCERTAINTY_MEASURE_WITH_UNIT (LENGTH_MEASURE( 1.000000000000000100E-005 ), #2187, 'distance_accuracy_value', 'NONE');
#2185 =( NAMED_UNIT ( * ) SI_UNIT ( $, .STERADIAN. ) SOLID_ANGLE_UNIT ( ) );
#2186 =( NAMED_UNIT ( * ) PLANE_ANGLE_UNIT ( ) SI_UNIT ( $, .RADIAN. ) );
#2187 =( LENGTH_UNIT ( ) NAMED_UNIT ( * ) SI_UNIT ( .MILLI., .METRE. ) );
#2188 = MECHANICAL_DESIGN_GEOMETRIC_PRESENTATION_REPRESENTATION (  '', ( #2190 ), #2183 ) ;
#2189 = PRESENTATION_LAYER_ASSIGNMENT (  '', '', ( #2190 ) ) ;
#2190 = STYLED_ITEM ( 'NONE', ( #2191 ), #137 ) ;
#2191 = PRESENTATION_STYLE_ASSIGNMENT (( #2192 ) ) ;
#2192 = SURFACE_STYLE_USAGE ( .BOTH. , #2193 ) ;
#2193 = SURFACE_SIDE_STYLE ('',( #2194 ) ) ;
#2194 = SURFACE_STYLE_FILL_AREA ( #2195 ) ;
#2195 = FILL_AREA_STYLE ('',( #2202 ) ) ;
#2196 = COLOUR_RGB ( '',0.7529411764705882200, 0.7529411764705882200, 0.7529411764705882200 ) ;
#2197 = FACE_OUTER_BOUND ( 'NONE', #120, .T. ) ;
#2198 = DIRECTION ( 'NONE',  ( -1.297518949922157600E-016, 1.000000000000000000, 3.602683583928407900E-015 ) ) ;
#2199 = DIRECTION ( 'NONE',  ( 1.000000000000000000, 1.297518949922032600E-016, 3.472226957524090000E-015 ) ) ;
#2200 = CARTESIAN_POINT ( 'NONE',  ( -8.249999999999992900, 3.650000000000004800, -2.600000000000013000 ) ) ;
#2201 = AXIS2_PLACEMENT_3D ( 'NONE', #2200, #2199, #2198 ) ;
#2202 = FILL_AREA_STYLE_COLOUR ( '', #2196 ) ;
#2203 = PLANE ( 'NONE',  #2201 ) ;
#2204 =( GEOMETRIC_REPRESENTATION_CONTEXT ( 3 ) GLOBAL_UNCERTAINTY_ASSIGNED_CONTEXT ( ( #2205 ) ) GLOBAL_UNIT_ASSIGNED_CONTEXT ( ( #2158, #2157, #2206 ) ) REPRESENTATION_CONTEXT ( 'NONE', 'WORKASPACE' ) );
#2205 = UNCERTAINTY_MEASURE_WITH_UNIT (LENGTH_MEASURE( 1.000000000000000100E-005 ), #2158, 'distance_accuracy_value', 'NONE');
#2206 =( NAMED_UNIT ( * ) SI_UNIT ( $, .STERADIAN. ) SOLID_ANGLE_UNIT ( ) );
#2207 = DIRECTION ( 'NONE',  ( 3.472226957524089200E-015, 3.602683583928408700E-015, -1.000000000000000000 ) ) ;
#2208 = VECTOR ( 'NONE', #2207, 1000.000000000000000 ) ;
#2209 = CARTESIAN_POINT ( 'NONE',  ( -10.24999999999999300, 3.650000000000004800, -2.600000000000019600 ) ) ;
#2210 = LINE ( 'NONE', #2209, #2208 ) ;
#2211 = CARTESIAN_POINT ( 'NONE',  ( -9.749999999999973400, -3.399999999999978600, -7.950000000000043700 ) ) ;
#2212 = DIRECTION ( 'NONE',  ( -3.472226957524089200E-015, -3.602683583928408700E-015, 1.000000000000000000 ) ) ;
#2213 = VECTOR ( 'NONE', #2212, 1000.000000000000000 ) ;
#2214 = CARTESIAN_POINT ( 'NONE',  ( -9.749999999999971600, -3.399999999999976800, -8.450000000000043700 ) ) ;
#2215 = LINE ( 'NONE', #2214, #2213 ) ;
#2216 = CARTESIAN_POINT ( 'NONE',  ( -9.749999999999971600, -3.399999999999976800, -8.450000000000043700 ) ) ;
#2217 = DIRECTION ( 'NONE',  ( -1.000000000000000000, -1.297518949922035300E-016, -3.472226957524090000E-015 ) ) ;
#2218 = VECTOR ( 'NONE', #2217, 1000.000000000000000 ) ;
#2219 = CARTESIAN_POINT ( 'NONE',  ( -9.749999999999971600, 3.650000000000025700, -8.450000000000018800 ) ) ;
#2220 = LINE ( 'NONE', #2219, #2218 ) ;
#2221 = ORIENTED_EDGE ( 'NONE', *, *, #5, .F. ) ;
#2222 = CARTESIAN_POINT ( 'NONE',  ( -8.249999999999973400, 3.650000000000025700, -8.450000000000013500 ) ) ;
#2223 = CARTESIAN_POINT ( 'NONE',  ( -7.749999999999972500, 3.650000000000025700, -8.450000000000013500 ) ) ;
#2224 = DIRECTION ( 'NONE',  ( -1.000000000000000000, -1.297518949922035300E-016, -3.472226957524090000E-015 ) ) ;
#2225 = VECTOR ( 'NONE', #2224, 1000.000000000000000 ) ;
#2226 = CARTESIAN_POINT ( 'NONE',  ( -7.749999999999972500, 3.650000000000025700, -8.450000000000013500 ) ) ;
#2227 = LINE ( 'NONE', #2226, #2225 ) ;
#2228 = DIRECTION ( 'NONE',  ( 3.472226957524089200E-015, 3.602683583928408700E-015, -1.000000000000000000 ) ) ;
#2229 = VECTOR ( 'NONE', #2228, 1000.000000000000000 ) ;
#2230 = CARTESIAN_POINT ( 'NONE',  ( -8.249999999999992900, 3.650000000000004800, -2.600000000000013000 ) ) ;
#2231 = LINE ( 'NONE', #2230, #2229 ) ;
#2232 = DIRECTION ( 'NONE',  ( 3.472226957524089200E-015, 3.602683583928408700E-015, -1.000000000000000000 ) ) ;
#2233 = VECTOR ( 'NONE', #2232, 1000.000000000000000 ) ;
#2234 = CARTESIAN_POINT ( 'NONE',  ( -7.749999999999992900, 3.650000000000004800, -2.600000000000011200 ) ) ;
#2235 = LINE ( 'NONE', #2234, #2233 ) ;
#2236 = DIRECTION ( 'NONE',  ( -1.297518949922157600E-016, 1.000000000000000000, 3.602683583928407900E-015 ) ) ;
#2237 = DIRECTION ( 'NONE',  ( 1.000000000000000000, 1.297518949922032600E-016, 3.472226957524090000E-015 ) ) ;
#2238 = CARTESIAN_POINT ( 'NONE',  ( -8.249999999999992900, 3.650000000000004800, -2.600000000000013000 ) ) ;
#2239 = AXIS2_PLACEMENT_3D ( 'NONE', #2238, #2237, #2236 ) ;
#2240 = PLANE ( 'NONE',  #2239 ) ;
#2241 = CARTESIAN_POINT ( 'NONE',  ( -10.24999999999997500, -3.399999999999978600, -7.950000000000045500 ) ) ;
#2242 = LINE ( 'NONE', #2241, #2300 ) ;
#2243 = DIRECTION ( 'NONE',  ( 1.297518949922157600E-016, -1.000000000000000000, -3.602683583928407900E-015 ) ) ;
#2244 = DIRECTION ( 'NONE',  ( -1.000000000000000000, -1.297518949922032600E-016, -3.472226957524090000E-015 ) ) ;
#2245 = CARTESIAN_POINT ( 'NONE',  ( -9.749999999999992900, 3.650000000000004800, -2.600000000000018300 ) ) ;
#2246 = AXIS2_PLACEMENT_3D ( 'NONE', #2245, #2244, #2243 ) ;
#2247 = PLANE ( 'NONE',  #2246 ) ;
#2248 =( GEOMETRIC_REPRESENTATION_CONTEXT ( 3 ) GLOBAL_UNCERTAINTY_ASSIGNED_CONTEXT ( ( #2249 ) ) GLOBAL_UNIT_ASSIGNED_CONTEXT ( ( #2252, #2251, #2250 ) ) REPRESENTATION_CONTEXT ( 'NONE', 'WORKASPACE' ) );
#2249 = UNCERTAINTY_MEASURE_WITH_UNIT (LENGTH_MEASURE( 1.000000000000000100E-005 ), #2252, 'distance_accuracy_value', 'NONE');
#2250 =( NAMED_UNIT ( * ) SI_UNIT ( $, .STERADIAN. ) SOLID_ANGLE_UNIT ( ) );
#2251 =( NAMED_UNIT ( * ) PLANE_ANGLE_UNIT ( ) SI_UNIT ( $, .RADIAN. ) );
#2252 =( LENGTH_UNIT ( ) NAMED_UNIT ( * ) SI_UNIT ( .MILLI., .METRE. ) );
#2253 = MECHANICAL_DESIGN_GEOMETRIC_PRESENTATION_REPRESENTATION (  '', ( #2255 ), #2248 ) ;
#2254 = PRESENTATION_LAYER_ASSIGNMENT (  '', '', ( #2255 ) ) ;
#2255 = STYLED_ITEM ( 'NONE', ( #2256 ), #171 ) ;
#2256 = PRESENTATION_STYLE_ASSIGNMENT (( #2257 ) ) ;
#2257 = SURFACE_STYLE_USAGE ( .BOTH. , #2258 ) ;
#2258 = SURFACE_SIDE_STYLE ('',( #2259 ) ) ;
#2259 = SURFACE_STYLE_FILL_AREA ( #2260 ) ;
#2260 = FILL_AREA_STYLE ('',( #2261 ) ) ;
#2261 = FILL_AREA_STYLE_COLOUR ( '', #2262 ) ;
#2262 = COLOUR_RGB ( '',0.7529411764705882200, 0.7529411764705882200, 0.7529411764705882200 ) ;
#2263 = FACE_OUTER_BOUND ( 'NONE', #167, .T. ) ;
#2264 = CARTESIAN_POINT ( 'NONE',  ( -3.749999999999985800, 3.650000000000016800, -5.800000000000000700 ) ) ;
#2265 = DIRECTION ( 'NONE',  ( -2.133167774366492200E-017, 1.000000000000000000, 3.602683583928408700E-015 ) ) ;
#2266 = VECTOR ( 'NONE', #2265, 1000.000000000000000 ) ;
#2267 = CARTESIAN_POINT ( 'NONE',  ( -9.749999999999973400, -3.399999999999978600, -7.950000000000043700 ) ) ;
#2268 = LINE ( 'NONE', #2267, #2266 ) ;
#2269 = FILL_AREA_STYLE_COLOUR ( '', #2270 ) ;
#2270 = COLOUR_RGB ( '',0.7529411764705882200, 0.7529411764705882200, 0.7529411764705882200 ) ;
#2271 = FACE_OUTER_BOUND ( 'NONE', #183, .T. ) ;
#2272 = DIRECTION ( 'NONE',  ( 1.000000000000000000, 2.133167774365308900E-017, 3.472226957524089600E-015 ) ) ;
#2273 = VECTOR ( 'NONE', #2272, 1000.000000000000000 ) ;
#2274 = CARTESIAN_POINT ( 'NONE',  ( -10.24999999999997300, -3.399999999999976800, -8.450000000000045500 ) ) ;
#2275 = LINE ( 'NONE', #2274, #2273 ) ;
#2276 = FILL_AREA_STYLE ('',( #2269 ) ) ;
#2277 = DIRECTION ( 'NONE',  ( -1.000000000000000000, -1.297518949922035300E-016, -3.472226957524090000E-015 ) ) ;
#2278 = DIRECTION ( 'NONE',  ( -3.472226957524089600E-015, -3.602683583928408700E-015, 1.000000000000000000 ) ) ;
#2279 = CARTESIAN_POINT ( 'NONE',  ( -12.24999999999999300, 3.650000000000004800, -2.600000000000026700 ) ) ;
#2280 = AXIS2_PLACEMENT_3D ( 'NONE', #2279, #2278, #2277 ) ;
#2281 = PLANE ( 'NONE',  #2280 ) ;
#2282 =( GEOMETRIC_REPRESENTATION_CONTEXT ( 3 ) GLOBAL_UNCERTAINTY_ASSIGNED_CONTEXT ( ( #2283 ) ) GLOBAL_UNIT_ASSIGNED_CONTEXT ( ( #2286, #2285, #2284 ) ) REPRESENTATION_CONTEXT ( 'NONE', 'WORKASPACE' ) );
#2283 = UNCERTAINTY_MEASURE_WITH_UNIT (LENGTH_MEASURE( 1.000000000000000100E-005 ), #2286, 'distance_accuracy_value', 'NONE');
#2284 =( NAMED_UNIT ( * ) SI_UNIT ( $, .STERADIAN. ) SOLID_ANGLE_UNIT ( ) );
#2285 =( NAMED_UNIT ( * ) PLANE_ANGLE_UNIT ( ) SI_UNIT ( $, .RADIAN. ) );
#2286 =( LENGTH_UNIT ( ) NAMED_UNIT ( * ) SI_UNIT ( .MILLI., .METRE. ) );
#2287 = MECHANICAL_DESIGN_GEOMETRIC_PRESENTATION_REPRESENTATION (  '', ( #2289 ), #2282 ) ;
#2288 = PRESENTATION_LAYER_ASSIGNMENT (  '', '', ( #2289 ) ) ;
#2289 = STYLED_ITEM ( 'NONE', ( #2290 ), #180 ) ;
#2290 = PRESENTATION_STYLE_ASSIGNMENT (( #2291 ) ) ;
#2291 = SURFACE_STYLE_USAGE ( .BOTH. , #2292 ) ;
#2292 = SURFACE_SIDE_STYLE ('',( #2293 ) ) ;
#2293 = SURFACE_STYLE_FILL_AREA ( #2294 ) ;
#2294 = FILL_AREA_STYLE ('',( #2295 ) ) ;
#2295 = FILL_AREA_STYLE_COLOUR ( '', #2296 ) ;
#2296 = COLOUR_RGB ( '',0.7529411764705882200, 0.7529411764705882200, 0.7529411764705882200 ) ;
#2297 = FACE_OUTER_BOUND ( 'NONE', #177, .T. ) ;
#2298 = CARTESIAN_POINT ( 'NONE',  ( -10.24999999999997500, -3.399999999999978600, -7.950000000000045500 ) ) ;
#2299 = DIRECTION ( 'NONE',  ( -2.133167774366492200E-017, 1.000000000000000000, 3.602683583928408700E-015 ) ) ;
#2300 = VECTOR ( 'NONE', #2299, 1000.000000000000000 ) ;
#2301 = SURFACE_STYLE_USAGE ( .BOTH. , #2302 ) ;
#2302 = SURFACE_SIDE_STYLE ('',( #2303 ) ) ;
#2303 = SURFACE_STYLE_FILL_AREA ( #2304 ) ;
#2304 = FILL_AREA_STYLE ('',( #2311 ) ) ;
#2305 = COLOUR_RGB ( '',0.7529411764705882200, 0.7529411764705882200, 0.7529411764705882200 ) ;
#2306 = FACE_OUTER_BOUND ( 'NONE', #194, .T. ) ;
#2307 = DIRECTION ( 'NONE',  ( -1.000000000000000000, -1.297518949922035300E-016, -3.472226957524090000E-015 ) ) ;
#2308 = VECTOR ( 'NONE', #2307, 1000.000000000000000 ) ;
#2309 = CARTESIAN_POINT ( 'NONE',  ( -11.74999999999999300, 3.650000000000004800, -2.600000000000025000 ) ) ;
#2310 = LINE ( 'NONE', #2309, #2308 ) ;
#2311 = FILL_AREA_STYLE_COLOUR ( '', #2305 ) ;
#2312 = CARTESIAN_POINT ( 'NONE',  ( -11.74999999999999300, 3.650000000000004800, -2.600000000000025000 ) ) ;
#2313 = DIRECTION ( 'NONE',  ( -1.000000000000000000, -1.297518949922035300E-016, -3.472226957524090000E-015 ) ) ;
#2314 = DIRECTION ( 'NONE',  ( -3.472226957524089600E-015, -3.602683583928408700E-015, 1.000000000000000000 ) ) ;
#2315 = CARTESIAN_POINT ( 'NONE',  ( -10.24999999999997300, 3.650000000000025700, -8.450000000000020600 ) ) ;
#2316 = AXIS2_PLACEMENT_3D ( 'NONE', #2315, #2314, #2313 ) ;
#2317 = PLANE ( 'NONE',  #2316 ) ;
#2318 =( GEOMETRIC_REPRESENTATION_CONTEXT ( 3 ) GLOBAL_UNCERTAINTY_ASSIGNED_CONTEXT ( ( #2319 ) ) GLOBAL_UNIT_ASSIGNED_CONTEXT ( ( #2322, #2321, #2320 ) ) REPRESENTATION_CONTEXT ( 'NONE', 'WORKASPACE' ) );
#2319 = UNCERTAINTY_MEASURE_WITH_UNIT (LENGTH_MEASURE( 1.000000000000000100E-005 ), #2322, 'distance_accuracy_value', 'NONE');
#2320 =( NAMED_UNIT ( * ) SI_UNIT ( $, .STERADIAN. ) SOLID_ANGLE_UNIT ( ) );
#2321 =( NAMED_UNIT ( * ) PLANE_ANGLE_UNIT ( ) SI_UNIT ( $, .RADIAN. ) );
#2322 =( LENGTH_UNIT ( ) NAMED_UNIT ( * ) SI_UNIT ( .MILLI., .METRE. ) );
#2323 = MECHANICAL_DESIGN_GEOMETRIC_PRESENTATION_REPRESENTATION (  '', ( #2325 ), #2318 ) ;
#2324 = PRESENTATION_LAYER_ASSIGNMENT (  '', '', ( #2325 ) ) ;
#2325 = STYLED_ITEM ( 'NONE', ( #2326 ), #186 ) ;
#2326 = PRESENTATION_STYLE_ASSIGNMENT (( #2327 ) ) ;
#2327 = SURFACE_STYLE_USAGE ( .BOTH. , #2328 ) ;
#2328 = SURFACE_SIDE_STYLE ('',( #2329 ) ) ;
#2329 = SURFACE_STYLE_FILL_AREA ( #2276 ) ;
#2330 = CARTESIAN_POINT ( 'NONE',  ( -19.20000000000000300, 3.049999999999999800, -5.724587470723463400E-014 ) ) ;
#2331 = CARTESIAN_POINT ( 'NONE',  ( -15.74999999999997200, -3.399999999999980400, -7.950000000000063200 ) ) ;
#2332 = CARTESIAN_POINT ( 'NONE',  ( -10.79999999999999400, 5.400000000000010100, -2.760769520000019300 ) ) ;
#2333 = CARTESIAN_POINT ( 'NONE',  ( -20.00000000000000400, 3.049999999999999800, -5.984795992119984500E-014 ) ) ;
#2334 = DIRECTION ( 'NONE',  ( 3.472226957524089600E-015, 3.482216675874464000E-015, -1.000000000000000000 ) ) ;
#2335 = VECTOR ( 'NONE', #2334, 1000.000000000000000 ) ;
#2336 = CARTESIAN_POINT ( 'NONE',  ( -20.00000000000000400, 3.049999999999999800, -5.984795992119984500E-014 ) ) ;
#2337 = LINE ( 'NONE', #2336, #2335 ) ;
#2338 = CARTESIAN_POINT ( 'NONE',  ( -12.24999999999999300, 3.150000000000004400, -2.600000000000028500 ) ) ;
#2339 = DIRECTION ( 'NONE',  ( -1.297518949922157600E-016, 1.000000000000000000, 3.602683583928407900E-015 ) ) ;
#2340 = DIRECTION ( 'NONE',  ( 1.000000000000000000, 1.297518949922032600E-016, 3.472226957524090000E-015 ) ) ;
#2341 = CARTESIAN_POINT ( 'NONE',  ( -12.24999999999999300, 3.650000000000004800, -2.600000000000026700 ) ) ;
#2342 = AXIS2_PLACEMENT_3D ( 'NONE', #2341, #2340, #2339 ) ;
#2343 = PLANE ( 'NONE',  #2342 ) ;
#2344 =( GEOMETRIC_REPRESENTATION_CONTEXT ( 3 ) GLOBAL_UNCERTAINTY_ASSIGNED_CONTEXT ( ( #2345 ) ) GLOBAL_UNIT_ASSIGNED_CONTEXT ( ( #2348, #2347, #2346 ) ) REPRESENTATION_CONTEXT ( 'NONE', 'WORKASPACE' ) );
#2345 = UNCERTAINTY_MEASURE_WITH_UNIT (LENGTH_MEASURE( 1.000000000000000100E-005 ), #2348, 'distance_accuracy_value', 'NONE');
#2346 =( NAMED_UNIT ( * ) SI_UNIT ( $, .STERADIAN. ) SOLID_ANGLE_UNIT ( ) );
#2347 =( NAMED_UNIT ( * ) PLANE_ANGLE_UNIT ( ) SI_UNIT ( $, .RADIAN. ) );
#2348 =( LENGTH_UNIT ( ) NAMED_UNIT ( * ) SI_UNIT ( .MILLI., .METRE. ) );
#2349 = MECHANICAL_DESIGN_GEOMETRIC_PRESENTATION_REPRESENTATION (  '', ( #2351 ), #2344 ) ;
#2350 = PRESENTATION_LAYER_ASSIGNMENT (  '', '', ( #2351 ) ) ;
#2351 = STYLED_ITEM ( 'NONE', ( #2352 ), #193 ) ;
#2352 = PRESENTATION_STYLE_ASSIGNMENT (( #2301 ) ) ;
#2353 = CARTESIAN_POINT ( 'NONE',  ( -19.19999999999999900, 3.050000000000006500, -1.800000000000056700 ) ) ;
#2354 = DIRECTION ( 'NONE',  ( -3.472226957524089200E-015, -3.482216675874463200E-015, 1.000000000000000000 ) ) ;
#2355 = VECTOR ( 'NONE', #2354, 1000.000000000000000 ) ;
#2356 = CARTESIAN_POINT ( 'NONE',  ( -19.20000000000000600, 3.049999999999999800, -5.724587470723463400E-014 ) ) ;
#2357 = LINE ( 'NONE', #2356, #2355 ) ;
#2358 = CARTESIAN_POINT ( 'NONE',  ( 1.734723475976807100E-014, 5.400000000000019900, -6.099999999999980100 ) ) ;
#2359 = DIRECTION ( 'NONE',  ( -1.000000000000000000, -1.297518949922035300E-016, -3.472226957524090000E-015 ) ) ;
#2360 = VECTOR ( 'NONE', #2359, 1000.000000000000000 ) ;
#2361 = CARTESIAN_POINT ( 'NONE',  ( -12.44999999999998300, 5.400000000000019900, -6.100000000000022700 ) ) ;
#2362 = LINE ( 'NONE', #2361, #2360 ) ;
#2363 = DIRECTION ( 'NONE',  ( -1.000000000000000000, -1.297518949922035300E-016, -3.472226957524090000E-015 ) ) ;
#2364 = VECTOR ( 'NONE', #2363, 1000.000000000000000 ) ;
#2365 = CARTESIAN_POINT ( 'NONE',  ( 0.0000000000000000000, 3.050000000000008300, -1.799999999999989200 ) ) ;
#2366 = LINE ( 'NONE', #2365, #2364 ) ;
#2367 = DIRECTION ( 'NONE',  ( 1.000000000000000000, 1.297518949922035300E-016, 3.472226957524090000E-015 ) ) ;
#2368 = VECTOR ( 'NONE', #2367, 1000.000000000000000 ) ;
#2369 = CARTESIAN_POINT ( 'NONE',  ( -10.79999999999999400, 5.400000000000010100, -2.760769520000019300 ) ) ;
#2370 = LINE ( 'NONE', #2369, #2368 ) ;
#2371 = DIRECTION ( 'NONE',  ( 3.472226957524089200E-015, 3.482216675874463200E-015, -1.000000000000000000 ) ) ;
#2372 = DIRECTION ( 'NONE',  ( -1.297518949922153600E-016, 1.000000000000000000, 3.482216675874462800E-015 ) ) ;
#2373 = CARTESIAN_POINT ( 'NONE',  ( -3.469446951953614200E-015, 3.050000000000001600, 1.040834085586084300E-014 ) ) ;
#2374 = AXIS2_PLACEMENT_3D ( 'NONE', #2373, #2372, #2371 ) ;
#2375 = PLANE ( 'NONE',  #2374 ) ;
#2376 = FACE_OUTER_BOUND ( 'NONE', #218, .T. ) ;
#2377 = DIRECTION ( 'NONE',  ( 3.472226957524089200E-015, 3.602683583928408700E-015, -1.000000000000000000 ) ) ;
#2378 = VECTOR ( 'NONE', #2377, 1000.000000000000000 ) ;
#2379 = CARTESIAN_POINT ( 'NONE',  ( 1.734723475976807100E-014, 5.400000000000019900, -6.099999999999980100 ) ) ;
#2380 = LINE ( 'NONE', #2379, #2378 ) ;
#2381 = CARTESIAN_POINT ( 'NONE',  ( -19.99999999999999600, 3.050000000000006500, -1.800000000000059300 ) ) ;
#2382 = DIRECTION ( 'NONE',  ( -3.178206029392427600E-015, -3.455673119862577500E-015, 1.000000000000000000 ) ) ;
#2383 = VECTOR ( 'NONE', #2382, 1000.000000000000000 ) ;
#2384 = CARTESIAN_POINT ( 'NONE',  ( -7.550000000000000700, 5.400000000000006600, -1.800000000000004700 ) ) ;
#2385 = LINE ( 'NONE', #2384, #2383 ) ;
#2386 = DIRECTION ( 'NONE',  ( 3.472226957524088800E-015, 3.455673119862577500E-015, -1.000000000000000000 ) ) ;
#2387 = DIRECTION ( 'NONE',  ( -1.297518949922153600E-016, 1.000000000000000000, 3.455673119862577100E-015 ) ) ;
#2388 = CARTESIAN_POINT ( 'NONE',  ( 3.469446951953614200E-015, 5.400000000000006600, -1.799999999999980500 ) ) ;
#2389 = AXIS2_PLACEMENT_3D ( 'NONE', #2388, #2387, #2386 ) ;
#2390 = PLANE ( 'NONE',  #2389 ) ;
#2391 = FACE_OUTER_BOUND ( 'NONE', #214, .T. ) ;
#2392 = FACE_BOUND ( 'NONE', #243, .T. ) ;
#2393 = DIRECTION ( 'NONE',  ( -3.523657060577880300E-015, -3.491483361109383600E-015, 1.000000000000000000 ) ) ;
#2394 = DIRECTION ( 'NONE',  ( 1.297518949922153600E-016, -1.000000000000000000, -3.491483361109382100E-015 ) ) ;
#2395 = CARTESIAN_POINT ( 'NONE',  ( -0.4999999999999831200, 2.168404344971008900E-014, -6.100000000000002300 ) ) ;
#2396 = AXIS2_PLACEMENT_3D ( 'NONE', #2395, #2394, #2393 ) ;
#2397 = CIRCLE ( 'NONE', #2396, 0.4000000000000010200 ) ;
#2398 = CARTESIAN_POINT ( 'NONE',  ( -10.79999999999998600, 5.400000000000016300, -4.600000000000019200 ) ) ;
#2399 = DIRECTION ( 'NONE',  ( -3.472226957524089200E-015, -3.602683583928408700E-015, 1.000000000000000000 ) ) ;
#2400 = VECTOR ( 'NONE', #2399, 1000.000000000000000 ) ;
#2401 = CARTESIAN_POINT ( 'NONE',  ( -10.79999999999998600, 5.400000000000016300, -4.600000000000019200 ) ) ;
#2402 = LINE ( 'NONE', #2401, #2400 ) ;
#2403 = CARTESIAN_POINT ( 'NONE',  ( -9.199999999999985100, 5.400000000000016300, -4.600000000000013900 ) ) ;
#2404 = DIRECTION ( 'NONE',  ( -3.472226957524089200E-015, -3.602683583928408700E-015, 1.000000000000000000 ) ) ;
#2405 = VECTOR ( 'NONE', #2404, 1000.000000000000000 ) ;
#2406 = CARTESIAN_POINT ( 'NONE',  ( -9.199999999999985100, 5.400000000000016300, -4.600000000000013900 ) ) ;
#2407 = LINE ( 'NONE', #2406, #2405 ) ;
#2408 = DIRECTION ( 'NONE',  ( 1.000000000000000000, 1.297518949922035300E-016, 3.472226957524090000E-015 ) ) ;
#2409 = VECTOR ( 'NONE', #2408, 1000.000000000000000 ) ;
#2410 = CARTESIAN_POINT ( 'NONE',  ( -10.79999999999998600, 5.400000000000016300, -4.600000000000019200 ) ) ;
#2411 = LINE ( 'NONE', #2410, #2409 ) ;
#2412 = CARTESIAN_POINT ( 'NONE',  ( -19.99999999999998200, 5.400000000000019900, -6.100000000000049400 ) ) ;
#2413 = DIRECTION ( 'NONE',  ( 3.472226957524089200E-015, 3.602683583928408700E-015, -1.000000000000000000 ) ) ;
#2414 = VECTOR ( 'NONE', #2413, 1000.000000000000000 ) ;
#2415 = CARTESIAN_POINT ( 'NONE',  ( -19.99999999999998200, 5.400000000000019900, -6.100000000000049400 ) ) ;
#2416 = LINE ( 'NONE', #2415, #2414 ) ;
#2417 = CARTESIAN_POINT ( 'NONE',  ( -20.00000000000000400, -2.602085213965210600E-015, -7.025630077706068700E-014 ) ) ;
#2418 = LINE ( 'NONE', #2417, #1951 ) ;
#2419 = CARTESIAN_POINT ( 'NONE',  ( -19.20000000000000300, 1.999999999999997300, -6.071532165918824800E-014 ) ) ;
#2420 = DIRECTION ( 'NONE',  ( 1.000000000000000000, 1.297518949922035300E-016, 3.472226957524090000E-015 ) ) ;
#2421 = VECTOR ( 'NONE', #2420, 1000.000000000000000 ) ;
#2422 = CARTESIAN_POINT ( 'NONE',  ( -0.9999999999999696900, 1.590598923241569600, -11.69999999999999900 ) ) ;
#2423 = LINE ( 'NONE', #2422, #2421 ) ;
#2424 = DIRECTION ( 'NONE',  ( 1.297518949922141800E-016, -1.000000000000000000, -3.157882692652306800E-015 ) ) ;
#2425 = VECTOR ( 'NONE', #2424, 1000.000000000000000 ) ;
#2426 = CARTESIAN_POINT ( 'NONE',  ( 3.816391647148975600E-014, 3.900000000000067400, -11.69999999999998700 ) ) ;
#2427 = LINE ( 'NONE', #2426, #2425 ) ;
#2428 = CARTESIAN_POINT ( 'NONE',  ( 3.816391647148975600E-014, 1.590598923241569600, -11.69999999999999600 ) ) ;
#2429 = CARTESIAN_POINT ( 'NONE',  ( -0.7999999999999986000, 3.050000000000001600, 6.938893903907228400E-015 ) ) ;
#2430 = CARTESIAN_POINT ( 'NONE',  ( -3.469446951953614200E-015, 3.050000000000001600, 1.040834085586084300E-014 ) ) ;
#2431 = DIRECTION ( 'NONE',  ( 1.297518949922141800E-016, -1.000000000000000000, -3.157882692652306800E-015 ) ) ;
#2432 = DIRECTION ( 'NONE',  ( 3.472226957524089200E-015, 3.157882692652307200E-015, -1.000000000000000000 ) ) ;
#2433 = CARTESIAN_POINT ( 'NONE',  ( 3.816391647148975600E-014, 3.900000000000067400, -11.69999999999998700 ) ) ;
#2434 = AXIS2_PLACEMENT_3D ( 'NONE', #2433, #2432, #2431 ) ;
#2435 = PLANE ( 'NONE',  #2434 ) ;
#2436 = FACE_OUTER_BOUND ( 'NONE', #329, .T. ) ;
#2437 = DIRECTION ( 'NONE',  ( 1.000000000000000000, 1.297518949922035300E-016, 3.472226957524090000E-015 ) ) ;
#2438 = VECTOR ( 'NONE', #2437, 1000.000000000000000 ) ;
#2439 = CARTESIAN_POINT ( 'NONE',  ( -0.8000000000000020400, 2.000000000000000900, 3.469446951953614200E-015 ) ) ;
#2440 = LINE ( 'NONE', #2439, #2438 ) ;
#2441 = EDGE_LOOP ( 'NONE', ( #2442, #1405, #1005, #195 ) ) ;
#2442 = ORIENTED_EDGE ( 'NONE', *, *, #2629, .T. ) ;
#2443 = CARTESIAN_POINT ( 'NONE',  ( -0.8000000000000020400, 2.000000000000000900, 3.469446951953614200E-015 ) ) ;
#2444 = DIRECTION ( 'NONE',  ( -1.297518949922153900E-016, 1.000000000000000000, 3.602683583928408700E-015 ) ) ;
#2445 = VECTOR ( 'NONE', #2444, 1000.000000000000000 ) ;
#2446 = CARTESIAN_POINT ( 'NONE',  ( -0.8000000000000020400, 2.000000000000000900, 3.469446951953614200E-015 ) ) ;
#2447 = LINE ( 'NONE', #2446, #2445 ) ;
#2448 = CARTESIAN_POINT ( 'NONE',  ( -9.199999999999992200, 5.400000000000010100, -2.760769520000014000 ) ) ;
#2449 = DIRECTION ( 'NONE',  ( 3.472226957524089200E-015, 3.157882692652307200E-015, -1.000000000000000000 ) ) ;
#2450 = VECTOR ( 'NONE', #2449, 1000.000000000000000 ) ;
#2451 = CARTESIAN_POINT ( 'NONE',  ( -19.00382317513374300, 2.428612866367529900E-014, -7.700000000000065000 ) ) ;
#2452 = LINE ( 'NONE', #2451, #2450 ) ;
#2453 =( LENGTH_UNIT ( ) NAMED_UNIT ( * ) SI_UNIT ( .MILLI., .METRE. ) );
#2454 = MECHANICAL_DESIGN_GEOMETRIC_PRESENTATION_REPRESENTATION (  '', ( #2456 ), #2510 ) ;
#2455 = PRESENTATION_LAYER_ASSIGNMENT (  '', '', ( #2456 ) ) ;
#2456 = STYLED_ITEM ( 'NONE', ( #2457 ), #281 ) ;
#2457 = PRESENTATION_STYLE_ASSIGNMENT (( #2458 ) ) ;
#2458 = SURFACE_STYLE_USAGE ( .BOTH. , #2459 ) ;
#2459 = SURFACE_SIDE_STYLE ('',( #2460 ) ) ;
#2460 = SURFACE_STYLE_FILL_AREA ( #2461 ) ;
#2461 = FILL_AREA_STYLE ('',( #2468 ) ) ;
#2462 = COLOUR_RGB ( '',0.7529411764705882200, 0.7529411764705882200, 0.7529411764705882200 ) ;
#2463 = FACE_OUTER_BOUND ( 'NONE', #284, .T. ) ;
#2464 = DIRECTION ( 'NONE',  ( 1.297518949922153900E-016, -1.000000000000000000, -3.602683583928408700E-015 ) ) ;
#2465 = VECTOR ( 'NONE', #2464, 1000.000000000000000 ) ;
#2466 = CARTESIAN_POINT ( 'NONE',  ( -19.20000000000000300, 1.999999999999997300, -6.071532165918824800E-014 ) ) ;
#2467 = LINE ( 'NONE', #2466, #2465 ) ;
#2468 = FILL_AREA_STYLE_COLOUR ( '', #2462 ) ;
#2469 = DIRECTION ( 'NONE',  ( -1.000000000000000000, -1.297518949922035300E-016, -3.472226957524090000E-015 ) ) ;
#2470 = DIRECTION ( 'NONE',  ( -3.472226957524089600E-015, -3.602683583928408700E-015, 1.000000000000000000 ) ) ;
#2471 = CARTESIAN_POINT ( 'NONE',  ( 0.0000000000000000000, 0.0000000000000000000, 0.0000000000000000000 ) ) ;
#2472 = AXIS2_PLACEMENT_3D ( 'NONE', #2471, #2470, #2469 ) ;
#2473 = PLANE ( 'NONE',  #2472 ) ;
#2474 = FACE_OUTER_BOUND ( 'NONE', #269, .T. ) ;
#2475 = DIRECTION ( 'NONE',  ( 1.297518949922141800E-016, -1.000000000000000000, -3.157882692652306800E-015 ) ) ;
#2476 = VECTOR ( 'NONE', #2475, 1000.000000000000000 ) ;
#2477 = CARTESIAN_POINT ( 'NONE',  ( -0.9999999999999627000, 3.900000000000065600, -11.69999999999999200 ) ) ;
#2478 = LINE ( 'NONE', #2477, #2476 ) ;
#2479 = DIRECTION ( 'NONE',  ( -1.000000000000000000, -1.297518949922035300E-016, -3.472226957524090000E-015 ) ) ;
#2480 = VECTOR ( 'NONE', #2479, 1000.000000000000000 ) ;
#2481 = CARTESIAN_POINT ( 'NONE',  ( -3.469446951953614200E-015, 3.050000000000001600, 1.040834085586084300E-014 ) ) ;
#2482 = LINE ( 'NONE', #2481, #2480 ) ;
#2483 = DIRECTION ( 'NONE',  ( 1.297518949922141800E-016, -1.000000000000000000, -3.157882692652306800E-015 ) ) ;
#2484 = DIRECTION ( 'NONE',  ( 3.472226957524089200E-015, 3.157882692652307200E-015, -1.000000000000000000 ) ) ;
#2485 = CARTESIAN_POINT ( 'NONE',  ( 3.816391647148975600E-014, 3.900000000000067400, -11.69999999999998700 ) ) ;
#2486 = AXIS2_PLACEMENT_3D ( 'NONE', #2485, #2484, #2483 ) ;
#2487 = PLANE ( 'NONE',  #2486 ) ;
#2488 = FACE_OUTER_BOUND ( 'NONE', #279, .T. ) ;
#2489 = CARTESIAN_POINT ( 'NONE',  ( -0.9999999999999696900, 1.590598923241569600, -11.69999999999999900 ) ) ;
#2490 = AXIS2_PLACEMENT_3D ( 'NONE', #2546, #2545, #2544 ) ;
#2491 = PLANE ( 'NONE',  #2490 ) ;
#2492 = FACE_BOUND ( 'NONE', #206, .T. ) ;
#2493 = FACE_OUTER_BOUND ( 'NONE', #371, .T. ) ;
#2494 = FACE_BOUND ( 'NONE', #304, .T. ) ;
#2495 = CARTESIAN_POINT ( 'NONE',  ( -7.550000000000000700, 5.400000000000006600, -1.800000000000004700 ) ) ;
#2496 = DIRECTION ( 'NONE',  ( -1.000000000000000000, 4.257162911145303200E-017, -3.472226957524089600E-015 ) ) ;
#2497 = VECTOR ( 'NONE', #2496, 1000.000000000000000 ) ;
#2498 = CARTESIAN_POINT ( 'NONE',  ( -7.549999999999990900, 5.400000000000019900, -6.100000000000006800 ) ) ;
#2499 = LINE ( 'NONE', #2498, #2497 ) ;
#2500 = CARTESIAN_POINT ( 'NONE',  ( -7.549999999999990900, 5.400000000000019900, -6.100000000000006800 ) ) ;
#2501 = DIRECTION ( 'NONE',  ( -1.000000000000000000, -1.297518949922035300E-016, -3.472226957524090000E-015 ) ) ;
#2502 = VECTOR ( 'NONE', #2501, 1000.000000000000000 ) ;
#2503 = CARTESIAN_POINT ( 'NONE',  ( 3.469446951953614200E-015, 5.400000000000006600, -1.799999999999980500 ) ) ;
#2504 = LINE ( 'NONE', #2503, #2502 ) ;
#2505 = DIRECTION ( 'NONE',  ( -1.000000000000000000, -2.133167774365308900E-017, -3.472226957524089600E-015 ) ) ;
#2506 = DIRECTION ( 'NONE',  ( -2.133167774366559900E-017, 1.000000000000000000, 3.602683583928408700E-015 ) ) ;
#2507 = CARTESIAN_POINT ( 'NONE',  ( -3.749999999999972000, -3.399999999999978600, -7.950000000000025000 ) ) ;
#2508 = AXIS2_PLACEMENT_3D ( 'NONE', #2507, #2506, #2505 ) ;
#2509 = PLANE ( 'NONE',  #2508 ) ;
#2510 =( GEOMETRIC_REPRESENTATION_CONTEXT ( 3 ) GLOBAL_UNCERTAINTY_ASSIGNED_CONTEXT ( ( #2511 ) ) GLOBAL_UNIT_ASSIGNED_CONTEXT ( ( #2453, #2513, #2512 ) ) REPRESENTATION_CONTEXT ( 'NONE', 'WORKASPACE' ) );
#2511 = UNCERTAINTY_MEASURE_WITH_UNIT (LENGTH_MEASURE( 1.000000000000000100E-005 ), #2453, 'distance_accuracy_value', 'NONE');
#2512 =( NAMED_UNIT ( * ) SI_UNIT ( $, .STERADIAN. ) SOLID_ANGLE_UNIT ( ) );
#2513 =( NAMED_UNIT ( * ) PLANE_ANGLE_UNIT ( ) SI_UNIT ( $, .RADIAN. ) );
#2514 = DIRECTION ( 'NONE',  ( -1.000000000000000000, -1.297518949922035300E-016, -3.472226957524090000E-015 ) ) ;
#2515 = VECTOR ( 'NONE', #2514, 1000.000000000000000 ) ;
#2516 = CARTESIAN_POINT ( 'NONE',  ( -19.19999999999998200, 3.650000000000015000, -5.800000000000054000 ) ) ;
#2517 = LINE ( 'NONE', #2516, #2515 ) ;
#2518 = CARTESIAN_POINT ( 'NONE',  ( 3.816391647148975600E-014, 4.076600168545496700E-014, -11.69999999999999900 ) ) ;
#2519 = DIRECTION ( 'NONE',  ( -1.000000000000000000, -1.297518949922035300E-016, -3.472226957524090000E-015 ) ) ;
#2520 = VECTOR ( 'NONE', #2519, 1000.000000000000000 ) ;
#2521 = CARTESIAN_POINT ( 'NONE',  ( 3.816391647148975600E-014, 4.076600168545496700E-014, -11.69999999999999900 ) ) ;
#2522 = LINE ( 'NONE', #2521, #2520 ) ;
#2523 = CARTESIAN_POINT ( 'NONE',  ( -0.9999999999999627000, 3.903127820947816000E-014, -11.70000000000000300 ) ) ;
#2524 = DIRECTION ( 'NONE',  ( 3.472226957524089200E-015, 3.157882692652307200E-015, -1.000000000000000000 ) ) ;
#2525 = VECTOR ( 'NONE', #2524, 1000.000000000000000 ) ;
#2526 = CARTESIAN_POINT ( 'NONE',  ( -0.9999999999999765700, 2.602085213965210600E-014, -7.700000000000002800 ) ) ;
#2527 = LINE ( 'NONE', #2526, #2525 ) ;
#2528 = CARTESIAN_POINT ( 'NONE',  ( -18.24999999999998200, 3.150000000000014600, -5.800000000000052200 ) ) ;
#2529 = CARTESIAN_POINT ( 'NONE',  ( -19.99999999999996100, 3.816391647148975600E-014, -11.70000000000006900 ) ) ;
#2530 = DIRECTION ( 'NONE',  ( -3.472226957524089200E-015, -3.491483361109382500E-015, 1.000000000000000000 ) ) ;
#2531 = VECTOR ( 'NONE', #2530, 1000.000000000000000 ) ;
#2532 = CARTESIAN_POINT ( 'NONE',  ( -20.00000000000000400, -2.602085213965210600E-015, -7.025630077706068700E-014 ) ) ;
#2533 = LINE ( 'NONE', #2532, #2531 ) ;
#2534 = CARTESIAN_POINT ( 'NONE',  ( -20.00000000000000400, -2.602085213965210600E-015, -7.025630077706068700E-014 ) ) ;
#2535 = DIRECTION ( 'NONE',  ( -1.000000000000000000, -1.297518949922035300E-016, -3.472226957524090000E-015 ) ) ;
#2536 = VECTOR ( 'NONE', #2535, 1000.000000000000000 ) ;
#2537 = CARTESIAN_POINT ( 'NONE',  ( 0.0000000000000000000, 0.0000000000000000000, 0.0000000000000000000 ) ) ;
#2538 = LINE ( 'NONE', #2537, #2536 ) ;
#2539 = DIRECTION ( 'NONE',  ( 0.0000000000000000000, -3.491483361109383200E-015, 1.000000000000000000 ) ) ;
#2540 = DIRECTION ( 'NONE',  ( 1.297518949922153600E-016, -1.000000000000000000, -3.491483361109382100E-015 ) ) ;
#2541 = CARTESIAN_POINT ( 'NONE',  ( -19.49999999999998200, 1.908195823574487800E-014, -6.100000000000068000 ) ) ;
#2542 = AXIS2_PLACEMENT_3D ( 'NONE', #2541, #2540, #2539 ) ;
#2543 = CIRCLE ( 'NONE', #2542, 0.4000000000000001900 ) ;
#2544 = DIRECTION ( 'NONE',  ( -3.472226957524089200E-015, -3.491483361109382500E-015, 1.000000000000000000 ) ) ;
#2545 = DIRECTION ( 'NONE',  ( 1.297518949922153600E-016, -1.000000000000000000, -3.491483361109382100E-015 ) ) ;
#2546 = CARTESIAN_POINT ( 'NONE',  ( 0.0000000000000000000, 0.0000000000000000000, 0.0000000000000000000 ) ) ;
#2547 = CARTESIAN_POINT ( 'NONE',  ( -19.99999999999996100, 1.590598923241604200, -11.70000000000006500 ) ) ;
#2548 = DIRECTION ( 'NONE',  ( -1.297518949922141800E-016, 1.000000000000000000, 3.157882692652302900E-015 ) ) ;
#2549 = VECTOR ( 'NONE', #2548, 1000.000000000000000 ) ;
#2550 = CARTESIAN_POINT ( 'NONE',  ( -19.00382317513372900, 3.642919299551294900E-014, -11.70000000000006500 ) ) ;
#2551 = LINE ( 'NONE', #2550, #2549 ) ;
#2552 = DIRECTION ( 'NONE',  ( -1.297518949922157600E-016, 1.000000000000000000, 3.602683583928407900E-015 ) ) ;
#2553 = VECTOR ( 'NONE', #2552, 1000.000000000000000 ) ;
#2554 = CARTESIAN_POINT ( 'NONE',  ( 0.0000000000000000000, 0.0000000000000000000, 0.0000000000000000000 ) ) ;
#2555 = LINE ( 'NONE', #2554, #2553 ) ;
#2556 = DIRECTION ( 'NONE',  ( -1.000000000000000000, -1.297518949922035300E-016, -3.472226957524090000E-015 ) ) ;
#2557 = VECTOR ( 'NONE', #2556, 1000.000000000000000 ) ;
#2558 = CARTESIAN_POINT ( 'NONE',  ( -3.469446951953614200E-015, 3.050000000000001600, 1.040834085586084300E-014 ) ) ;
#2559 = LINE ( 'NONE', #2558, #2557 ) ;
#2560 = DIRECTION ( 'NONE',  ( 1.297518949922141800E-016, -1.000000000000000000, -3.157882692652306800E-015 ) ) ;
#2561 = VECTOR ( 'NONE', #2560, 1000.000000000000000 ) ;
#2562 = CARTESIAN_POINT ( 'NONE',  ( -19.99999999999996100, 3.900000000000065600, -11.70000000000005800 ) ) ;
#2563 = LINE ( 'NONE', #2562, #2561 ) ;
#2564 = CARTESIAN_POINT ( 'NONE',  ( -5.450000000000000200, 5.700000000000008200, -1.799999999999998700 ) ) ;
#2565 = DIRECTION ( 'NONE',  ( -1.297518949922153900E-016, 1.000000000000000000, 3.602683583928408700E-015 ) ) ;
#2566 = VECTOR ( 'NONE', #2565, 1000.000000000000000 ) ;
#2567 = CARTESIAN_POINT ( 'NONE',  ( -2.149999999999999000, 6.500000000000006200, -1.799999999999985600 ) ) ;
#2568 = LINE ( 'NONE', #2567, #2566 ) ;
#2569 = CARTESIAN_POINT ( 'NONE',  ( -5.450000000000003700, 6.500000000000006200, -1.799999999999996000 ) ) ;
#2570 = DIRECTION ( 'NONE',  ( 1.297518949922153900E-016, -1.000000000000000000, -3.602683583928408700E-015 ) ) ;
#2571 = VECTOR ( 'NONE', #2570, 1000.000000000000000 ) ;
#2572 = CARTESIAN_POINT ( 'NONE',  ( -5.450000000000003700, 6.500000000000006200, -1.799999999999996000 ) ) ;
#2573 = LINE ( 'NONE', #2572, #2571 ) ;
#2574 = DIRECTION ( 'NONE',  ( 1.000000000000000000, 2.611703401419616300E-016, 3.472226957524090400E-015 ) ) ;
#2575 = VECTOR ( 'NONE', #2574, 1000.000000000000000 ) ;
#2576 = CARTESIAN_POINT ( 'NONE',  ( -5.450000000000000200, 5.700000000000008200, -1.799999999999998700 ) ) ;
#2577 = LINE ( 'NONE', #2576, #2575 ) ;
#2578 = CARTESIAN_POINT ( 'NONE',  ( -2.149999999999995500, 5.700000000000008200, -1.799999999999988300 ) ) ;
#2579 = PLANE ( 'NONE',  #2638 ) ;
#2580 =( GEOMETRIC_REPRESENTATION_CONTEXT ( 3 ) GLOBAL_UNCERTAINTY_ASSIGNED_CONTEXT ( ( #2581 ) ) GLOBAL_UNIT_ASSIGNED_CONTEXT ( ( #2584, #2583, #2582 ) ) REPRESENTATION_CONTEXT ( 'NONE', 'WORKASPACE' ) );
#2581 = UNCERTAINTY_MEASURE_WITH_UNIT (LENGTH_MEASURE( 1.000000000000000100E-005 ), #2584, 'distance_accuracy_value', 'NONE');
#2582 =( NAMED_UNIT ( * ) SI_UNIT ( $, .STERADIAN. ) SOLID_ANGLE_UNIT ( ) );
#2583 =( NAMED_UNIT ( * ) PLANE_ANGLE_UNIT ( ) SI_UNIT ( $, .RADIAN. ) );
#2584 =( LENGTH_UNIT ( ) NAMED_UNIT ( * ) SI_UNIT ( .MILLI., .METRE. ) );
#2585 = MECHANICAL_DESIGN_GEOMETRIC_PRESENTATION_REPRESENTATION (  '', ( #2587 ), #2580 ) ;
#2586 = PRESENTATION_LAYER_ASSIGNMENT (  '', '', ( #2587 ) ) ;
#2587 = STYLED_ITEM ( 'NONE', ( #2588 ), #336 ) ;
#2588 = PRESENTATION_STYLE_ASSIGNMENT (( #2589 ) ) ;
#2589 = SURFACE_STYLE_USAGE ( .BOTH. , #2590 ) ;
#2590 = SURFACE_SIDE_STYLE ('',( #2591 ) ) ;
#2591 = SURFACE_STYLE_FILL_AREA ( #2592 ) ;
#2592 = FILL_AREA_STYLE ('',( #2594 ) ) ;
#2593 = COLOUR_RGB ( '',0.7529411764705882200, 0.7529411764705882200, 0.7529411764705882200 ) ;
#2594 = FILL_AREA_STYLE_COLOUR ( '', #2593 ) ;
#2595 = FACE_OUTER_BOUND ( 'NONE', #337, .T. ) ;
#2596 = CARTESIAN_POINT ( 'NONE',  ( -19.00382317513372900, 1.590598923241604200, -11.70000000000006100 ) ) ;
#2597 = DIRECTION ( 'NONE',  ( -1.000000000000000000, -1.297518949922035300E-016, -3.472226957524090000E-015 ) ) ;
#2598 = VECTOR ( 'NONE', #2597, 1000.000000000000000 ) ;
#2599 = CARTESIAN_POINT ( 'NONE',  ( -19.00382317513372900, 1.590598923241604200, -11.70000000000006100 ) ) ;
#2600 = LINE ( 'NONE', #2599, #2598 ) ;
#2601 = DIRECTION ( 'NONE',  ( -1.000000000000000000, -1.297518949922035300E-016, -3.472226957524090000E-015 ) ) ;
#2602 = DIRECTION ( 'NONE',  ( -3.472226957524089600E-015, -3.602683583928408700E-015, 1.000000000000000000 ) ) ;
#2603 = CARTESIAN_POINT ( 'NONE',  ( 0.0000000000000000000, 3.050000000000008300, -1.799999999999989200 ) ) ;
#2604 = AXIS2_PLACEMENT_3D ( 'NONE', #2603, #2602, #2601 ) ;
#2605 = PLANE ( 'NONE',  #2604 ) ;
#2606 = FACE_OUTER_BOUND ( 'NONE', #254, .T. ) ;
#2607 = DIRECTION ( 'NONE',  ( 3.472226957524089200E-015, 3.602683583928408700E-015, -1.000000000000000000 ) ) ;
#2608 = VECTOR ( 'NONE', #2607, 1000.000000000000000 ) ;
#2609 = CARTESIAN_POINT ( 'NONE',  ( -1.749999999999991100, 3.150000000000006100, -2.599999999999995600 ) ) ;
#2610 = LINE ( 'NONE', #2609, #2608 ) ;
#2611 = DIRECTION ( 'NONE',  ( -2.133167774366492200E-017, 1.000000000000000000, 3.602683583928408700E-015 ) ) ;
#2612 = VECTOR ( 'NONE', #2611, 1000.000000000000000 ) ;
#2613 = CARTESIAN_POINT ( 'NONE',  ( -5.749999999999974200, -3.399999999999978600, -7.950000000000031300 ) ) ;
#2614 = LINE ( 'NONE', #2613, #2612 ) ;
#2615 = DIRECTION ( 'NONE',  ( -2.133167774366492200E-017, 1.000000000000000000, 3.602683583928408700E-015 ) ) ;
#2616 = VECTOR ( 'NONE', #2615, 1000.000000000000000 ) ;
#2617 = CARTESIAN_POINT ( 'NONE',  ( -15.74999999999997200, -3.399999999999980400, -7.950000000000063200 ) ) ;
#2618 = LINE ( 'NONE', #2617, #2616 ) ;
#2619 = CARTESIAN_POINT ( 'NONE',  ( -5.749999999999974200, -3.399999999999978600, -7.950000000000031300 ) ) ;
#2620 = DIRECTION ( 'NONE',  ( -2.133167774366492200E-017, 1.000000000000000000, 3.602683583928408700E-015 ) ) ;
#2621 = VECTOR ( 'NONE', #2620, 1000.000000000000000 ) ;
#2622 = CARTESIAN_POINT ( 'NONE',  ( -4.249999999999972500, -3.399999999999978600, -7.950000000000026800 ) ) ;
#2623 = LINE ( 'NONE', #2622, #2621 ) ;
#2624 = CARTESIAN_POINT ( 'NONE',  ( -4.249999999999972500, -3.399999999999978600, -7.950000000000026800 ) ) ;
#2625 = DIRECTION ( 'NONE',  ( 3.472226957524089200E-015, 3.602683583928408700E-015, -1.000000000000000000 ) ) ;
#2626 = VECTOR ( 'NONE', #2625, 1000.000000000000000 ) ;
#2627 = CARTESIAN_POINT ( 'NONE',  ( -4.249999999999968900, -3.399999999999976800, -8.450000000000027700 ) ) ;
#2629 = EDGE_CURVE ( 'NONE', #197, #1426, #6028, .T. ) ;
#2628 = LINE ( 'NONE', #2627, #2626 ) ;
#2630 = CARTESIAN_POINT ( 'NONE',  ( -4.249999999999968900, -3.399999999999976800, -8.450000000000027700 ) ) ;
#2631 = DIRECTION ( 'NONE',  ( 1.297518949922157600E-016, -1.000000000000000000, -3.602683583928407900E-015 ) ) ;
#2632 = VECTOR ( 'NONE', #2631, 1000.000000000000000 ) ;
#2633 = CARTESIAN_POINT ( 'NONE',  ( -4.249999999999976000, 3.650000000000025700, -8.450000000000001100 ) ) ;
#2634 = LINE ( 'NONE', #2633, #2632 ) ;
#2635 = DIRECTION ( 'NONE',  ( -1.297518949922157600E-016, 1.000000000000000000, 3.602683583928407900E-015 ) ) ;
#2636 = DIRECTION ( 'NONE',  ( 1.000000000000000000, 1.297518949922032600E-016, 3.472226957524090000E-015 ) ) ;
#2637 = CARTESIAN_POINT ( 'NONE',  ( -4.249999999999996400, 3.650000000000004800, -2.600000000000001400 ) ) ;
#2638 = AXIS2_PLACEMENT_3D ( 'NONE', #2637, #2636, #2635 ) ;
#2639 =( GEOMETRIC_REPRESENTATION_CONTEXT ( 3 ) GLOBAL_UNCERTAINTY_ASSIGNED_CONTEXT ( ( #2640 ) ) GLOBAL_UNIT_ASSIGNED_CONTEXT ( ( #2643, #2642, #2641 ) ) REPRESENTATION_CONTEXT ( 'NONE', 'WORKASPACE' ) );
#2640 = UNCERTAINTY_MEASURE_WITH_UNIT (LENGTH_MEASURE( 1.000000000000000100E-005 ), #2643, 'distance_accuracy_value', 'NONE');
#2641 =( NAMED_UNIT ( * ) SI_UNIT ( $, .STERADIAN. ) SOLID_ANGLE_UNIT ( ) );
#2642 =( NAMED_UNIT ( * ) PLANE_ANGLE_UNIT ( ) SI_UNIT ( $, .RADIAN. ) );
#2643 =( LENGTH_UNIT ( ) NAMED_UNIT ( * ) SI_UNIT ( .MILLI., .METRE. ) );
#2644 = MECHANICAL_DESIGN_GEOMETRIC_PRESENTATION_REPRESENTATION (  '', ( #2646 ), #2639 ) ;
#2645 = PRESENTATION_LAYER_ASSIGNMENT (  '', '', ( #2646 ) ) ;
#2646 = STYLED_ITEM ( 'NONE', ( #2647 ), #362 ) ;
#2647 = PRESENTATION_STYLE_ASSIGNMENT (( #2648 ) ) ;
#2648 = SURFACE_STYLE_USAGE ( .BOTH. , #2649 ) ;
#2649 = SURFACE_SIDE_STYLE ('',( #2650 ) ) ;
#2650 = SURFACE_STYLE_FILL_AREA ( #2651 ) ;
#2651 = FILL_AREA_STYLE ('',( #2658 ) ) ;
#2652 = COLOUR_RGB ( '',0.7529411764705882200, 0.7529411764705882200, 0.7529411764705882200 ) ;
#2653 = FACE_OUTER_BOUND ( 'NONE', #356, .T. ) ;
#2654 = DIRECTION ( 'NONE',  ( -1.297518949922157600E-016, 1.000000000000000000, 3.602683583928407900E-015 ) ) ;
#2655 = VECTOR ( 'NONE', #2654, 1000.000000000000000 ) ;
#2656 = CARTESIAN_POINT ( 'NONE',  ( -17.74999999999998200, 2.000000000000020000, -5.800000000000054900 ) ) ;
#2657 = LINE ( 'NONE', #2656, #2655 ) ;
#2658 = FILL_AREA_STYLE_COLOUR ( '', #2652 ) ;
#2659 = CARTESIAN_POINT ( 'NONE',  ( -19.00382317513372900, 3.642919299551294900E-014, -11.70000000000006500 ) ) ;
#2660 = DIRECTION ( 'NONE',  ( -1.000000000000000000, -1.297518949922035300E-016, -3.472226957524090000E-015 ) ) ;
#2661 = VECTOR ( 'NONE', #2660, 1000.000000000000000 ) ;
#2662 = CARTESIAN_POINT ( 'NONE',  ( 3.816391647148975600E-014, 4.076600168545496700E-014, -11.69999999999999900 ) ) ;
#2663 = LINE ( 'NONE', #2662, #2661 ) ;
#2664 = DIRECTION ( 'NONE',  ( 1.297518949922157600E-016, -1.000000000000000000, -3.602683583928407900E-015 ) ) ;
#2665 = VECTOR ( 'NONE', #2664, 1000.000000000000000 ) ;
#2666 = CARTESIAN_POINT ( 'NONE',  ( -18.24999999999998200, 2.000000000000020000, -5.800000000000056700 ) ) ;
#2667 = LINE ( 'NONE', #2666, #2665 ) ;
#2668 = CARTESIAN_POINT ( 'NONE',  ( -6.249999999999992000, 3.150000000000004400, -2.600000000000009400 ) ) ;
#2669 = CARTESIAN_POINT ( 'NONE',  ( 0.0000000000000000000, 0.0000000000000000000, 0.0000000000000000000 ) ) ;
#2670 = DIRECTION ( 'NONE',  ( -3.472226957524089200E-015, -3.491483361109382500E-015, 1.000000000000000000 ) ) ;
#2671 = VECTOR ( 'NONE', #2670, 1000.000000000000000 ) ;
#2672 = CARTESIAN_POINT ( 'NONE',  ( 0.0000000000000000000, 0.0000000000000000000, 0.0000000000000000000 ) ) ;
#2674 = ADVANCED_FACE ( 'NONE', ( #6024 ), #6074, .F. ) ;
#2673 = LINE ( 'NONE', #2672, #2671 ) ;
#2675 = CARTESIAN_POINT ( 'NONE',  ( -17.74999999999998200, 3.650000000000015000, -5.800000000000048700 ) ) ;
#2676 = DIRECTION ( 'NONE',  ( 1.000000000000000000, 2.381721122407539800E-016, 3.472226957524090400E-015 ) ) ;
#2677 = VECTOR ( 'NONE', #2676, 1000.000000000000000 ) ;
#2678 = CARTESIAN_POINT ( 'NONE',  ( -19.19999999999998200, 3.150000000000014600, -5.800000000000055800 ) ) ;
#2679 = LINE ( 'NONE', #2678, #2677 ) ;
#2680 = CARTESIAN_POINT ( 'NONE',  ( -18.24999999999998200, 3.650000000000015000, -5.800000000000050400 ) ) ;
#2681 = DIRECTION ( 'NONE',  ( 3.472226957524089200E-015, 3.602683583928408700E-015, -1.000000000000000000 ) ) ;
#2682 = VECTOR ( 'NONE', #2681, 1000.000000000000000 ) ;
#2683 = CARTESIAN_POINT ( 'NONE',  ( -2.249999999999991600, 3.150000000000006100, -2.599999999999997400 ) ) ;
#2684 = LINE ( 'NONE', #2683, #2682 ) ;
#2685 = DIRECTION ( 'NONE',  ( 1.297518949922157600E-016, -1.000000000000000000, -3.602683583928407900E-015 ) ) ;
#2686 = VECTOR ( 'NONE', #2685, 1000.000000000000000 ) ;
#2687 = CARTESIAN_POINT ( 'NONE',  ( -12.24999999999999300, 3.650000000000004800, -2.600000000000026700 ) ) ;
#2688 = LINE ( 'NONE', #2687, #2686 ) ;
#2689 = CARTESIAN_POINT ( 'NONE',  ( -2.249999999999974200, 3.150000000000025200, -7.949999999999996600 ) ) ;
#2690 = CARTESIAN_POINT ( 'NONE',  ( -17.74999999999998200, 3.150000000000014600, -5.800000000000050400 ) ) ;
#2691 = CARTESIAN_POINT ( 'NONE',  ( -1.749999999999973800, 3.150000000000025200, -7.949999999999994800 ) ) ;
#2692 = CARTESIAN_POINT ( 'NONE',  ( -12.24999999999999300, 3.650000000000004800, -2.600000000000026700 ) ) ;
#2693 = DIRECTION ( 'NONE',  ( -1.000000000000000000, -2.133167774365308900E-017, -3.472226957524089600E-015 ) ) ;
#2694 = VECTOR ( 'NONE', #2693, 1000.000000000000000 ) ;
#2695 = CARTESIAN_POINT ( 'NONE',  ( -2.249999999999974200, 3.150000000000021700, -7.949999999999996600 ) ) ;
#2696 = LINE ( 'NONE', #2695, #2694 ) ;
#2697 = DIRECTION ( 'NONE',  ( -1.000000000000000000, -2.381721122407539800E-016, -3.472226957524090400E-015 ) ) ;
#2698 = DIRECTION ( 'NONE',  ( -2.381721122407665000E-016, 1.000000000000000000, 3.602683583928407900E-015 ) ) ;
#2699 = CARTESIAN_POINT ( 'NONE',  ( -1.749999999999991100, 3.150000000000006100, -2.599999999999995600 ) ) ;
#2700 = AXIS2_PLACEMENT_3D ( 'NONE', #2699, #2698, #2697 ) ;
#2701 = PLANE ( 'NONE',  #2700 ) ;
#2702 = AXIS2_PLACEMENT_3D ( 'NONE', #2757, #2756, #2755 ) ;
#2703 = PLANE ( 'NONE',  #2702 ) ;
#2704 =( GEOMETRIC_REPRESENTATION_CONTEXT ( 3 ) GLOBAL_UNCERTAINTY_ASSIGNED_CONTEXT ( ( #2705 ) ) GLOBAL_UNIT_ASSIGNED_CONTEXT ( ( #2708, #2707, #2706 ) ) REPRESENTATION_CONTEXT ( 'NONE', 'WORKASPACE' ) );
#2705 = UNCERTAINTY_MEASURE_WITH_UNIT (LENGTH_MEASURE( 1.000000000000000100E-005 ), #2708, 'distance_accuracy_value', 'NONE');
#2706 =( NAMED_UNIT ( * ) SI_UNIT ( $, .STERADIAN. ) SOLID_ANGLE_UNIT ( ) );
#2707 =( NAMED_UNIT ( * ) PLANE_ANGLE_UNIT ( ) SI_UNIT ( $, .RADIAN. ) );
#2708 =( LENGTH_UNIT ( ) NAMED_UNIT ( * ) SI_UNIT ( .MILLI., .METRE. ) );
#2709 = MECHANICAL_DESIGN_GEOMETRIC_PRESENTATION_REPRESENTATION (  '', ( #2711 ), #2704 ) ;
#2710 = PRESENTATION_LAYER_ASSIGNMENT (  '', '', ( #2711 ) ) ;
#2711 = STYLED_ITEM ( 'NONE', ( #2712 ), #386 ) ;
#2712 = PRESENTATION_STYLE_ASSIGNMENT (( #2713 ) ) ;
#2713 = SURFACE_STYLE_USAGE ( .BOTH. , #2714 ) ;
#2714 = SURFACE_SIDE_STYLE ('',( #2715 ) ) ;
#2715 = SURFACE_STYLE_FILL_AREA ( #2716 ) ;
#2716 = FILL_AREA_STYLE ('',( #2723 ) ) ;
#2717 = COLOUR_RGB ( '',0.7529411764705882200, 0.7529411764705882200, 0.7529411764705882200 ) ;
#2718 = FACE_OUTER_BOUND ( 'NONE', #387, .T. ) ;
#2719 = DIRECTION ( 'NONE',  ( -1.297518949922157600E-016, 1.000000000000000000, 3.602683583928407900E-015 ) ) ;
#2720 = VECTOR ( 'NONE', #2719, 1000.000000000000000 ) ;
#2721 = CARTESIAN_POINT ( 'NONE',  ( -5.749999999999991100, 3.650000000000004800, -2.600000000000005900 ) ) ;
#2722 = LINE ( 'NONE', #2721, #2720 ) ;
#2723 = FILL_AREA_STYLE_COLOUR ( '', #2717 ) ;
#2724 = CARTESIAN_POINT ( 'NONE',  ( -5.749999999999991100, 3.150000000000004400, -2.600000000000007600 ) ) ;
#2725 = DIRECTION ( 'NONE',  ( 1.000000000000000000, 2.381721122407539800E-016, 3.472226957524090400E-015 ) ) ;
#2726 = VECTOR ( 'NONE', #2725, 1000.000000000000000 ) ;
#2727 = CARTESIAN_POINT ( 'NONE',  ( -5.749999999999991100, 3.150000000000004400, -2.600000000000007600 ) ) ;
#2728 = LINE ( 'NONE', #2727, #2726 ) ;
#2729 = FILL_AREA_STYLE_COLOUR ( '', #2782 ) ;
#2730 = DIRECTION ( 'NONE',  ( -1.000000000000000000, -1.297518949922035300E-016, -3.472226957524090000E-015 ) ) ;
#2731 = DIRECTION ( 'NONE',  ( -3.472226957524089600E-015, -3.602683583928408700E-015, 1.000000000000000000 ) ) ;
#2732 = CARTESIAN_POINT ( 'NONE',  ( -4.249999999999976000, 3.650000000000025700, -8.450000000000001100 ) ) ;
#2733 = AXIS2_PLACEMENT_3D ( 'NONE', #2732, #2731, #2730 ) ;
#2734 = PLANE ( 'NONE',  #2733 ) ;
#2735 =( GEOMETRIC_REPRESENTATION_CONTEXT ( 3 ) GLOBAL_UNCERTAINTY_ASSIGNED_CONTEXT ( ( #2736 ) ) GLOBAL_UNIT_ASSIGNED_CONTEXT ( ( #2739, #2738, #2737 ) ) REPRESENTATION_CONTEXT ( 'NONE', 'WORKASPACE' ) );
#2736 = UNCERTAINTY_MEASURE_WITH_UNIT (LENGTH_MEASURE( 1.000000000000000100E-005 ), #2739, 'distance_accuracy_value', 'NONE');
#2737 =( NAMED_UNIT ( * ) SI_UNIT ( $, .STERADIAN. ) SOLID_ANGLE_UNIT ( ) );
#2738 =( NAMED_UNIT ( * ) PLANE_ANGLE_UNIT ( ) SI_UNIT ( $, .RADIAN. ) );
#2739 =( LENGTH_UNIT ( ) NAMED_UNIT ( * ) SI_UNIT ( .MILLI., .METRE. ) );
#2740 = MECHANICAL_DESIGN_GEOMETRIC_PRESENTATION_REPRESENTATION (  '', ( #2742 ), #2735 ) ;
#2741 = PRESENTATION_LAYER_ASSIGNMENT (  '', '', ( #2742 ) ) ;
#2742 = STYLED_ITEM ( 'NONE', ( #2743 ), #393 ) ;
#2743 = PRESENTATION_STYLE_ASSIGNMENT (( #2744 ) ) ;
#2744 = SURFACE_STYLE_USAGE ( .BOTH. , #2745 ) ;
#2745 = SURFACE_SIDE_STYLE ('',( #2746 ) ) ;
#2746 = SURFACE_STYLE_FILL_AREA ( #2747 ) ;
#2747 = FILL_AREA_STYLE ('',( #2754 ) ) ;
#2748 = COLOUR_RGB ( '',0.7529411764705882200, 0.7529411764705882200, 0.7529411764705882200 ) ;
#2749 = FACE_OUTER_BOUND ( 'NONE', #419, .T. ) ;
#2750 = DIRECTION ( 'NONE',  ( 3.472226957524089200E-015, 3.602683583928408700E-015, -1.000000000000000000 ) ) ;
#2751 = VECTOR ( 'NONE', #2750, 1000.000000000000000 ) ;
#2752 = CARTESIAN_POINT ( 'NONE',  ( -5.749999999999991100, 3.150000000000004400, -2.600000000000007600 ) ) ;
#2753 = LINE ( 'NONE', #2752, #2751 ) ;
#2754 = FILL_AREA_STYLE_COLOUR ( '', #2748 ) ;
#2755 = DIRECTION ( 'NONE',  ( 1.297518949922157600E-016, -1.000000000000000000, -3.602683583928407900E-015 ) ) ;
#2756 = DIRECTION ( 'NONE',  ( -1.000000000000000000, -1.297518949922032600E-016, -3.472226957524090000E-015 ) ) ;
#2757 = CARTESIAN_POINT ( 'NONE',  ( -5.749999999999991100, 3.650000000000004800, -2.600000000000005900 ) ) ;
#2758 = CARTESIAN_POINT ( 'NONE',  ( -6.249999999999992000, 3.650000000000004800, -2.600000000000007600 ) ) ;
#2759 = CARTESIAN_POINT ( 'NONE',  ( -5.749999999999991100, 3.650000000000004800, -2.600000000000005900 ) ) ;
#2760 = DIRECTION ( 'NONE',  ( -1.000000000000000000, -1.297518949922035300E-016, -3.472226957524090000E-015 ) ) ;
#2761 = VECTOR ( 'NONE', #2760, 1000.000000000000000 ) ;
#2762 = CARTESIAN_POINT ( 'NONE',  ( -5.749999999999991100, 3.650000000000004800, -2.600000000000005900 ) ) ;
#2763 = LINE ( 'NONE', #2762, #2761 ) ;
#2764 = DIRECTION ( 'NONE',  ( -1.000000000000000000, -1.297518949922035300E-016, -3.472226957524090000E-015 ) ) ;
#2765 = DIRECTION ( 'NONE',  ( -3.472226957524089600E-015, -3.602683583928408700E-015, 1.000000000000000000 ) ) ;
#2766 = CARTESIAN_POINT ( 'NONE',  ( -6.249999999999992000, 3.650000000000004800, -2.600000000000007600 ) ) ;
#2767 = AXIS2_PLACEMENT_3D ( 'NONE', #2766, #2765, #2764 ) ;
#2768 = PLANE ( 'NONE',  #2767 ) ;
#2769 =( GEOMETRIC_REPRESENTATION_CONTEXT ( 3 ) GLOBAL_UNCERTAINTY_ASSIGNED_CONTEXT ( ( #2770 ) ) GLOBAL_UNIT_ASSIGNED_CONTEXT ( ( #2773, #2772, #2771 ) ) REPRESENTATION_CONTEXT ( 'NONE', 'WORKASPACE' ) );
#2770 = UNCERTAINTY_MEASURE_WITH_UNIT (LENGTH_MEASURE( 1.000000000000000100E-005 ), #2773, 'distance_accuracy_value', 'NONE');
#2771 =( NAMED_UNIT ( * ) SI_UNIT ( $, .STERADIAN. ) SOLID_ANGLE_UNIT ( ) );
#2772 =( NAMED_UNIT ( * ) PLANE_ANGLE_UNIT ( ) SI_UNIT ( $, .RADIAN. ) );
#2773 =( LENGTH_UNIT ( ) NAMED_UNIT ( * ) SI_UNIT ( .MILLI., .METRE. ) );
#2774 = MECHANICAL_DESIGN_GEOMETRIC_PRESENTATION_REPRESENTATION (  '', ( #2776 ), #2769 ) ;
#2775 = PRESENTATION_LAYER_ASSIGNMENT (  '', '', ( #2776 ) ) ;
#2776 = STYLED_ITEM ( 'NONE', ( #2777 ), #399 ) ;
#2777 = PRESENTATION_STYLE_ASSIGNMENT (( #2778 ) ) ;
#2778 = SURFACE_STYLE_USAGE ( .BOTH. , #2779 ) ;
#2779 = SURFACE_SIDE_STYLE ('',( #2780 ) ) ;
#2780 = SURFACE_STYLE_FILL_AREA ( #2781 ) ;
#2781 = FILL_AREA_STYLE ('',( #2729 ) ) ;
#2782 = COLOUR_RGB ( '',0.7529411764705882200, 0.7529411764705882200, 0.7529411764705882200 ) ;
#2783 = FACE_OUTER_BOUND ( 'NONE', #400, .T. ) ;
#2784 = DIRECTION ( 'NONE',  ( 1.000000000000000000, 2.133167774365308900E-017, 3.472226957524089600E-015 ) ) ;
#2785 = VECTOR ( 'NONE', #2784, 1000.000000000000000 ) ;
#2786 = CARTESIAN_POINT ( 'NONE',  ( -4.249999999999968900, -3.399999999999976800, -8.450000000000027700 ) ) ;
#2787 = LINE ( 'NONE', #2786, #2785 ) ;
#2788 = LINE ( 'NONE', #2852, #2851 ) ;
#2789 = CARTESIAN_POINT ( 'NONE',  ( -3.749999999999972000, -3.399999999999978600, -7.950000000000025000 ) ) ;
#2790 = DIRECTION ( 'NONE',  ( -2.133167774366492200E-017, 1.000000000000000000, 3.602683583928408700E-015 ) ) ;
#2791 = VECTOR ( 'NONE', #2790, 1000.000000000000000 ) ;
#2792 = CARTESIAN_POINT ( 'NONE',  ( -3.749999999999972000, -3.399999999999978600, -7.950000000000025000 ) ) ;
#2793 = LINE ( 'NONE', #2792, #2791 ) ;
#2794 = DIRECTION ( 'NONE',  ( 1.297518949922157600E-016, -1.000000000000000000, -3.602683583928407900E-015 ) ) ;
#2795 = DIRECTION ( 'NONE',  ( -1.000000000000000000, -1.297518949922032600E-016, -3.472226957524090000E-015 ) ) ;
#2796 = CARTESIAN_POINT ( 'NONE',  ( -3.749999999999996400, 3.650000000000004800, -2.600000000000000100 ) ) ;
#2797 = AXIS2_PLACEMENT_3D ( 'NONE', #2796, #2795, #2794 ) ;
#2798 = PLANE ( 'NONE',  #2797 ) ;
#2799 =( GEOMETRIC_REPRESENTATION_CONTEXT ( 3 ) GLOBAL_UNCERTAINTY_ASSIGNED_CONTEXT ( ( #2800 ) ) GLOBAL_UNIT_ASSIGNED_CONTEXT ( ( #2803, #2802, #2801 ) ) REPRESENTATION_CONTEXT ( 'NONE', 'WORKASPACE' ) );
#2800 = UNCERTAINTY_MEASURE_WITH_UNIT (LENGTH_MEASURE( 1.000000000000000100E-005 ), #2803, 'distance_accuracy_value', 'NONE');
#2801 =( NAMED_UNIT ( * ) SI_UNIT ( $, .STERADIAN. ) SOLID_ANGLE_UNIT ( ) );
#2802 =( NAMED_UNIT ( * ) PLANE_ANGLE_UNIT ( ) SI_UNIT ( $, .RADIAN. ) );
#2803 =( LENGTH_UNIT ( ) NAMED_UNIT ( * ) SI_UNIT ( .MILLI., .METRE. ) );
#2804 = MECHANICAL_DESIGN_GEOMETRIC_PRESENTATION_REPRESENTATION (  '', ( #2806 ), #2799 ) ;
#2805 = PRESENTATION_LAYER_ASSIGNMENT (  '', '', ( #2806 ) ) ;
#2806 = STYLED_ITEM ( 'NONE', ( #2807 ), #407 ) ;
#2807 = PRESENTATION_STYLE_ASSIGNMENT (( #2808 ) ) ;
#2808 = SURFACE_STYLE_USAGE ( .BOTH. , #2809 ) ;
#2809 = SURFACE_SIDE_STYLE ('',( #2810 ) ) ;
#2810 = SURFACE_STYLE_FILL_AREA ( #2811 ) ;
#2811 = FILL_AREA_STYLE ('',( #2812 ) ) ;
#2812 = FILL_AREA_STYLE_COLOUR ( '', #2813 ) ;
#2813 = COLOUR_RGB ( '',0.7529411764705882200, 0.7529411764705882200, 0.7529411764705882200 ) ;
#2814 = FACE_OUTER_BOUND ( 'NONE', #408, .T. ) ;
#2815 =( LENGTH_UNIT ( ) NAMED_UNIT ( * ) SI_UNIT ( .MILLI., .METRE. ) );
#2816 = MECHANICAL_DESIGN_GEOMETRIC_PRESENTATION_REPRESENTATION (  '', ( #2818 ), #2875 ) ;
#2817 = PRESENTATION_LAYER_ASSIGNMENT (  '', '', ( #2818 ) ) ;
#2818 = STYLED_ITEM ( 'NONE', ( #2819 ), #428 ) ;
#2819 = PRESENTATION_STYLE_ASSIGNMENT (( #2820 ) ) ;
#2820 = SURFACE_STYLE_USAGE ( .BOTH. , #2821 ) ;
#2821 = SURFACE_SIDE_STYLE ('',( #2822 ) ) ;
#2822 = SURFACE_STYLE_FILL_AREA ( #2823 ) ;
#2823 = FILL_AREA_STYLE ('',( #2830 ) ) ;
#2824 = COLOUR_RGB ( '',0.7529411764705882200, 0.7529411764705882200, 0.7529411764705882200 ) ;
#2825 = FACE_OUTER_BOUND ( 'NONE', #429, .T. ) ;
#2826 = DIRECTION ( 'NONE',  ( 3.472226957524089200E-015, 3.602683583928408700E-015, -1.000000000000000000 ) ) ;
#2827 = VECTOR ( 'NONE', #2826, 1000.000000000000000 ) ;
#2828 = CARTESIAN_POINT ( 'NONE',  ( -6.249999999999992000, 3.650000000000004800, -2.600000000000007600 ) ) ;
#2829 = LINE ( 'NONE', #2828, #2827 ) ;
#2830 = FILL_AREA_STYLE_COLOUR ( '', #2824 ) ;
#2831 = CARTESIAN_POINT ( 'NONE',  ( -6.249999999999970700, 3.650000000000025700, -8.450000000000008200 ) ) ;
#2832 = DIRECTION ( 'NONE',  ( -1.000000000000000000, -1.297518949922035300E-016, -3.472226957524090000E-015 ) ) ;
#2833 = VECTOR ( 'NONE', #2832, 1000.000000000000000 ) ;
#2834 = CARTESIAN_POINT ( 'NONE',  ( -5.749999999999970700, 3.650000000000025700, -8.450000000000006400 ) ) ;
#2835 = LINE ( 'NONE', #2834, #2833 ) ;
#2836 = CARTESIAN_POINT ( 'NONE',  ( -5.749999999999970700, 3.650000000000025700, -8.450000000000006400 ) ) ;
#2837 = DIRECTION ( 'NONE',  ( 3.472226957524089200E-015, 3.602683583928408700E-015, -1.000000000000000000 ) ) ;
#2838 = VECTOR ( 'NONE', #2837, 1000.000000000000000 ) ;
#2839 = CARTESIAN_POINT ( 'NONE',  ( -5.749999999999991100, 3.650000000000004800, -2.600000000000005900 ) ) ;
#2840 = LINE ( 'NONE', #2839, #2838 ) ;
#2841 = DIRECTION ( 'NONE',  ( 3.472226957524089200E-015, 3.602683583928408700E-015, -1.000000000000000000 ) ) ;
#2842 = VECTOR ( 'NONE', #2841, 1000.000000000000000 ) ;
#2843 = CARTESIAN_POINT ( 'NONE',  ( -4.249999999999996400, 3.650000000000004800, -2.600000000000001400 ) ) ;
#2844 = LINE ( 'NONE', #2843, #2842 ) ;
#2845 = DIRECTION ( 'NONE',  ( -1.297518949922157600E-016, 1.000000000000000000, 3.602683583928407900E-015 ) ) ;
#2846 = VECTOR ( 'NONE', #2845, 1000.000000000000000 ) ;
#2847 = CARTESIAN_POINT ( 'NONE',  ( -3.749999999999975600, 3.650000000000025700, -8.449999999999999300 ) ) ;
#2848 = LINE ( 'NONE', #2847, #2846 ) ;
#2849 = CARTESIAN_POINT ( 'NONE',  ( -3.749999999999968500, -3.399999999999976800, -8.450000000000025900 ) ) ;
#2850 = DIRECTION ( 'NONE',  ( -3.472226957524089200E-015, -3.602683583928408700E-015, 1.000000000000000000 ) ) ;
#2851 = VECTOR ( 'NONE', #2850, 1000.000000000000000 ) ;
#2852 = CARTESIAN_POINT ( 'NONE',  ( -3.749999999999968500, -3.399999999999976800, -8.450000000000025900 ) ) ;
#2853 =( NAMED_UNIT ( * ) PLANE_ANGLE_UNIT ( ) SI_UNIT ( $, .RADIAN. ) );
#2854 =( LENGTH_UNIT ( ) NAMED_UNIT ( * ) SI_UNIT ( .MILLI., .METRE. ) );
#2855 = MECHANICAL_DESIGN_GEOMETRIC_PRESENTATION_REPRESENTATION (  '', ( #2857 ), #2899 ) ;
#2856 = PRESENTATION_LAYER_ASSIGNMENT (  '', '', ( #2857 ) ) ;
#2857 = STYLED_ITEM ( 'NONE', ( #2858 ), #438 ) ;
#2858 = PRESENTATION_STYLE_ASSIGNMENT (( #2859 ) ) ;
#2859 = SURFACE_STYLE_USAGE ( .BOTH. , #2860 ) ;
#2860 = SURFACE_SIDE_STYLE ('',( #2861 ) ) ;
#2861 = SURFACE_STYLE_FILL_AREA ( #2862 ) ;
#2862 = FILL_AREA_STYLE ('',( #2869 ) ) ;
#2863 = COLOUR_RGB ( '',0.7529411764705882200, 0.7529411764705882200, 0.7529411764705882200 ) ;
#2864 = FACE_OUTER_BOUND ( 'NONE', #439, .T. ) ;
#2865 = DIRECTION ( 'NONE',  ( 1.000000000000000000, 2.381721122407539800E-016, 3.472226957524090400E-015 ) ) ;
#2866 = VECTOR ( 'NONE', #2865, 1000.000000000000000 ) ;
#2867 = CARTESIAN_POINT ( 'NONE',  ( -11.74999999999999300, 3.150000000000004400, -2.600000000000026700 ) ) ;
#2868 = LINE ( 'NONE', #2867, #2866 ) ;
#2869 = FILL_AREA_STYLE_COLOUR ( '', #2863 ) ;
#2870 = DIRECTION ( 'NONE',  ( -1.297518949922157600E-016, 1.000000000000000000, 3.602683583928407900E-015 ) ) ;
#2871 = DIRECTION ( 'NONE',  ( 1.000000000000000000, 1.297518949922032600E-016, 3.472226957524090000E-015 ) ) ;
#2872 = CARTESIAN_POINT ( 'NONE',  ( -6.249999999999992000, 3.650000000000004800, -2.600000000000007600 ) ) ;
#2873 = AXIS2_PLACEMENT_3D ( 'NONE', #2872, #2871, #2870 ) ;
#2874 = PLANE ( 'NONE',  #2873 ) ;
#2875 =( GEOMETRIC_REPRESENTATION_CONTEXT ( 3 ) GLOBAL_UNCERTAINTY_ASSIGNED_CONTEXT ( ( #2876 ) ) GLOBAL_UNIT_ASSIGNED_CONTEXT ( ( #2815, #2878, #2877 ) ) REPRESENTATION_CONTEXT ( 'NONE', 'WORKASPACE' ) );
#2876 = UNCERTAINTY_MEASURE_WITH_UNIT (LENGTH_MEASURE( 1.000000000000000100E-005 ), #2815, 'distance_accuracy_value', 'NONE');
#2877 =( NAMED_UNIT ( * ) SI_UNIT ( $, .STERADIAN. ) SOLID_ANGLE_UNIT ( ) );
#2878 =( NAMED_UNIT ( * ) PLANE_ANGLE_UNIT ( ) SI_UNIT ( $, .RADIAN. ) );
#2879 = UNCERTAINTY_MEASURE_WITH_UNIT (LENGTH_MEASURE( 1.000000000000000100E-005 ), #2882, 'distance_accuracy_value', 'NONE');
#2880 =( NAMED_UNIT ( * ) SI_UNIT ( $, .STERADIAN. ) SOLID_ANGLE_UNIT ( ) );
#2881 =( NAMED_UNIT ( * ) PLANE_ANGLE_UNIT ( ) SI_UNIT ( $, .RADIAN. ) );
#2882 =( LENGTH_UNIT ( ) NAMED_UNIT ( * ) SI_UNIT ( .MILLI., .METRE. ) );
#2883 = MECHANICAL_DESIGN_GEOMETRIC_PRESENTATION_REPRESENTATION (  '', ( #2885 ), #2928 ) ;
#2884 = PRESENTATION_LAYER_ASSIGNMENT (  '', '', ( #2885 ) ) ;
#2885 = STYLED_ITEM ( 'NONE', ( #2886 ), #444 ) ;
#2886 = PRESENTATION_STYLE_ASSIGNMENT (( #2887 ) ) ;
#2887 = SURFACE_STYLE_USAGE ( .BOTH. , #2888 ) ;
#2888 = SURFACE_SIDE_STYLE ('',( #2889 ) ) ;
#2889 = SURFACE_STYLE_FILL_AREA ( #2890 ) ;
#2890 = FILL_AREA_STYLE ('',( #2897 ) ) ;
#2891 = COLOUR_RGB ( '',0.7529411764705882200, 0.7529411764705882200, 0.7529411764705882200 ) ;
#2892 = FACE_OUTER_BOUND ( 'NONE', #445, .T. ) ;
#2893 = DIRECTION ( 'NONE',  ( 1.000000000000000000, 1.297518949922035300E-016, 3.472226957524090000E-015 ) ) ;
#2894 = DIRECTION ( 'NONE',  ( 1.297518949922160300E-016, -1.000000000000000000, -3.602683583928407900E-015 ) ) ;
#2895 = CARTESIAN_POINT ( 'NONE',  ( -5.749999999999991100, 3.650000000000004800, -2.600000000000005900 ) ) ;
#2896 = AXIS2_PLACEMENT_3D ( 'NONE', #2895, #2894, #2893 ) ;
#2897 = FILL_AREA_STYLE_COLOUR ( '', #2891 ) ;
#2898 = PLANE ( 'NONE',  #2896 ) ;
#2899 =( GEOMETRIC_REPRESENTATION_CONTEXT ( 3 ) GLOBAL_UNCERTAINTY_ASSIGNED_CONTEXT ( ( #2900 ) ) GLOBAL_UNIT_ASSIGNED_CONTEXT ( ( #2854, #2853, #2901 ) ) REPRESENTATION_CONTEXT ( 'NONE', 'WORKASPACE' ) );
#2900 = UNCERTAINTY_MEASURE_WITH_UNIT (LENGTH_MEASURE( 1.000000000000000100E-005 ), #2854, 'distance_accuracy_value', 'NONE');
#2901 =( NAMED_UNIT ( * ) SI_UNIT ( $, .STERADIAN. ) SOLID_ANGLE_UNIT ( ) );
#2902 =( NAMED_UNIT ( * ) SI_UNIT ( $, .STERADIAN. ) SOLID_ANGLE_UNIT ( ) );
#2903 =( GEOMETRIC_REPRESENTATION_CONTEXT ( 3 ) GLOBAL_UNCERTAINTY_ASSIGNED_CONTEXT ( ( #2904 ) ) GLOBAL_UNIT_ASSIGNED_CONTEXT ( ( #2907, #2906, #2905 ) ) REPRESENTATION_CONTEXT ( 'NONE', 'WORKASPACE' ) );
#2904 = UNCERTAINTY_MEASURE_WITH_UNIT (LENGTH_MEASURE( 1.000000000000000100E-005 ), #2907, 'distance_accuracy_value', 'NONE');
#2905 =( NAMED_UNIT ( * ) SI_UNIT ( $, .STERADIAN. ) SOLID_ANGLE_UNIT ( ) );
#2906 =( NAMED_UNIT ( * ) PLANE_ANGLE_UNIT ( ) SI_UNIT ( $, .RADIAN. ) );
#2907 =( LENGTH_UNIT ( ) NAMED_UNIT ( * ) SI_UNIT ( .MILLI., .METRE. ) );
#2908 = MECHANICAL_DESIGN_GEOMETRIC_PRESENTATION_REPRESENTATION (  '', ( #2910 ), #2903 ) ;
#2909 = PRESENTATION_LAYER_ASSIGNMENT (  '', '', ( #2910 ) ) ;
#2910 = STYLED_ITEM ( 'NONE', ( #2911 ), #449 ) ;
#2911 = PRESENTATION_STYLE_ASSIGNMENT (( #2912 ) ) ;
#2912 = SURFACE_STYLE_USAGE ( .BOTH. , #2913 ) ;
#2913 = SURFACE_SIDE_STYLE ('',( #2914 ) ) ;
#2914 = SURFACE_STYLE_FILL_AREA ( #2915 ) ;
#2915 = FILL_AREA_STYLE ('',( #2922 ) ) ;
#2916 = COLOUR_RGB ( '',0.7529411764705882200, 0.7529411764705882200, 0.7529411764705882200 ) ;
#2917 = FACE_OUTER_BOUND ( 'NONE', #450, .T. ) ;
#2918 = DIRECTION ( 'NONE',  ( 3.472226957524089200E-015, 3.602683583928408700E-015, -1.000000000000000000 ) ) ;
#2919 = VECTOR ( 'NONE', #2918, 1000.000000000000000 ) ;
#2920 = CARTESIAN_POINT ( 'NONE',  ( -5.749999999999991100, 3.650000000000004800, -2.600000000000005900 ) ) ;
#2921 = LINE ( 'NONE', #2920, #2919 ) ;
#2922 = FILL_AREA_STYLE_COLOUR ( '', #2916 ) ;
#2923 = DIRECTION ( 'NONE',  ( 1.000000000000000000, 1.297518949922035300E-016, 3.472226957524090000E-015 ) ) ;
#2924 = DIRECTION ( 'NONE',  ( 1.297518949922160300E-016, -1.000000000000000000, -3.602683583928407900E-015 ) ) ;
#2925 = CARTESIAN_POINT ( 'NONE',  ( -5.749999999999991100, 3.650000000000004800, -2.600000000000005900 ) ) ;
#2926 = AXIS2_PLACEMENT_3D ( 'NONE', #2925, #2924, #2923 ) ;
#2927 = PLANE ( 'NONE',  #2926 ) ;
#2928 =( GEOMETRIC_REPRESENTATION_CONTEXT ( 3 ) GLOBAL_UNCERTAINTY_ASSIGNED_CONTEXT ( ( #2879 ) ) GLOBAL_UNIT_ASSIGNED_CONTEXT ( ( #2882, #2881, #2880 ) ) REPRESENTATION_CONTEXT ( 'NONE', 'WORKASPACE' ) );
#2929 = AXIS2_PLACEMENT_3D ( 'NONE', #2992, #2991, #2990 ) ;
#2930 = PLANE ( 'NONE',  #2929 ) ;
#2931 =( GEOMETRIC_REPRESENTATION_CONTEXT ( 3 ) GLOBAL_UNCERTAINTY_ASSIGNED_CONTEXT ( ( #2932 ) ) GLOBAL_UNIT_ASSIGNED_CONTEXT ( ( #2935, #2934, #2933 ) ) REPRESENTATION_CONTEXT ( 'NONE', 'WORKASPACE' ) );
#2932 = UNCERTAINTY_MEASURE_WITH_UNIT (LENGTH_MEASURE( 1.000000000000000100E-005 ), #2935, 'distance_accuracy_value', 'NONE');
#2933 =( NAMED_UNIT ( * ) SI_UNIT ( $, .STERADIAN. ) SOLID_ANGLE_UNIT ( ) );
#2934 =( NAMED_UNIT ( * ) PLANE_ANGLE_UNIT ( ) SI_UNIT ( $, .RADIAN. ) );
#2935 =( LENGTH_UNIT ( ) NAMED_UNIT ( * ) SI_UNIT ( .MILLI., .METRE. ) );
#2936 = MECHANICAL_DESIGN_GEOMETRIC_PRESENTATION_REPRESENTATION (  '', ( #2938 ), #2931 ) ;
#2937 = PRESENTATION_LAYER_ASSIGNMENT (  '', '', ( #2938 ) ) ;
#2938 = STYLED_ITEM ( 'NONE', ( #2939 ), #456 ) ;
#2939 = PRESENTATION_STYLE_ASSIGNMENT (( #2940 ) ) ;
#2940 = SURFACE_STYLE_USAGE ( .BOTH. , #2941 ) ;
#2941 = SURFACE_SIDE_STYLE ('',( #2942 ) ) ;
#2942 = SURFACE_STYLE_FILL_AREA ( #2943 ) ;
#2943 = FILL_AREA_STYLE ('',( #2950 ) ) ;
#2944 = COLOUR_RGB ( '',0.7529411764705882200, 0.7529411764705882200, 0.7529411764705882200 ) ;
#2945 = FACE_OUTER_BOUND ( 'NONE', #457, .T. ) ;
#2946 = DIRECTION ( 'NONE',  ( 3.472226957524089200E-015, 3.602683583928408700E-015, -1.000000000000000000 ) ) ;
#2947 = VECTOR ( 'NONE', #2946, 1000.000000000000000 ) ;
#2948 = CARTESIAN_POINT ( 'NONE',  ( -6.249999999999992000, 3.150000000000004400, -2.600000000000009400 ) ) ;
#2949 = LINE ( 'NONE', #2948, #2947 ) ;
#2950 = FILL_AREA_STYLE_COLOUR ( '', #2944 ) ;
#2951 = DIRECTION ( 'NONE',  ( -1.000000000000000000, -2.381721122407539800E-016, -3.472226957524090400E-015 ) ) ;
#2952 = DIRECTION ( 'NONE',  ( -2.381721122407665000E-016, 1.000000000000000000, 3.602683583928407900E-015 ) ) ;
#2953 = CARTESIAN_POINT ( 'NONE',  ( -5.749999999999991100, 3.150000000000004400, -2.600000000000007600 ) ) ;
#2954 = AXIS2_PLACEMENT_3D ( 'NONE', #2953, #2952, #2951 ) ;
#2955 = PLANE ( 'NONE',  #2954 ) ;
#2956 =( NAMED_UNIT ( * ) PLANE_ANGLE_UNIT ( ) SI_UNIT ( $, .RADIAN. ) );
#2957 =( LENGTH_UNIT ( ) NAMED_UNIT ( * ) SI_UNIT ( .MILLI., .METRE. ) );
#2958 = MECHANICAL_DESIGN_GEOMETRIC_PRESENTATION_REPRESENTATION (  '', ( #2960 ), #3018 ) ;
#2959 = PRESENTATION_LAYER_ASSIGNMENT (  '', '', ( #2960 ) ) ;
#2960 = STYLED_ITEM ( 'NONE', ( #2961 ), #470 ) ;
#2961 = PRESENTATION_STYLE_ASSIGNMENT (( #2962 ) ) ;
#2962 = SURFACE_STYLE_USAGE ( .BOTH. , #2963 ) ;
#2963 = SURFACE_SIDE_STYLE ('',( #2964 ) ) ;
#2964 = SURFACE_STYLE_FILL_AREA ( #2965 ) ;
#2965 = FILL_AREA_STYLE ('',( #2972 ) ) ;
#2966 = COLOUR_RGB ( '',0.7529411764705882200, 0.7529411764705882200, 0.7529411764705882200 ) ;
#2967 = FACE_OUTER_BOUND ( 'NONE', #471, .T. ) ;
#2968 = DIRECTION ( 'NONE',  ( -2.133167774366492200E-017, 1.000000000000000000, 3.602683583928408700E-015 ) ) ;
#2969 = VECTOR ( 'NONE', #2968, 1000.000000000000000 ) ;
#2970 = CARTESIAN_POINT ( 'NONE',  ( -12.24999999999997500, -3.399999999999979500, -7.950000000000052600 ) ) ;
#2971 = LINE ( 'NONE', #2970, #2969 ) ;
#2972 = FILL_AREA_STYLE_COLOUR ( '', #2966 ) ;
#2973 = CARTESIAN_POINT ( 'NONE',  ( -12.24999999999997500, -3.399999999999979500, -7.950000000000052600 ) ) ;
#2974 = DIRECTION ( 'NONE',  ( 3.472226957524089200E-015, 3.602683583928408700E-015, -1.000000000000000000 ) ) ;
#2975 = VECTOR ( 'NONE', #2974, 1000.000000000000000 ) ;
#2976 = CARTESIAN_POINT ( 'NONE',  ( -12.24999999999997300, -3.399999999999977700, -8.450000000000050800 ) ) ;
#2977 = LINE ( 'NONE', #2976, #2975 ) ;
#2978 = DIRECTION ( 'NONE',  ( 1.297518949922157600E-016, -1.000000000000000000, -3.602683583928407900E-015 ) ) ;
#2979 = VECTOR ( 'NONE', #2978, 1000.000000000000000 ) ;
#2980 = CARTESIAN_POINT ( 'NONE',  ( -12.24999999999997500, 3.650000000000025700, -8.450000000000027700 ) ) ;
#2981 = LINE ( 'NONE', #2980, #2979 ) ;
#2982 = DIRECTION ( 'NONE',  ( 1.297518949922157600E-016, -1.000000000000000000, -3.602683583928407900E-015 ) ) ;
#2983 = VECTOR ( 'NONE', #2982, 1000.000000000000000 ) ;
#2984 = CARTESIAN_POINT ( 'NONE',  ( -6.249999999999992000, 3.650000000000004800, -2.600000000000007600 ) ) ;
#2985 = LINE ( 'NONE', #2984, #2983 ) ;
#2986 = DIRECTION ( 'NONE',  ( 3.472226957524089200E-015, 3.602683583928408700E-015, -1.000000000000000000 ) ) ;
#2987 = VECTOR ( 'NONE', #2986, 1000.000000000000000 ) ;
#2988 = CARTESIAN_POINT ( 'NONE',  ( -6.249999999999992000, 3.650000000000004800, -2.600000000000007600 ) ) ;
#2989 = LINE ( 'NONE', #2988, #2987 ) ;
#2990 = DIRECTION ( 'NONE',  ( -1.297518949922157600E-016, 1.000000000000000000, 3.602683583928407900E-015 ) ) ;
#2991 = DIRECTION ( 'NONE',  ( 1.000000000000000000, 1.297518949922032600E-016, 3.472226957524090000E-015 ) ) ;
#2992 = CARTESIAN_POINT ( 'NONE',  ( -6.249999999999992000, 3.650000000000004800, -2.600000000000007600 ) ) ;
#2993 = SURFACE_SIDE_STYLE ('',( #2994 ) ) ;
#2994 = SURFACE_STYLE_FILL_AREA ( #2995 ) ;
#2995 = FILL_AREA_STYLE ('',( #3002 ) ) ;
#2996 = COLOUR_RGB ( '',0.7529411764705882200, 0.7529411764705882200, 0.7529411764705882200 ) ;
#2997 = FACE_OUTER_BOUND ( 'NONE', #485, .T. ) ;
#2998 = DIRECTION ( 'NONE',  ( 3.472226957524089200E-015, 3.602683583928408700E-015, -1.000000000000000000 ) ) ;
#2999 = VECTOR ( 'NONE', #2998, 1000.000000000000000 ) ;
#3000 = CARTESIAN_POINT ( 'NONE',  ( -12.24999999999999300, 3.650000000000004800, -2.600000000000026700 ) ) ;
#3001 = LINE ( 'NONE', #3000, #2999 ) ;
#3002 = FILL_AREA_STYLE_COLOUR ( '', #2996 ) ;
#3003 = CARTESIAN_POINT ( 'NONE',  ( -12.24999999999997500, 3.650000000000025700, -8.450000000000027700 ) ) ;
#3004 = DIRECTION ( 'NONE',  ( -1.000000000000000000, -1.297518949922035300E-016, -3.472226957524090000E-015 ) ) ;
#3005 = VECTOR ( 'NONE', #3004, 1000.000000000000000 ) ;
#3006 = CARTESIAN_POINT ( 'NONE',  ( -11.74999999999997200, 3.650000000000025700, -8.450000000000025900 ) ) ;
#3007 = LINE ( 'NONE', #3006, #3005 ) ;
#3008 = CARTESIAN_POINT ( 'NONE',  ( -11.74999999999997200, 3.650000000000025700, -8.450000000000025900 ) ) ;
#3009 = DIRECTION ( 'NONE',  ( 3.472226957524089200E-015, 3.602683583928408700E-015, -1.000000000000000000 ) ) ;
#3010 = VECTOR ( 'NONE', #3009, 1000.000000000000000 ) ;
#3011 = CARTESIAN_POINT ( 'NONE',  ( -11.74999999999999300, 3.650000000000004800, -2.600000000000025000 ) ) ;
#3012 = LINE ( 'NONE', #3011, #3010 ) ;
#3013 = DIRECTION ( 'NONE',  ( 1.297518949922157600E-016, -1.000000000000000000, -3.602683583928407900E-015 ) ) ;
#3014 = DIRECTION ( 'NONE',  ( -1.000000000000000000, -1.297518949922032600E-016, -3.472226957524090000E-015 ) ) ;
#3015 = CARTESIAN_POINT ( 'NONE',  ( -11.74999999999999300, 3.650000000000004800, -2.600000000000025000 ) ) ;
#3016 = AXIS2_PLACEMENT_3D ( 'NONE', #3015, #3014, #3013 ) ;
#3017 = PLANE ( 'NONE',  #3016 ) ;
#3018 =( GEOMETRIC_REPRESENTATION_CONTEXT ( 3 ) GLOBAL_UNCERTAINTY_ASSIGNED_CONTEXT ( ( #3019 ) ) GLOBAL_UNIT_ASSIGNED_CONTEXT ( ( #2957, #2956, #3020 ) ) REPRESENTATION_CONTEXT ( 'NONE', 'WORKASPACE' ) );
#3019 = UNCERTAINTY_MEASURE_WITH_UNIT (LENGTH_MEASURE( 1.000000000000000100E-005 ), #2957, 'distance_accuracy_value', 'NONE');
#3020 =( NAMED_UNIT ( * ) SI_UNIT ( $, .STERADIAN. ) SOLID_ANGLE_UNIT ( ) );
#3021 = MECHANICAL_DESIGN_GEOMETRIC_PRESENTATION_REPRESENTATION (  '', ( #3023 ), #3071 ) ;
#3022 = PRESENTATION_LAYER_ASSIGNMENT (  '', '', ( #3023 ) ) ;
#3023 = STYLED_ITEM ( 'NONE', ( #3024 ), #493 ) ;
#3024 = PRESENTATION_STYLE_ASSIGNMENT (( #3025 ) ) ;
#3025 = SURFACE_STYLE_USAGE ( .BOTH. , #3026 ) ;
#3026 = SURFACE_SIDE_STYLE ('',( #3027 ) ) ;
#3027 = SURFACE_STYLE_FILL_AREA ( #3028 ) ;
#3028 = FILL_AREA_STYLE ('',( #3035 ) ) ;
#3029 = COLOUR_RGB ( '',0.7529411764705882200, 0.7529411764705882200, 0.7529411764705882200 ) ;
#3030 = FACE_OUTER_BOUND ( 'NONE', #494, .T. ) ;
#3031 = DIRECTION ( 'NONE',  ( 3.472226957524089200E-015, 3.602683583928408700E-015, -1.000000000000000000 ) ) ;
#3032 = VECTOR ( 'NONE', #3031, 1000.000000000000000 ) ;
#3033 = CARTESIAN_POINT ( 'NONE',  ( -12.24999999999999300, 3.650000000000004800, -2.600000000000026700 ) ) ;
#3034 = LINE ( 'NONE', #3033, #3032 ) ;
#3035 = FILL_AREA_STYLE_COLOUR ( '', #3029 ) ;
#3036 = CARTESIAN_POINT ( 'NONE',  ( -12.24999999999997300, -3.399999999999977700, -8.450000000000050800 ) ) ;
#3037 = DIRECTION ( 'NONE',  ( -1.297518949922157600E-016, 1.000000000000000000, 3.602683583928407900E-015 ) ) ;
#3038 = DIRECTION ( 'NONE',  ( 1.000000000000000000, 1.297518949922032600E-016, 3.472226957524090000E-015 ) ) ;
#3039 = CARTESIAN_POINT ( 'NONE',  ( -12.24999999999999300, 3.650000000000004800, -2.600000000000026700 ) ) ;
#3040 = AXIS2_PLACEMENT_3D ( 'NONE', #3039, #3038, #3037 ) ;
#3041 = PLANE ( 'NONE',  #3040 ) ;
#3042 =( GEOMETRIC_REPRESENTATION_CONTEXT ( 3 ) GLOBAL_UNCERTAINTY_ASSIGNED_CONTEXT ( ( #3043 ) ) GLOBAL_UNIT_ASSIGNED_CONTEXT ( ( #3046, #3045, #3044 ) ) REPRESENTATION_CONTEXT ( 'NONE', 'WORKASPACE' ) );
#3043 = UNCERTAINTY_MEASURE_WITH_UNIT (LENGTH_MEASURE( 1.000000000000000100E-005 ), #3046, 'distance_accuracy_value', 'NONE');
#3044 =( NAMED_UNIT ( * ) SI_UNIT ( $, .STERADIAN. ) SOLID_ANGLE_UNIT ( ) );
#3045 =( NAMED_UNIT ( * ) PLANE_ANGLE_UNIT ( ) SI_UNIT ( $, .RADIAN. ) );
#3046 =( LENGTH_UNIT ( ) NAMED_UNIT ( * ) SI_UNIT ( .MILLI., .METRE. ) );
#3047 = MECHANICAL_DESIGN_GEOMETRIC_PRESENTATION_REPRESENTATION (  '', ( #3049 ), #3042 ) ;
#3048 = PRESENTATION_LAYER_ASSIGNMENT (  '', '', ( #3049 ) ) ;
#3049 = STYLED_ITEM ( 'NONE', ( #3050 ), #484 ) ;
#3050 = PRESENTATION_STYLE_ASSIGNMENT (( #3051 ) ) ;
#3051 = SURFACE_STYLE_USAGE ( .BOTH. , #2993 ) ;
#3052 =( NAMED_UNIT ( * ) SI_UNIT ( $, .STERADIAN. ) SOLID_ANGLE_UNIT ( ) );
#3053 =( NAMED_UNIT ( * ) PLANE_ANGLE_UNIT ( ) SI_UNIT ( $, .RADIAN. ) );
#3054 =( LENGTH_UNIT ( ) NAMED_UNIT ( * ) SI_UNIT ( .MILLI., .METRE. ) );
#3055 = MECHANICAL_DESIGN_GEOMETRIC_PRESENTATION_REPRESENTATION (  '', ( #3057 ), #3103 ) ;
#3056 = PRESENTATION_LAYER_ASSIGNMENT (  '', '', ( #3057 ) ) ;
#3057 = STYLED_ITEM ( 'NONE', ( #3058 ), #499 ) ;
#3058 = PRESENTATION_STYLE_ASSIGNMENT (( #3059 ) ) ;
#3059 = SURFACE_STYLE_USAGE ( .BOTH. , #3060 ) ;
#3060 = SURFACE_SIDE_STYLE ('',( #3061 ) ) ;
#3061 = SURFACE_STYLE_FILL_AREA ( #3062 ) ;
#3062 = FILL_AREA_STYLE ('',( #3069 ) ) ;
#3063 = COLOUR_RGB ( '',0.7529411764705882200, 0.7529411764705882200, 0.7529411764705882200 ) ;
#3064 = FACE_OUTER_BOUND ( 'NONE', #500, .T. ) ;
#3065 = DIRECTION ( 'NONE',  ( 1.000000000000000000, 1.297518949922035300E-016, 3.472226957524090000E-015 ) ) ;
#3066 = DIRECTION ( 'NONE',  ( 1.297518949922160300E-016, -1.000000000000000000, -3.602683583928407900E-015 ) ) ;
#3067 = CARTESIAN_POINT ( 'NONE',  ( -11.74999999999999300, 3.650000000000004800, -2.600000000000025000 ) ) ;
#3068 = AXIS2_PLACEMENT_3D ( 'NONE', #3067, #3066, #3065 ) ;
#3069 = FILL_AREA_STYLE_COLOUR ( '', #3063 ) ;
#3070 = PLANE ( 'NONE',  #3068 ) ;
#3071 =( GEOMETRIC_REPRESENTATION_CONTEXT ( 3 ) GLOBAL_UNCERTAINTY_ASSIGNED_CONTEXT ( ( #3072 ) ) GLOBAL_UNIT_ASSIGNED_CONTEXT ( ( #3075, #3074, #3073 ) ) REPRESENTATION_CONTEXT ( 'NONE', 'WORKASPACE' ) );
#3072 = UNCERTAINTY_MEASURE_WITH_UNIT (LENGTH_MEASURE( 1.000000000000000100E-005 ), #3075, 'distance_accuracy_value', 'NONE');
#3073 =( NAMED_UNIT ( * ) SI_UNIT ( $, .STERADIAN. ) SOLID_ANGLE_UNIT ( ) );
#3074 =( NAMED_UNIT ( * ) PLANE_ANGLE_UNIT ( ) SI_UNIT ( $, .RADIAN. ) );
#3075 =( LENGTH_UNIT ( ) NAMED_UNIT ( * ) SI_UNIT ( .MILLI., .METRE. ) );
#3076 =( NAMED_UNIT ( * ) SI_UNIT ( $, .STERADIAN. ) SOLID_ANGLE_UNIT ( ) );
#3077 =( NAMED_UNIT ( * ) PLANE_ANGLE_UNIT ( ) SI_UNIT ( $, .RADIAN. ) );
#3078 =( LENGTH_UNIT ( ) NAMED_UNIT ( * ) SI_UNIT ( .MILLI., .METRE. ) );
#3079 = MECHANICAL_DESIGN_GEOMETRIC_PRESENTATION_REPRESENTATION (  '', ( #3081 ), #3132 ) ;
#3080 = PRESENTATION_LAYER_ASSIGNMENT (  '', '', ( #3081 ) ) ;
#3081 = STYLED_ITEM ( 'NONE', ( #3082 ), #504 ) ;
#3082 = PRESENTATION_STYLE_ASSIGNMENT (( #3083 ) ) ;
#3083 = SURFACE_STYLE_USAGE ( .BOTH. , #3084 ) ;
#3084 = SURFACE_SIDE_STYLE ('',( #3085 ) ) ;
#3085 = SURFACE_STYLE_FILL_AREA ( #3086 ) ;
#3086 = FILL_AREA_STYLE ('',( #3093 ) ) ;
#3087 = COLOUR_RGB ( '',0.7529411764705882200, 0.7529411764705882200, 0.7529411764705882200 ) ;
#3088 = FACE_OUTER_BOUND ( 'NONE', #529, .T. ) ;
#3089 = DIRECTION ( 'NONE',  ( -1.297518949922157600E-016, 1.000000000000000000, 3.602683583928407900E-015 ) ) ;
#3090 = VECTOR ( 'NONE', #3089, 1000.000000000000000 ) ;
#3091 = CARTESIAN_POINT ( 'NONE',  ( -13.74999999999999300, 3.650000000000004800, -2.600000000000031200 ) ) ;
#3092 = LINE ( 'NONE', #3091, #3090 ) ;
#3093 = FILL_AREA_STYLE_COLOUR ( '', #3087 ) ;
#3094 = DIRECTION ( 'NONE',  ( 3.472226957524089200E-015, 3.602683583928408700E-015, -1.000000000000000000 ) ) ;
#3095 = VECTOR ( 'NONE', #3094, 1000.000000000000000 ) ;
#3096 = CARTESIAN_POINT ( 'NONE',  ( -11.74999999999999300, 3.150000000000004400, -2.600000000000026700 ) ) ;
#3097 = LINE ( 'NONE', #3096, #3095 ) ;
#3098 = DIRECTION ( 'NONE',  ( 1.000000000000000000, 1.297518949922035300E-016, 3.472226957524090000E-015 ) ) ;
#3099 = DIRECTION ( 'NONE',  ( 1.297518949922160300E-016, -1.000000000000000000, -3.602683583928407900E-015 ) ) ;
#3100 = CARTESIAN_POINT ( 'NONE',  ( -11.74999999999999300, 3.650000000000004800, -2.600000000000025000 ) ) ;
#3101 = AXIS2_PLACEMENT_3D ( 'NONE', #3100, #3099, #3098 ) ;
#3102 = PLANE ( 'NONE',  #3101 ) ;
#3103 =( GEOMETRIC_REPRESENTATION_CONTEXT ( 3 ) GLOBAL_UNCERTAINTY_ASSIGNED_CONTEXT ( ( #3104 ) ) GLOBAL_UNIT_ASSIGNED_CONTEXT ( ( #3054, #3053, #3052 ) ) REPRESENTATION_CONTEXT ( 'NONE', 'WORKASPACE' ) );
#3104 = UNCERTAINTY_MEASURE_WITH_UNIT (LENGTH_MEASURE( 1.000000000000000100E-005 ), #3054, 'distance_accuracy_value', 'NONE');
#3105 =( NAMED_UNIT ( * ) SI_UNIT ( $, .STERADIAN. ) SOLID_ANGLE_UNIT ( ) );
#3106 =( NAMED_UNIT ( * ) PLANE_ANGLE_UNIT ( ) SI_UNIT ( $, .RADIAN. ) );
#3107 =( LENGTH_UNIT ( ) NAMED_UNIT ( * ) SI_UNIT ( .MILLI., .METRE. ) );
#3108 = MECHANICAL_DESIGN_GEOMETRIC_PRESENTATION_REPRESENTATION (  '', ( #3110 ), #3160 ) ;
#3109 = PRESENTATION_LAYER_ASSIGNMENT (  '', '', ( #3110 ) ) ;
#3110 = STYLED_ITEM ( 'NONE', ( #3111 ), #511 ) ;
#3111 = PRESENTATION_STYLE_ASSIGNMENT (( #3112 ) ) ;
#3112 = SURFACE_STYLE_USAGE ( .BOTH. , #3113 ) ;
#3113 = SURFACE_SIDE_STYLE ('',( #3114 ) ) ;
#3114 = SURFACE_STYLE_FILL_AREA ( #3115 ) ;
#3115 = FILL_AREA_STYLE ('',( #3122 ) ) ;
#3116 = COLOUR_RGB ( '',0.7529411764705882200, 0.7529411764705882200, 0.7529411764705882200 ) ;
#3117 = FACE_OUTER_BOUND ( 'NONE', #512, .T. ) ;
#3118 = DIRECTION ( 'NONE',  ( 3.472226957524089200E-015, 3.602683583928408700E-015, -1.000000000000000000 ) ) ;
#3119 = VECTOR ( 'NONE', #3118, 1000.000000000000000 ) ;
#3120 = CARTESIAN_POINT ( 'NONE',  ( -13.74999999999999300, 3.650000000000004800, -2.600000000000031200 ) ) ;
#3121 = LINE ( 'NONE', #3120, #3119 ) ;
#3122 = FILL_AREA_STYLE_COLOUR ( '', #3116 ) ;
#3123 = DIRECTION ( 'NONE',  ( 3.472226957524089200E-015, 3.602683583928408700E-015, -1.000000000000000000 ) ) ;
#3124 = VECTOR ( 'NONE', #3123, 1000.000000000000000 ) ;
#3125 = CARTESIAN_POINT ( 'NONE',  ( -13.74999999999999300, 3.150000000000004400, -2.600000000000033000 ) ) ;
#3126 = LINE ( 'NONE', #3125, #3124 ) ;
#3127 = DIRECTION ( 'NONE',  ( 1.297518949922157600E-016, -1.000000000000000000, -3.602683583928407900E-015 ) ) ;
#3128 = DIRECTION ( 'NONE',  ( -1.000000000000000000, -1.297518949922032600E-016, -3.472226957524090000E-015 ) ) ;
#3129 = CARTESIAN_POINT ( 'NONE',  ( -13.74999999999999300, 3.650000000000004800, -2.600000000000031200 ) ) ;
#3130 = AXIS2_PLACEMENT_3D ( 'NONE', #3129, #3128, #3127 ) ;
#3131 = PLANE ( 'NONE',  #3130 ) ;
#3132 =( GEOMETRIC_REPRESENTATION_CONTEXT ( 3 ) GLOBAL_UNCERTAINTY_ASSIGNED_CONTEXT ( ( #3133 ) ) GLOBAL_UNIT_ASSIGNED_CONTEXT ( ( #3078, #3077, #3076 ) ) REPRESENTATION_CONTEXT ( 'NONE', 'WORKASPACE' ) );
#3133 = UNCERTAINTY_MEASURE_WITH_UNIT (LENGTH_MEASURE( 1.000000000000000100E-005 ), #3078, 'distance_accuracy_value', 'NONE');
#3134 =( NAMED_UNIT ( * ) PLANE_ANGLE_UNIT ( ) SI_UNIT ( $, .RADIAN. ) );
#3135 =( LENGTH_UNIT ( ) NAMED_UNIT ( * ) SI_UNIT ( .MILLI., .METRE. ) );
#3136 = MECHANICAL_DESIGN_GEOMETRIC_PRESENTATION_REPRESENTATION (  '', ( #3138 ), #3186 ) ;
#3137 = PRESENTATION_LAYER_ASSIGNMENT (  '', '', ( #3138 ) ) ;
#3138 = STYLED_ITEM ( 'NONE', ( #3139 ), #517 ) ;
#3139 = PRESENTATION_STYLE_ASSIGNMENT (( #3140 ) ) ;
#3140 = SURFACE_STYLE_USAGE ( .BOTH. , #3141 ) ;
#3141 = SURFACE_SIDE_STYLE ('',( #3142 ) ) ;
#3142 = SURFACE_STYLE_FILL_AREA ( #3143 ) ;
#3143 = FILL_AREA_STYLE ('',( #3150 ) ) ;
#3144 = COLOUR_RGB ( '',0.7529411764705882200, 0.7529411764705882200, 0.7529411764705882200 ) ;
#3145 = FACE_OUTER_BOUND ( 'NONE', #518, .T. ) ;
#3146 = DIRECTION ( 'NONE',  ( 1.000000000000000000, 2.133167774365308900E-017, 3.472226957524089600E-015 ) ) ;
#3147 = VECTOR ( 'NONE', #3146, 1000.000000000000000 ) ;
#3148 = CARTESIAN_POINT ( 'NONE',  ( -12.24999999999997300, -3.399999999999977700, -8.450000000000050800 ) ) ;
#3149 = LINE ( 'NONE', #3148, #3147 ) ;
#3150 = FILL_AREA_STYLE_COLOUR ( '', #3144 ) ;
#3151 = DIRECTION ( 'NONE',  ( 3.472226957524089200E-015, 3.602683583928408700E-015, -1.000000000000000000 ) ) ;
#3152 = VECTOR ( 'NONE', #3151, 1000.000000000000000 ) ;
#3153 = CARTESIAN_POINT ( 'NONE',  ( -14.24999999999999300, 3.150000000000004400, -2.600000000000034700 ) ) ;
#3154 = LINE ( 'NONE', #3153, #3152 ) ;
#3155 = DIRECTION ( 'NONE',  ( -1.000000000000000000, -2.381721122407539800E-016, -3.472226957524090400E-015 ) ) ;
#3156 = DIRECTION ( 'NONE',  ( -2.381721122407665000E-016, 1.000000000000000000, 3.602683583928407900E-015 ) ) ;
#3157 = CARTESIAN_POINT ( 'NONE',  ( -13.74999999999999300, 3.150000000000004400, -2.600000000000033000 ) ) ;
#3158 = AXIS2_PLACEMENT_3D ( 'NONE', #3157, #3156, #3155 ) ;
#3159 = PLANE ( 'NONE',  #3158 ) ;
#3160 =( GEOMETRIC_REPRESENTATION_CONTEXT ( 3 ) GLOBAL_UNCERTAINTY_ASSIGNED_CONTEXT ( ( #3161 ) ) GLOBAL_UNIT_ASSIGNED_CONTEXT ( ( #3107, #3106, #3105 ) ) REPRESENTATION_CONTEXT ( 'NONE', 'WORKASPACE' ) );
#3161 = UNCERTAINTY_MEASURE_WITH_UNIT (LENGTH_MEASURE( 1.000000000000000100E-005 ), #3107, 'distance_accuracy_value', 'NONE');
#3162 = VECTOR ( 'NONE', #3214, 1000.000000000000000 ) ;
#3163 = CARTESIAN_POINT ( 'NONE',  ( -11.74999999999997300, -3.399999999999979500, -7.950000000000050800 ) ) ;
#3164 = LINE ( 'NONE', #3163, #3162 ) ;
#3165 = CARTESIAN_POINT ( 'NONE',  ( -13.74999999999999300, 3.150000000000004400, -2.600000000000033000 ) ) ;
#3166 = DIRECTION ( 'NONE',  ( 1.000000000000000000, 2.381721122407539800E-016, 3.472226957524090400E-015 ) ) ;
#3167 = VECTOR ( 'NONE', #3166, 1000.000000000000000 ) ;
#3168 = CARTESIAN_POINT ( 'NONE',  ( -13.74999999999999300, 3.150000000000004400, -2.600000000000033000 ) ) ;
#3169 = LINE ( 'NONE', #3168, #3167 ) ;
#3170 = CARTESIAN_POINT ( 'NONE',  ( -14.24999999999999300, 3.150000000000004400, -2.600000000000034700 ) ) ;
#3171 = DIRECTION ( 'NONE',  ( 1.297518949922157600E-016, -1.000000000000000000, -3.602683583928407900E-015 ) ) ;
#3172 = VECTOR ( 'NONE', #3171, 1000.000000000000000 ) ;
#3173 = CARTESIAN_POINT ( 'NONE',  ( -14.24999999999999300, 3.650000000000004800, -2.600000000000033000 ) ) ;
#3174 = LINE ( 'NONE', #3173, #3172 ) ;
#3175 = CARTESIAN_POINT ( 'NONE',  ( -14.24999999999999300, 3.650000000000004800, -2.600000000000033000 ) ) ;
#3176 = CARTESIAN_POINT ( 'NONE',  ( -13.74999999999999300, 3.650000000000004800, -2.600000000000031200 ) ) ;
#3177 = DIRECTION ( 'NONE',  ( -1.000000000000000000, -1.297518949922035300E-016, -3.472226957524090000E-015 ) ) ;
#3178 = VECTOR ( 'NONE', #3177, 1000.000000000000000 ) ;
#3179 = CARTESIAN_POINT ( 'NONE',  ( -13.74999999999999300, 3.650000000000004800, -2.600000000000031200 ) ) ;
#3180 = LINE ( 'NONE', #3179, #3178 ) ;
#3181 = DIRECTION ( 'NONE',  ( -1.000000000000000000, -1.297518949922035300E-016, -3.472226957524090000E-015 ) ) ;
#3182 = DIRECTION ( 'NONE',  ( -3.472226957524089600E-015, -3.602683583928408700E-015, 1.000000000000000000 ) ) ;
#3183 = CARTESIAN_POINT ( 'NONE',  ( -14.24999999999999300, 3.650000000000004800, -2.600000000000033000 ) ) ;
#3184 = AXIS2_PLACEMENT_3D ( 'NONE', #3183, #3182, #3181 ) ;
#3185 = PLANE ( 'NONE',  #3184 ) ;
#3186 =( GEOMETRIC_REPRESENTATION_CONTEXT ( 3 ) GLOBAL_UNCERTAINTY_ASSIGNED_CONTEXT ( ( #3187 ) ) GLOBAL_UNIT_ASSIGNED_CONTEXT ( ( #3135, #3134, #2902 ) ) REPRESENTATION_CONTEXT ( 'NONE', 'WORKASPACE' ) );
#3187 = UNCERTAINTY_MEASURE_WITH_UNIT (LENGTH_MEASURE( 1.000000000000000100E-005 ), #3135, 'distance_accuracy_value', 'NONE');
#3188 =( GEOMETRIC_REPRESENTATION_CONTEXT ( 3 ) GLOBAL_UNCERTAINTY_ASSIGNED_CONTEXT ( ( #3189 ) ) GLOBAL_UNIT_ASSIGNED_CONTEXT ( ( #3192, #3191, #3190 ) ) REPRESENTATION_CONTEXT ( 'NONE', 'WORKASPACE' ) );
#3189 = UNCERTAINTY_MEASURE_WITH_UNIT (LENGTH_MEASURE( 1.000000000000000100E-005 ), #3192, 'distance_accuracy_value', 'NONE');
#3190 =( NAMED_UNIT ( * ) SI_UNIT ( $, .STERADIAN. ) SOLID_ANGLE_UNIT ( ) );
#3191 =( NAMED_UNIT ( * ) PLANE_ANGLE_UNIT ( ) SI_UNIT ( $, .RADIAN. ) );
#3192 =( LENGTH_UNIT ( ) NAMED_UNIT ( * ) SI_UNIT ( .MILLI., .METRE. ) );
#3193 = MECHANICAL_DESIGN_GEOMETRIC_PRESENTATION_REPRESENTATION (  '', ( #3195 ), #3188 ) ;
#3194 = PRESENTATION_LAYER_ASSIGNMENT (  '', '', ( #3195 ) ) ;
#3195 = STYLED_ITEM ( 'NONE', ( #3196 ), #538 ) ;
#3196 = PRESENTATION_STYLE_ASSIGNMENT (( #3197 ) ) ;
#3197 = SURFACE_STYLE_USAGE ( .BOTH. , #3198 ) ;
#3198 = SURFACE_SIDE_STYLE ('',( #3199 ) ) ;
#3199 = SURFACE_STYLE_FILL_AREA ( #3200 ) ;
#3200 = FILL_AREA_STYLE ('',( #3207 ) ) ;
#3201 = COLOUR_RGB ( '',0.7529411764705882200, 0.7529411764705882200, 0.7529411764705882200 ) ;
#3202 = FACE_OUTER_BOUND ( 'NONE', #539, .T. ) ;
#3203 = DIRECTION ( 'NONE',  ( -1.297518949922157600E-016, 1.000000000000000000, 3.602683583928407900E-015 ) ) ;
#3204 = VECTOR ( 'NONE', #3203, 1000.000000000000000 ) ;
#3205 = CARTESIAN_POINT ( 'NONE',  ( -11.74999999999997200, 3.650000000000025700, -8.450000000000025900 ) ) ;
#3206 = LINE ( 'NONE', #3205, #3204 ) ;
#3207 = FILL_AREA_STYLE_COLOUR ( '', #3201 ) ;
#3208 = CARTESIAN_POINT ( 'NONE',  ( -11.74999999999997200, -3.399999999999977700, -8.450000000000049000 ) ) ;
#3209 = DIRECTION ( 'NONE',  ( -3.472226957524089200E-015, -3.602683583928408700E-015, 1.000000000000000000 ) ) ;
#3210 = VECTOR ( 'NONE', #3209, 1000.000000000000000 ) ;
#3211 = CARTESIAN_POINT ( 'NONE',  ( -11.74999999999997200, -3.399999999999977700, -8.450000000000049000 ) ) ;
#3212 = LINE ( 'NONE', #3211, #3210 ) ;
#3213 = CARTESIAN_POINT ( 'NONE',  ( -11.74999999999997300, -3.399999999999979500, -7.950000000000050800 ) ) ;
#3214 = DIRECTION ( 'NONE',  ( -2.133167774366492200E-017, 1.000000000000000000, 3.602683583928408700E-015 ) ) ;
#3215 = DIRECTION ( 'NONE',  ( 1.000000000000000000, 1.297518949922032600E-016, 3.472226957524090000E-015 ) ) ;
#3216 = CARTESIAN_POINT ( 'NONE',  ( -14.24999999999999300, 3.650000000000004800, -2.600000000000033000 ) ) ;
#3217 = AXIS2_PLACEMENT_3D ( 'NONE', #3216, #3215, #3273 ) ;
#3218 = PLANE ( 'NONE',  #3217 ) ;
#3219 =( GEOMETRIC_REPRESENTATION_CONTEXT ( 3 ) GLOBAL_UNCERTAINTY_ASSIGNED_CONTEXT ( ( #3220 ) ) GLOBAL_UNIT_ASSIGNED_CONTEXT ( ( #3223, #3222, #3221 ) ) REPRESENTATION_CONTEXT ( 'NONE', 'WORKASPACE' ) );
#3220 = UNCERTAINTY_MEASURE_WITH_UNIT (LENGTH_MEASURE( 1.000000000000000100E-005 ), #3223, 'distance_accuracy_value', 'NONE');
#3221 =( NAMED_UNIT ( * ) SI_UNIT ( $, .STERADIAN. ) SOLID_ANGLE_UNIT ( ) );
#3222 =( NAMED_UNIT ( * ) PLANE_ANGLE_UNIT ( ) SI_UNIT ( $, .RADIAN. ) );
#3223 =( LENGTH_UNIT ( ) NAMED_UNIT ( * ) SI_UNIT ( .MILLI., .METRE. ) );
#3224 = MECHANICAL_DESIGN_GEOMETRIC_PRESENTATION_REPRESENTATION (  '', ( #3226 ), #3219 ) ;
#3225 = PRESENTATION_LAYER_ASSIGNMENT (  '', '', ( #3226 ) ) ;
#3226 = STYLED_ITEM ( 'NONE', ( #3227 ), #544 ) ;
#3227 = PRESENTATION_STYLE_ASSIGNMENT (( #3228 ) ) ;
#3228 = SURFACE_STYLE_USAGE ( .BOTH. , #3229 ) ;
#3229 = SURFACE_SIDE_STYLE ('',( #3230 ) ) ;
#3230 = SURFACE_STYLE_FILL_AREA ( #3231 ) ;
#3231 = FILL_AREA_STYLE ('',( #3238 ) ) ;
#3232 = COLOUR_RGB ( '',0.7529411764705882200, 0.7529411764705882200, 0.7529411764705882200 ) ;
#3233 = FACE_OUTER_BOUND ( 'NONE', #545, .T. ) ;
#3234 = DIRECTION ( 'NONE',  ( 3.472226957524089200E-015, 3.602683583928408700E-015, -1.000000000000000000 ) ) ;
#3235 = VECTOR ( 'NONE', #3234, 1000.000000000000000 ) ;
#3236 = CARTESIAN_POINT ( 'NONE',  ( -14.24999999999999300, 3.650000000000004800, -2.600000000000033000 ) ) ;
#3237 = LINE ( 'NONE', #3236, #3235 ) ;
#3238 = FILL_AREA_STYLE_COLOUR ( '', #3232 ) ;
#3239 = DIRECTION ( 'NONE',  ( -1.000000000000000000, -1.297518949922035300E-016, -3.472226957524090000E-015 ) ) ;
#3240 = DIRECTION ( 'NONE',  ( -3.472226957524089600E-015, -3.602683583928408700E-015, 1.000000000000000000 ) ) ;
#3241 = CARTESIAN_POINT ( 'NONE',  ( -12.24999999999997500, 3.650000000000025700, -8.450000000000027700 ) ) ;
#3242 = AXIS2_PLACEMENT_3D ( 'NONE', #3241, #3240, #3239 ) ;
#3243 = PLANE ( 'NONE',  #3242 ) ;
#3244 = UNCERTAINTY_MEASURE_WITH_UNIT (LENGTH_MEASURE( 1.000000000000000100E-005 ), #3247, 'distance_accuracy_value', 'NONE');
#3245 =( NAMED_UNIT ( * ) SI_UNIT ( $, .STERADIAN. ) SOLID_ANGLE_UNIT ( ) );
#3246 =( NAMED_UNIT ( * ) PLANE_ANGLE_UNIT ( ) SI_UNIT ( $, .RADIAN. ) );
#3247 =( LENGTH_UNIT ( ) NAMED_UNIT ( * ) SI_UNIT ( .MILLI., .METRE. ) );
#3248 = MECHANICAL_DESIGN_GEOMETRIC_PRESENTATION_REPRESENTATION (  '', ( #3250 ), #3304 ) ;
#3249 = PRESENTATION_LAYER_ASSIGNMENT (  '', '', ( #3250 ) ) ;
#3250 = STYLED_ITEM ( 'NONE', ( #3251 ), #560 ) ;
#3251 = PRESENTATION_STYLE_ASSIGNMENT (( #3252 ) ) ;
#3252 = SURFACE_STYLE_USAGE ( .BOTH. , #3253 ) ;
#3253 = SURFACE_SIDE_STYLE ('',( #3254 ) ) ;
#3254 = SURFACE_STYLE_FILL_AREA ( #3255 ) ;
#3255 = FILL_AREA_STYLE ('',( #3262 ) ) ;
#3256 = COLOUR_RGB ( '',0.7529411764705882200, 0.7529411764705882200, 0.7529411764705882200 ) ;
#3257 = FACE_OUTER_BOUND ( 'NONE', #561, .T. ) ;
#3258 = DIRECTION ( 'NONE',  ( -2.133167774366492200E-017, 1.000000000000000000, 3.602683583928408700E-015 ) ) ;
#3259 = VECTOR ( 'NONE', #3258, 1000.000000000000000 ) ;
#3260 = CARTESIAN_POINT ( 'NONE',  ( -14.24999999999997500, -3.399999999999980400, -7.950000000000057900 ) ) ;
#3261 = LINE ( 'NONE', #3260, #3259 ) ;
#3262 = FILL_AREA_STYLE_COLOUR ( '', #3256 ) ;
#3263 = CARTESIAN_POINT ( 'NONE',  ( -14.24999999999997500, -3.399999999999980400, -7.950000000000057900 ) ) ;
#3264 = DIRECTION ( 'NONE',  ( 3.472226957524089200E-015, 3.602683583928408700E-015, -1.000000000000000000 ) ) ;
#3265 = VECTOR ( 'NONE', #3264, 1000.000000000000000 ) ;
#3266 = CARTESIAN_POINT ( 'NONE',  ( -14.24999999999997300, -3.399999999999978600, -8.450000000000057900 ) ) ;
#3267 = LINE ( 'NONE', #3266, #3265 ) ;
#3268 = CARTESIAN_POINT ( 'NONE',  ( -14.24999999999997300, -3.399999999999978600, -8.450000000000057900 ) ) ;
#3269 = DIRECTION ( 'NONE',  ( 1.297518949922157600E-016, -1.000000000000000000, -3.602683583928407900E-015 ) ) ;
#3270 = VECTOR ( 'NONE', #3269, 1000.000000000000000 ) ;
#3271 = CARTESIAN_POINT ( 'NONE',  ( -14.24999999999997300, 3.650000000000025700, -8.450000000000031300 ) ) ;
#3272 = LINE ( 'NONE', #3271, #3270 ) ;
#3273 = DIRECTION ( 'NONE',  ( -1.297518949922157600E-016, 1.000000000000000000, 3.602683583928407900E-015 ) ) ;
#3274 = UNCERTAINTY_MEASURE_WITH_UNIT (LENGTH_MEASURE( 1.000000000000000100E-005 ), #3277, 'distance_accuracy_value', 'NONE');
#3275 =( NAMED_UNIT ( * ) SI_UNIT ( $, .STERADIAN. ) SOLID_ANGLE_UNIT ( ) );
#3276 =( NAMED_UNIT ( * ) PLANE_ANGLE_UNIT ( ) SI_UNIT ( $, .RADIAN. ) );
#3277 =( LENGTH_UNIT ( ) NAMED_UNIT ( * ) SI_UNIT ( .MILLI., .METRE. ) );
#3278 = MECHANICAL_DESIGN_GEOMETRIC_PRESENTATION_REPRESENTATION (  '', ( #3280 ), #3330 ) ;
#3279 = PRESENTATION_LAYER_ASSIGNMENT (  '', '', ( #3280 ) ) ;
#3280 = STYLED_ITEM ( 'NONE', ( #3281 ), #572 ) ;
#3281 = PRESENTATION_STYLE_ASSIGNMENT (( #3282 ) ) ;
#3282 = SURFACE_STYLE_USAGE ( .BOTH. , #3283 ) ;
#3283 = SURFACE_SIDE_STYLE ('',( #3284 ) ) ;
#3284 = SURFACE_STYLE_FILL_AREA ( #3285 ) ;
#3285 = FILL_AREA_STYLE ('',( #3286 ) ) ;
#3286 = FILL_AREA_STYLE_COLOUR ( '', #3287 ) ;
#3287 = COLOUR_RGB ( '',0.7529411764705882200, 0.7529411764705882200, 0.7529411764705882200 ) ;
#3288 = FACE_OUTER_BOUND ( 'NONE', #573, .T. ) ;
#3289 = CARTESIAN_POINT ( 'NONE',  ( -14.24999999999997300, 3.650000000000025700, -8.450000000000031300 ) ) ;
#3290 = DIRECTION ( 'NONE',  ( -1.000000000000000000, -1.297518949922035300E-016, -3.472226957524090000E-015 ) ) ;
#3291 = VECTOR ( 'NONE', #3290, 1000.000000000000000 ) ;
#3292 = CARTESIAN_POINT ( 'NONE',  ( -13.74999999999997200, 3.650000000000025700, -8.450000000000031300 ) ) ;
#3293 = LINE ( 'NONE', #3292, #3291 ) ;
#3294 = CARTESIAN_POINT ( 'NONE',  ( -13.74999999999997200, 3.650000000000025700, -8.450000000000031300 ) ) ;
#3295 = DIRECTION ( 'NONE',  ( 3.472226957524089200E-015, 3.602683583928408700E-015, -1.000000000000000000 ) ) ;
#3296 = VECTOR ( 'NONE', #3295, 1000.000000000000000 ) ;
#3297 = CARTESIAN_POINT ( 'NONE',  ( -13.74999999999999300, 3.650000000000004800, -2.600000000000031200 ) ) ;
#3298 = LINE ( 'NONE', #3297, #3296 ) ;
#3299 = DIRECTION ( 'NONE',  ( 1.000000000000000000, 1.297518949922035300E-016, 3.472226957524090000E-015 ) ) ;
#3300 = DIRECTION ( 'NONE',  ( 1.297518949922160300E-016, -1.000000000000000000, -3.602683583928407900E-015 ) ) ;
#3301 = CARTESIAN_POINT ( 'NONE',  ( -13.74999999999999300, 3.650000000000004800, -2.600000000000031200 ) ) ;
#3302 = AXIS2_PLACEMENT_3D ( 'NONE', #3301, #3300, #3299 ) ;
#3303 = PLANE ( 'NONE',  #3302 ) ;
#3304 =( GEOMETRIC_REPRESENTATION_CONTEXT ( 3 ) GLOBAL_UNCERTAINTY_ASSIGNED_CONTEXT ( ( #3244 ) ) GLOBAL_UNIT_ASSIGNED_CONTEXT ( ( #3247, #3246, #3245 ) ) REPRESENTATION_CONTEXT ( 'NONE', 'WORKASPACE' ) );
#3305 =( GEOMETRIC_REPRESENTATION_CONTEXT ( 3 ) GLOBAL_UNCERTAINTY_ASSIGNED_CONTEXT ( ( #3306 ) ) GLOBAL_UNIT_ASSIGNED_CONTEXT ( ( #3309, #3308, #3307 ) ) REPRESENTATION_CONTEXT ( 'NONE', 'WORKASPACE' ) );
#3306 = UNCERTAINTY_MEASURE_WITH_UNIT (LENGTH_MEASURE( 1.000000000000000100E-005 ), #3309, 'distance_accuracy_value', 'NONE');
#3307 =( NAMED_UNIT ( * ) SI_UNIT ( $, .STERADIAN. ) SOLID_ANGLE_UNIT ( ) );
#3308 =( NAMED_UNIT ( * ) PLANE_ANGLE_UNIT ( ) SI_UNIT ( $, .RADIAN. ) );
#3309 =( LENGTH_UNIT ( ) NAMED_UNIT ( * ) SI_UNIT ( .MILLI., .METRE. ) );
#3310 = MECHANICAL_DESIGN_GEOMETRIC_PRESENTATION_REPRESENTATION (  '', ( #3312 ), #3305 ) ;
#3311 = PRESENTATION_LAYER_ASSIGNMENT (  '', '', ( #3312 ) ) ;
#3312 = STYLED_ITEM ( 'NONE', ( #3313 ), #579 ) ;
#3313 = PRESENTATION_STYLE_ASSIGNMENT (( #3314 ) ) ;
#3314 = SURFACE_STYLE_USAGE ( .BOTH. , #3315 ) ;
#3315 = SURFACE_SIDE_STYLE ('',( #3316 ) ) ;
#3316 = SURFACE_STYLE_FILL_AREA ( #3317 ) ;
#3317 = FILL_AREA_STYLE ('',( #3324 ) ) ;
#3318 = COLOUR_RGB ( '',0.7529411764705882200, 0.7529411764705882200, 0.7529411764705882200 ) ;
#3319 = FACE_OUTER_BOUND ( 'NONE', #580, .T. ) ;
#3320 = DIRECTION ( 'NONE',  ( 3.472226957524089200E-015, 3.602683583928408700E-015, -1.000000000000000000 ) ) ;
#3321 = VECTOR ( 'NONE', #3320, 1000.000000000000000 ) ;
#3322 = CARTESIAN_POINT ( 'NONE',  ( -14.24999999999999300, 3.650000000000004800, -2.600000000000033000 ) ) ;
#3323 = LINE ( 'NONE', #3322, #3321 ) ;
#3324 = FILL_AREA_STYLE_COLOUR ( '', #3318 ) ;
#3325 = DIRECTION ( 'NONE',  ( -1.297518949922157600E-016, 1.000000000000000000, 3.602683583928407900E-015 ) ) ;
#3326 = DIRECTION ( 'NONE',  ( 1.000000000000000000, 1.297518949922032600E-016, 3.472226957524090000E-015 ) ) ;
#3327 = CARTESIAN_POINT ( 'NONE',  ( -14.24999999999999300, 3.650000000000004800, -2.600000000000033000 ) ) ;
#3328 = AXIS2_PLACEMENT_3D ( 'NONE', #3327, #3326, #3325 ) ;
#3329 = PLANE ( 'NONE',  #3328 ) ;
#3330 =( GEOMETRIC_REPRESENTATION_CONTEXT ( 3 ) GLOBAL_UNCERTAINTY_ASSIGNED_CONTEXT ( ( #3274 ) ) GLOBAL_UNIT_ASSIGNED_CONTEXT ( ( #3277, #3276, #3275 ) ) REPRESENTATION_CONTEXT ( 'NONE', 'WORKASPACE' ) );
#3331 =( LENGTH_UNIT ( ) NAMED_UNIT ( * ) SI_UNIT ( .MILLI., .METRE. ) );
#3332 = MECHANICAL_DESIGN_GEOMETRIC_PRESENTATION_REPRESENTATION (  '', ( #3334 ), #3389 ) ;
#3333 = PRESENTATION_LAYER_ASSIGNMENT (  '', '', ( #3334 ) ) ;
#3334 = STYLED_ITEM ( 'NONE', ( #3335 ), #590 ) ;
#3335 = PRESENTATION_STYLE_ASSIGNMENT (( #3336 ) ) ;
#3336 = SURFACE_STYLE_USAGE ( .BOTH. , #3337 ) ;
#3337 = SURFACE_SIDE_STYLE ('',( #3338 ) ) ;
#3338 = SURFACE_STYLE_FILL_AREA ( #3339 ) ;
#3339 = FILL_AREA_STYLE ('',( #3346 ) ) ;
#3340 = COLOUR_RGB ( '',0.7529411764705882200, 0.7529411764705882200, 0.7529411764705882200 ) ;
#3341 = FACE_OUTER_BOUND ( 'NONE', #591, .T. ) ;
#3342 = DIRECTION ( 'NONE',  ( -1.297518949922157600E-016, 1.000000000000000000, 3.602683583928407900E-015 ) ) ;
#3343 = VECTOR ( 'NONE', #3342, 1000.000000000000000 ) ;
#3344 = CARTESIAN_POINT ( 'NONE',  ( -15.74999999999999300, 3.650000000000004800, -2.600000000000036500 ) ) ;
#3345 = LINE ( 'NONE', #3344, #3343 ) ;
#3346 = FILL_AREA_STYLE_COLOUR ( '', #3340 ) ;
#3347 = CARTESIAN_POINT ( 'NONE',  ( -15.74999999999999300, 3.150000000000004400, -2.600000000000037800 ) ) ;
#3348 = DIRECTION ( 'NONE',  ( 1.000000000000000000, 2.381721122407539800E-016, 3.472226957524090400E-015 ) ) ;
#3349 = VECTOR ( 'NONE', #3348, 1000.000000000000000 ) ;
#3350 = CARTESIAN_POINT ( 'NONE',  ( -15.74999999999999300, 3.150000000000004400, -2.600000000000037800 ) ) ;
#3351 = LINE ( 'NONE', #3350, #3349 ) ;
#3352 = ORIENTED_EDGE ( 'NONE', *, *, #3582, .F. ) ;
#3353 = CARTESIAN_POINT ( 'NONE',  ( -16.24999999999999300, 3.150000000000004400, -2.600000000000040500 ) ) ;
#3354 = DIRECTION ( 'NONE',  ( 1.297518949922157600E-016, -1.000000000000000000, -3.602683583928407900E-015 ) ) ;
#3355 = VECTOR ( 'NONE', #3354, 1000.000000000000000 ) ;
#3356 = CARTESIAN_POINT ( 'NONE',  ( -16.24999999999999300, 3.650000000000004800, -2.600000000000038700 ) ) ;
#3357 = LINE ( 'NONE', #3356, #3355 ) ;
#3358 = DIRECTION ( 'NONE',  ( 3.472226957524089200E-015, 3.602683583928408700E-015, -1.000000000000000000 ) ) ;
#3359 = VECTOR ( 'NONE', #3358, 1000.000000000000000 ) ;
#3360 = CARTESIAN_POINT ( 'NONE',  ( -16.24999999999999300, 3.650000000000004800, -2.600000000000038700 ) ) ;
#3361 = LINE ( 'NONE', #3360, #3359 ) ;
#3362 = DIRECTION ( 'NONE',  ( 1.000000000000000000, 1.297518949922035300E-016, 3.472226957524090000E-015 ) ) ;
#3363 = DIRECTION ( 'NONE',  ( 1.297518949922160300E-016, -1.000000000000000000, -3.602683583928407900E-015 ) ) ;
#3364 = CARTESIAN_POINT ( 'NONE',  ( -13.74999999999999300, 3.650000000000004800, -2.600000000000031200 ) ) ;
#3365 = AXIS2_PLACEMENT_3D ( 'NONE', #3364, #3363, #3362 ) ;
#3366 = PLANE ( 'NONE',  #3365 ) ;
#3367 =( NAMED_UNIT ( * ) PLANE_ANGLE_UNIT ( ) SI_UNIT ( $, .RADIAN. ) );
#3368 =( LENGTH_UNIT ( ) NAMED_UNIT ( * ) SI_UNIT ( .MILLI., .METRE. ) );
#3369 = MECHANICAL_DESIGN_GEOMETRIC_PRESENTATION_REPRESENTATION (  '', ( #3371 ), #3417 ) ;
#3370 = PRESENTATION_LAYER_ASSIGNMENT (  '', '', ( #3371 ) ) ;
#3371 = STYLED_ITEM ( 'NONE', ( #3372 ), #597 ) ;
#3372 = PRESENTATION_STYLE_ASSIGNMENT (( #3373 ) ) ;
#3373 = SURFACE_STYLE_USAGE ( .BOTH. , #3374 ) ;
#3374 = SURFACE_SIDE_STYLE ('',( #3375 ) ) ;
#3375 = SURFACE_STYLE_FILL_AREA ( #3376 ) ;
#3376 = FILL_AREA_STYLE ('',( #3383 ) ) ;
#3377 = COLOUR_RGB ( '',0.7529411764705882200, 0.7529411764705882200, 0.7529411764705882200 ) ;
#3378 = FACE_OUTER_BOUND ( 'NONE', #542, .T. ) ;
#3379 = DIRECTION ( 'NONE',  ( 3.472226957524089200E-015, 3.602683583928408700E-015, -1.000000000000000000 ) ) ;
#3380 = VECTOR ( 'NONE', #3379, 1000.000000000000000 ) ;
#3381 = CARTESIAN_POINT ( 'NONE',  ( -15.74999999999999300, 3.150000000000004400, -2.600000000000037800 ) ) ;
#3382 = LINE ( 'NONE', #3381, #3380 ) ;
#3383 = FILL_AREA_STYLE_COLOUR ( '', #3377 ) ;
#3384 = DIRECTION ( 'NONE',  ( 1.297518949922157600E-016, -1.000000000000000000, -3.602683583928407900E-015 ) ) ;
#3385 = DIRECTION ( 'NONE',  ( -1.000000000000000000, -1.297518949922032600E-016, -3.472226957524090000E-015 ) ) ;
#3386 = CARTESIAN_POINT ( 'NONE',  ( -15.74999999999999300, 3.650000000000004800, -2.600000000000036500 ) ) ;
#3387 = AXIS2_PLACEMENT_3D ( 'NONE', #3386, #3385, #3384 ) ;
#3388 = PLANE ( 'NONE',  #3387 ) ;
#3389 =( GEOMETRIC_REPRESENTATION_CONTEXT ( 3 ) GLOBAL_UNCERTAINTY_ASSIGNED_CONTEXT ( ( #3390 ) ) GLOBAL_UNIT_ASSIGNED_CONTEXT ( ( #3331, #3392, #3391 ) ) REPRESENTATION_CONTEXT ( 'NONE', 'WORKASPACE' ) );
#3390 = UNCERTAINTY_MEASURE_WITH_UNIT (LENGTH_MEASURE( 1.000000000000000100E-005 ), #3331, 'distance_accuracy_value', 'NONE');
#3391 =( NAMED_UNIT ( * ) SI_UNIT ( $, .STERADIAN. ) SOLID_ANGLE_UNIT ( ) );
#3392 =( NAMED_UNIT ( * ) PLANE_ANGLE_UNIT ( ) SI_UNIT ( $, .RADIAN. ) );
#3393 = UNCERTAINTY_MEASURE_WITH_UNIT (LENGTH_MEASURE( 1.000000000000000100E-005 ), #3396, 'distance_accuracy_value', 'NONE');
#3394 =( NAMED_UNIT ( * ) SI_UNIT ( $, .STERADIAN. ) SOLID_ANGLE_UNIT ( ) );
#3395 =( NAMED_UNIT ( * ) PLANE_ANGLE_UNIT ( ) SI_UNIT ( $, .RADIAN. ) );
#3396 =( LENGTH_UNIT ( ) NAMED_UNIT ( * ) SI_UNIT ( .MILLI., .METRE. ) );
#3397 = MECHANICAL_DESIGN_GEOMETRIC_PRESENTATION_REPRESENTATION (  '', ( #3399 ), #3446 ) ;
#3398 = PRESENTATION_LAYER_ASSIGNMENT (  '', '', ( #3399 ) ) ;
#3399 = STYLED_ITEM ( 'NONE', ( #3400 ), #603 ) ;
#3400 = PRESENTATION_STYLE_ASSIGNMENT (( #3401 ) ) ;
#3401 = SURFACE_STYLE_USAGE ( .BOTH. , #3402 ) ;
#3402 = SURFACE_SIDE_STYLE ('',( #3403 ) ) ;
#3403 = SURFACE_STYLE_FILL_AREA ( #3404 ) ;
#3404 = FILL_AREA_STYLE ('',( #3411 ) ) ;
#3405 = COLOUR_RGB ( '',0.7529411764705882200, 0.7529411764705882200, 0.7529411764705882200 ) ;
#3406 = FACE_OUTER_BOUND ( 'NONE', #604, .T. ) ;
#3407 = DIRECTION ( 'NONE',  ( 1.000000000000000000, 2.133167774365308900E-017, 3.472226957524089600E-015 ) ) ;
#3408 = VECTOR ( 'NONE', #3407, 1000.000000000000000 ) ;
#3409 = CARTESIAN_POINT ( 'NONE',  ( -14.24999999999997300, -3.399999999999978600, -8.450000000000057900 ) ) ;
#3410 = LINE ( 'NONE', #3409, #3408 ) ;
#3411 = FILL_AREA_STYLE_COLOUR ( '', #3405 ) ;
#3412 = DIRECTION ( 'NONE',  ( -1.000000000000000000, -1.297518949922035300E-016, -3.472226957524090000E-015 ) ) ;
#3413 = DIRECTION ( 'NONE',  ( -3.472226957524089600E-015, -3.602683583928408700E-015, 1.000000000000000000 ) ) ;
#3414 = CARTESIAN_POINT ( 'NONE',  ( -14.24999999999997300, 3.650000000000025700, -8.450000000000031300 ) ) ;
#3415 = AXIS2_PLACEMENT_3D ( 'NONE', #3414, #3413, #3412 ) ;
#3416 = PLANE ( 'NONE',  #3415 ) ;
#3417 =( GEOMETRIC_REPRESENTATION_CONTEXT ( 3 ) GLOBAL_UNCERTAINTY_ASSIGNED_CONTEXT ( ( #3418 ) ) GLOBAL_UNIT_ASSIGNED_CONTEXT ( ( #3368, #3367, #173 ) ) REPRESENTATION_CONTEXT ( 'NONE', 'WORKASPACE' ) );
#3418 = UNCERTAINTY_MEASURE_WITH_UNIT (LENGTH_MEASURE( 1.000000000000000100E-005 ), #3368, 'distance_accuracy_value', 'NONE');
#3419 =( GEOMETRIC_REPRESENTATION_CONTEXT ( 3 ) GLOBAL_UNCERTAINTY_ASSIGNED_CONTEXT ( ( #3420 ) ) GLOBAL_UNIT_ASSIGNED_CONTEXT ( ( #3423, #3422, #3421 ) ) REPRESENTATION_CONTEXT ( 'NONE', 'WORKASPACE' ) );
#3420 = UNCERTAINTY_MEASURE_WITH_UNIT (LENGTH_MEASURE( 1.000000000000000100E-005 ), #3423, 'distance_accuracy_value', 'NONE');
#3421 =( NAMED_UNIT ( * ) SI_UNIT ( $, .STERADIAN. ) SOLID_ANGLE_UNIT ( ) );
#3422 =( NAMED_UNIT ( * ) PLANE_ANGLE_UNIT ( ) SI_UNIT ( $, .RADIAN. ) );
#3423 =( LENGTH_UNIT ( ) NAMED_UNIT ( * ) SI_UNIT ( .MILLI., .METRE. ) );
#3424 = MECHANICAL_DESIGN_GEOMETRIC_PRESENTATION_REPRESENTATION (  '', ( #3426 ), #3419 ) ;
#3425 = PRESENTATION_LAYER_ASSIGNMENT (  '', '', ( #3426 ) ) ;
#3426 = STYLED_ITEM ( 'NONE', ( #3427 ), #611 ) ;
#3427 = PRESENTATION_STYLE_ASSIGNMENT (( #3428 ) ) ;
#3428 = SURFACE_STYLE_USAGE ( .BOTH. , #3429 ) ;
#3429 = SURFACE_SIDE_STYLE ('',( #3430 ) ) ;
#3430 = SURFACE_STYLE_FILL_AREA ( #3431 ) ;
#3431 = FILL_AREA_STYLE ('',( #3432 ) ) ;
#3432 = FILL_AREA_STYLE_COLOUR ( '', #3433 ) ;
#3433 = COLOUR_RGB ( '',0.7529411764705882200, 0.7529411764705882200, 0.7529411764705882200 ) ;
#3434 = FACE_OUTER_BOUND ( 'NONE', #612, .T. ) ;
#3435 = CARTESIAN_POINT ( 'NONE',  ( -16.24999999999999300, 3.650000000000004800, -2.600000000000038700 ) ) ;
#3436 = CARTESIAN_POINT ( 'NONE',  ( -15.74999999999999300, 3.650000000000004800, -2.600000000000036500 ) ) ;
#3437 = DIRECTION ( 'NONE',  ( -1.000000000000000000, -1.297518949922035300E-016, -3.472226957524090000E-015 ) ) ;
#3438 = VECTOR ( 'NONE', #3437, 1000.000000000000000 ) ;
#3439 = CARTESIAN_POINT ( 'NONE',  ( -15.74999999999999300, 3.650000000000004800, -2.600000000000036500 ) ) ;
#3440 = LINE ( 'NONE', #3439, #3438 ) ;
#3441 = DIRECTION ( 'NONE',  ( -1.000000000000000000, -1.297518949922035300E-016, -3.472226957524090000E-015 ) ) ;
#3442 = DIRECTION ( 'NONE',  ( -3.472226957524089600E-015, -3.602683583928408700E-015, 1.000000000000000000 ) ) ;
#3443 = CARTESIAN_POINT ( 'NONE',  ( -16.24999999999999300, 3.650000000000004800, -2.600000000000038700 ) ) ;
#3444 = AXIS2_PLACEMENT_3D ( 'NONE', #3443, #3442, #3441 ) ;
#3445 = PLANE ( 'NONE',  #3444 ) ;
#3446 =( GEOMETRIC_REPRESENTATION_CONTEXT ( 3 ) GLOBAL_UNCERTAINTY_ASSIGNED_CONTEXT ( ( #3393 ) ) GLOBAL_UNIT_ASSIGNED_CONTEXT ( ( #3396, #3395, #3394 ) ) REPRESENTATION_CONTEXT ( 'NONE', 'WORKASPACE' ) );
#3447 = CARTESIAN_POINT ( 'NONE',  ( -16.24999999999997200, 3.650000000000025700, -8.450000000000038400 ) ) ;
#3448 = DIRECTION ( 'NONE',  ( -1.000000000000000000, -1.297518949922035300E-016, -3.472226957524090000E-015 ) ) ;
#3449 = VECTOR ( 'NONE', #3448, 1000.000000000000000 ) ;
#3450 = CARTESIAN_POINT ( 'NONE',  ( -15.74999999999997200, 3.650000000000025700, -8.450000000000036600 ) ) ;
#3451 = LINE ( 'NONE', #3450, #3449 ) ;
#3452 = CARTESIAN_POINT ( 'NONE',  ( -15.74999999999997200, 3.650000000000025700, -8.450000000000036600 ) ) ;
#3453 = DIRECTION ( 'NONE',  ( 3.472226957524089200E-015, 3.602683583928408700E-015, -1.000000000000000000 ) ) ;
#3454 = VECTOR ( 'NONE', #3453, 1000.000000000000000 ) ;
#3455 = CARTESIAN_POINT ( 'NONE',  ( -15.74999999999999300, 3.650000000000004800, -2.600000000000036500 ) ) ;
#3456 = LINE ( 'NONE', #3455, #3454 ) ;
#3457 = DIRECTION ( 'NONE',  ( -1.297518949922157600E-016, 1.000000000000000000, 3.602683583928407900E-015 ) ) ;
#3458 = VECTOR ( 'NONE', #3457, 1000.000000000000000 ) ;
#3459 = CARTESIAN_POINT ( 'NONE',  ( -13.74999999999997200, 3.650000000000025700, -8.450000000000031300 ) ) ;
#3460 = LINE ( 'NONE', #3459, #3458 ) ;
#3461 = CARTESIAN_POINT ( 'NONE',  ( -13.74999999999997200, -3.399999999999977700, -8.450000000000056100 ) ) ;
#3462 = DIRECTION ( 'NONE',  ( -3.472226957524089200E-015, -3.602683583928408700E-015, 1.000000000000000000 ) ) ;
#3463 = VECTOR ( 'NONE', #3462, 1000.000000000000000 ) ;
#3464 = CARTESIAN_POINT ( 'NONE',  ( -13.74999999999997200, -3.399999999999977700, -8.450000000000056100 ) ) ;
#3465 = LINE ( 'NONE', #3464, #3463 ) ;
#3466 = CARTESIAN_POINT ( 'NONE',  ( -13.74999999999997300, -3.399999999999979500, -7.950000000000056100 ) ) ;
#3467 = DIRECTION ( 'NONE',  ( -2.133167774366492200E-017, 1.000000000000000000, 3.602683583928408700E-015 ) ) ;
#3468 = VECTOR ( 'NONE', #3467, 1000.000000000000000 ) ;
#3469 = CARTESIAN_POINT ( 'NONE',  ( -13.74999999999997300, -3.399999999999979500, -7.950000000000056100 ) ) ;
#3470 = LINE ( 'NONE', #3469, #3468 ) ;
#3471 = DIRECTION ( 'NONE',  ( 1.297518949922157600E-016, -1.000000000000000000, -3.602683583928407900E-015 ) ) ;
#3472 = DIRECTION ( 'NONE',  ( -1.000000000000000000, -1.297518949922032600E-016, -3.472226957524090000E-015 ) ) ;
#3473 = CARTESIAN_POINT ( 'NONE',  ( -13.74999999999999300, 3.650000000000004800, -2.600000000000031200 ) ) ;
#3474 = AXIS2_PLACEMENT_3D ( 'NONE', #3473, #3472, #3471 ) ;
#3475 = PLANE ( 'NONE',  #3474 ) ;
#3476 = PRESENTATION_STYLE_ASSIGNMENT (( #3477 ) ) ;
#3477 = SURFACE_STYLE_USAGE ( .BOTH. , #3478 ) ;
#3478 = SURFACE_SIDE_STYLE ('',( #3479 ) ) ;
#3479 = SURFACE_STYLE_FILL_AREA ( #3480 ) ;
#3480 = FILL_AREA_STYLE ('',( #3487 ) ) ;
#3481 = COLOUR_RGB ( '',0.7529411764705882200, 0.7529411764705882200, 0.7529411764705882200 ) ;
#3482 = FACE_OUTER_BOUND ( 'NONE', #643, .T. ) ;
#3483 = DIRECTION ( 'NONE',  ( -1.297518949922157600E-016, 1.000000000000000000, 3.602683583928407900E-015 ) ) ;
#3484 = DIRECTION ( 'NONE',  ( 1.000000000000000000, 1.297518949922032600E-016, 3.472226957524090000E-015 ) ) ;
#3485 = CARTESIAN_POINT ( 'NONE',  ( -16.24999999999999300, 3.650000000000004800, -2.600000000000038700 ) ) ;
#3486 = AXIS2_PLACEMENT_3D ( 'NONE', #3485, #3484, #3483 ) ;
#3487 = FILL_AREA_STYLE_COLOUR ( '', #3481 ) ;
#3488 = PLANE ( 'NONE',  #3486 ) ;
#3489 =( GEOMETRIC_REPRESENTATION_CONTEXT ( 3 ) GLOBAL_UNCERTAINTY_ASSIGNED_CONTEXT ( ( #3490 ) ) GLOBAL_UNIT_ASSIGNED_CONTEXT ( ( #3493, #3492, #3491 ) ) REPRESENTATION_CONTEXT ( 'NONE', 'WORKASPACE' ) );
#3490 = UNCERTAINTY_MEASURE_WITH_UNIT (LENGTH_MEASURE( 1.000000000000000100E-005 ), #3493, 'distance_accuracy_value', 'NONE');
#3491 =( NAMED_UNIT ( * ) SI_UNIT ( $, .STERADIAN. ) SOLID_ANGLE_UNIT ( ) );
#3492 =( NAMED_UNIT ( * ) PLANE_ANGLE_UNIT ( ) SI_UNIT ( $, .RADIAN. ) );
#3493 =( LENGTH_UNIT ( ) NAMED_UNIT ( * ) SI_UNIT ( .MILLI., .METRE. ) );
#3494 = MECHANICAL_DESIGN_GEOMETRIC_PRESENTATION_REPRESENTATION (  '', ( #3496 ), #3489 ) ;
#3495 = PRESENTATION_LAYER_ASSIGNMENT (  '', '', ( #3496 ) ) ;
#3496 = STYLED_ITEM ( 'NONE', ( #3497 ), #634 ) ;
#3497 = PRESENTATION_STYLE_ASSIGNMENT (( #3498 ) ) ;
#3498 = SURFACE_STYLE_USAGE ( .BOTH. , #3499 ) ;
#3499 = SURFACE_SIDE_STYLE ('',( #3500 ) ) ;
#3500 = SURFACE_STYLE_FILL_AREA ( #3501 ) ;
#3501 = FILL_AREA_STYLE ('',( #3508 ) ) ;
#3502 = COLOUR_RGB ( '',0.7529411764705882200, 0.7529411764705882200, 0.7529411764705882200 ) ;
#3503 = FACE_OUTER_BOUND ( 'NONE', #635, .T. ) ;
#3504 = DIRECTION ( 'NONE',  ( 3.472226957524089200E-015, 3.602683583928408700E-015, -1.000000000000000000 ) ) ;
#3505 = VECTOR ( 'NONE', #3504, 1000.000000000000000 ) ;
#3506 = CARTESIAN_POINT ( 'NONE',  ( -16.24999999999999300, 3.650000000000004800, -2.600000000000038700 ) ) ;
#3507 = LINE ( 'NONE', #3506, #3505 ) ;
#3508 = FILL_AREA_STYLE_COLOUR ( '', #3502 ) ;
#3509 =( NAMED_UNIT ( * ) PLANE_ANGLE_UNIT ( ) SI_UNIT ( $, .RADIAN. ) );
#3510 =( LENGTH_UNIT ( ) NAMED_UNIT ( * ) SI_UNIT ( .MILLI., .METRE. ) );
#3511 = MECHANICAL_DESIGN_GEOMETRIC_PRESENTATION_REPRESENTATION (  '', ( #3513 ), #3559 ) ;
#3512 = PRESENTATION_LAYER_ASSIGNMENT (  '', '', ( #3513 ) ) ;
#3513 = STYLED_ITEM ( 'NONE', ( #3514 ), #648 ) ;
#3514 = PRESENTATION_STYLE_ASSIGNMENT (( #3515 ) ) ;
#3515 = SURFACE_STYLE_USAGE ( .BOTH. , #3516 ) ;
#3516 = SURFACE_SIDE_STYLE ('',( #3517 ) ) ;
#3517 = SURFACE_STYLE_FILL_AREA ( #3518 ) ;
#3518 = FILL_AREA_STYLE ('',( #3525 ) ) ;
#3519 = COLOUR_RGB ( '',0.7529411764705882200, 0.7529411764705882200, 0.7529411764705882200 ) ;
#3520 = FACE_OUTER_BOUND ( 'NONE', #649, .T. ) ;
#3521 = DIRECTION ( 'NONE',  ( 1.000000000000000000, 1.297518949922035300E-016, 3.472226957524090000E-015 ) ) ;
#3522 = DIRECTION ( 'NONE',  ( 1.297518949922160300E-016, -1.000000000000000000, -3.602683583928407900E-015 ) ) ;
#3523 = CARTESIAN_POINT ( 'NONE',  ( -15.74999999999999300, 3.650000000000004800, -2.600000000000036500 ) ) ;
#3524 = AXIS2_PLACEMENT_3D ( 'NONE', #3523, #3522, #3521 ) ;
#3525 = FILL_AREA_STYLE_COLOUR ( '', #3519 ) ;
#3526 = PLANE ( 'NONE',  #3524 ) ;
#3527 =( GEOMETRIC_REPRESENTATION_CONTEXT ( 3 ) GLOBAL_UNCERTAINTY_ASSIGNED_CONTEXT ( ( #3528 ) ) GLOBAL_UNIT_ASSIGNED_CONTEXT ( ( #3531, #3530, #3529 ) ) REPRESENTATION_CONTEXT ( 'NONE', 'WORKASPACE' ) );
#3528 = UNCERTAINTY_MEASURE_WITH_UNIT (LENGTH_MEASURE( 1.000000000000000100E-005 ), #3531, 'distance_accuracy_value', 'NONE');
#3529 =( NAMED_UNIT ( * ) SI_UNIT ( $, .STERADIAN. ) SOLID_ANGLE_UNIT ( ) );
#3530 =( NAMED_UNIT ( * ) PLANE_ANGLE_UNIT ( ) SI_UNIT ( $, .RADIAN. ) );
#3531 =( LENGTH_UNIT ( ) NAMED_UNIT ( * ) SI_UNIT ( .MILLI., .METRE. ) );
#3532 = MECHANICAL_DESIGN_GEOMETRIC_PRESENTATION_REPRESENTATION (  '', ( #3534 ), #3527 ) ;
#3533 = PRESENTATION_LAYER_ASSIGNMENT (  '', '', ( #3534 ) ) ;
#3534 = STYLED_ITEM ( 'NONE', ( #3476 ), #642 ) ;
#3535 = UNCERTAINTY_MEASURE_WITH_UNIT (LENGTH_MEASURE( 1.000000000000000100E-005 ), #3538, 'distance_accuracy_value', 'NONE');
#3536 =( NAMED_UNIT ( * ) SI_UNIT ( $, .STERADIAN. ) SOLID_ANGLE_UNIT ( ) );
#3537 =( NAMED_UNIT ( * ) PLANE_ANGLE_UNIT ( ) SI_UNIT ( $, .RADIAN. ) );
#3538 =( LENGTH_UNIT ( ) NAMED_UNIT ( * ) SI_UNIT ( .MILLI., .METRE. ) );
#3539 = MECHANICAL_DESIGN_GEOMETRIC_PRESENTATION_REPRESENTATION (  '', ( #3541 ), #3588 ) ;
#3540 = PRESENTATION_LAYER_ASSIGNMENT (  '', '', ( #3541 ) ) ;
#3541 = STYLED_ITEM ( 'NONE', ( #3542 ), #653 ) ;
#3542 = PRESENTATION_STYLE_ASSIGNMENT (( #3543 ) ) ;
#3543 = SURFACE_STYLE_USAGE ( .BOTH. , #3544 ) ;
#3544 = SURFACE_SIDE_STYLE ('',( #3545 ) ) ;
#3545 = SURFACE_STYLE_FILL_AREA ( #3546 ) ;
#3546 = FILL_AREA_STYLE ('',( #3553 ) ) ;
#3547 = COLOUR_RGB ( '',0.7529411764705882200, 0.7529411764705882200, 0.7529411764705882200 ) ;
#3548 = FACE_OUTER_BOUND ( 'NONE', #654, .T. ) ;
#3549 = DIRECTION ( 'NONE',  ( 3.472226957524089200E-015, 3.602683583928408700E-015, -1.000000000000000000 ) ) ;
#3550 = VECTOR ( 'NONE', #3549, 1000.000000000000000 ) ;
#3551 = CARTESIAN_POINT ( 'NONE',  ( -15.74999999999999300, 3.650000000000004800, -2.600000000000036500 ) ) ;
#3552 = LINE ( 'NONE', #3551, #3550 ) ;
#3553 = FILL_AREA_STYLE_COLOUR ( '', #3547 ) ;
#3554 = DIRECTION ( 'NONE',  ( 1.000000000000000000, 1.297518949922035300E-016, 3.472226957524090000E-015 ) ) ;
#3555 = DIRECTION ( 'NONE',  ( 1.297518949922160300E-016, -1.000000000000000000, -3.602683583928407900E-015 ) ) ;
#3556 = CARTESIAN_POINT ( 'NONE',  ( -15.74999999999999300, 3.650000000000004800, -2.600000000000036500 ) ) ;
#3557 = AXIS2_PLACEMENT_3D ( 'NONE', #3556, #3555, #3554 ) ;
#3558 = PLANE ( 'NONE',  #3557 ) ;
#3559 =( GEOMETRIC_REPRESENTATION_CONTEXT ( 3 ) GLOBAL_UNCERTAINTY_ASSIGNED_CONTEXT ( ( #3560 ) ) GLOBAL_UNIT_ASSIGNED_CONTEXT ( ( #3510, #3509, #3561 ) ) REPRESENTATION_CONTEXT ( 'NONE', 'WORKASPACE' ) );
#3560 = UNCERTAINTY_MEASURE_WITH_UNIT (LENGTH_MEASURE( 1.000000000000000100E-005 ), #3510, 'distance_accuracy_value', 'NONE');
#3561 =( NAMED_UNIT ( * ) SI_UNIT ( $, .STERADIAN. ) SOLID_ANGLE_UNIT ( ) );
#3562 =( GEOMETRIC_REPRESENTATION_CONTEXT ( 3 ) GLOBAL_UNCERTAINTY_ASSIGNED_CONTEXT ( ( #3563 ) ) GLOBAL_UNIT_ASSIGNED_CONTEXT ( ( #3566, #3565, #3564 ) ) REPRESENTATION_CONTEXT ( 'NONE', 'WORKASPACE' ) );
#3563 = UNCERTAINTY_MEASURE_WITH_UNIT (LENGTH_MEASURE( 1.000000000000000100E-005 ), #3566, 'distance_accuracy_value', 'NONE');
#3564 =( NAMED_UNIT ( * ) SI_UNIT ( $, .STERADIAN. ) SOLID_ANGLE_UNIT ( ) );
#3565 =( NAMED_UNIT ( * ) PLANE_ANGLE_UNIT ( ) SI_UNIT ( $, .RADIAN. ) );
#3566 =( LENGTH_UNIT ( ) NAMED_UNIT ( * ) SI_UNIT ( .MILLI., .METRE. ) );
#3567 = MECHANICAL_DESIGN_GEOMETRIC_PRESENTATION_REPRESENTATION (  '', ( #3569 ), #3562 ) ;
#3568 = PRESENTATION_LAYER_ASSIGNMENT (  '', '', ( #3569 ) ) ;
#3569 = STYLED_ITEM ( 'NONE', ( #3570 ), #660 ) ;
#3570 = PRESENTATION_STYLE_ASSIGNMENT (( #3571 ) ) ;
#3571 = SURFACE_STYLE_USAGE ( .BOTH. , #3572 ) ;
#3572 = SURFACE_SIDE_STYLE ('',( #3573 ) ) ;
#3573 = SURFACE_STYLE_FILL_AREA ( #3574 ) ;
#3574 = FILL_AREA_STYLE ('',( #3581 ) ) ;
#3575 = COLOUR_RGB ( '',0.7529411764705882200, 0.7529411764705882200, 0.7529411764705882200 ) ;
#3576 = FACE_OUTER_BOUND ( 'NONE', #661, .T. ) ;
#3577 = DIRECTION ( 'NONE',  ( 3.472226957524089200E-015, 3.602683583928408700E-015, -1.000000000000000000 ) ) ;
#3578 = VECTOR ( 'NONE', #3577, 1000.000000000000000 ) ;
#3579 = CARTESIAN_POINT ( 'NONE',  ( -16.24999999999999300, 3.150000000000004400, -2.600000000000040500 ) ) ;
#3580 = LINE ( 'NONE', #3579, #3578 ) ;
#3581 = FILL_AREA_STYLE_COLOUR ( '', #3575 ) ;
#3582 = EDGE_CURVE ( 'NONE', #189, #1407, #6069, .T. ) ;
#3583 = DIRECTION ( 'NONE',  ( -1.000000000000000000, -2.381721122407539800E-016, -3.472226957524090400E-015 ) ) ;
#3584 = DIRECTION ( 'NONE',  ( -2.381721122407665000E-016, 1.000000000000000000, 3.602683583928407900E-015 ) ) ;
#3585 = CARTESIAN_POINT ( 'NONE',  ( -15.74999999999999300, 3.150000000000004400, -2.600000000000037800 ) ) ;
#3586 = AXIS2_PLACEMENT_3D ( 'NONE', #3585, #3584, #3583 ) ;
#3587 = PLANE ( 'NONE',  #3586 ) ;
#3588 =( GEOMETRIC_REPRESENTATION_CONTEXT ( 3 ) GLOBAL_UNCERTAINTY_ASSIGNED_CONTEXT ( ( #3535 ) ) GLOBAL_UNIT_ASSIGNED_CONTEXT ( ( #3538, #3537, #3536 ) ) REPRESENTATION_CONTEXT ( 'NONE', 'WORKASPACE' ) );
#3589 = MECHANICAL_DESIGN_GEOMETRIC_PRESENTATION_REPRESENTATION (  '', ( #3591 ), #3650 ) ;
#3590 = PRESENTATION_LAYER_ASSIGNMENT (  '', '', ( #3591 ) ) ;
#3591 = STYLED_ITEM ( 'NONE', ( #3592 ), #676 ) ;
#3592 = PRESENTATION_STYLE_ASSIGNMENT (( #3593 ) ) ;
#3593 = SURFACE_STYLE_USAGE ( .BOTH. , #3594 ) ;
#3594 = SURFACE_SIDE_STYLE ('',( #3595 ) ) ;
#3595 = SURFACE_STYLE_FILL_AREA ( #3596 ) ;
#3596 = FILL_AREA_STYLE ('',( #3603 ) ) ;
#3597 = COLOUR_RGB ( '',0.7529411764705882200, 0.7529411764705882200, 0.7529411764705882200 ) ;
#3598 = FACE_OUTER_BOUND ( 'NONE', #677, .T. ) ;
#3599 = DIRECTION ( 'NONE',  ( -1.297518949922157600E-016, 1.000000000000000000, 3.602683583928407900E-015 ) ) ;
#3600 = VECTOR ( 'NONE', #3599, 1000.000000000000000 ) ;
#3601 = CARTESIAN_POINT ( 'NONE',  ( -17.74999999999999300, 3.650000000000003000, -2.600000000000043200 ) ) ;
#3602 = LINE ( 'NONE', #3601, #3600 ) ;
#3603 = FILL_AREA_STYLE_COLOUR ( '', #3597 ) ;
#3604 = CARTESIAN_POINT ( 'NONE',  ( -17.74999999999999300, 3.150000000000004400, -2.600000000000044900 ) ) ;
#3605 = DIRECTION ( 'NONE',  ( 1.000000000000000000, 2.381721122407539800E-016, 3.472226957524090400E-015 ) ) ;
#3606 = VECTOR ( 'NONE', #3605, 1000.000000000000000 ) ;
#3607 = CARTESIAN_POINT ( 'NONE',  ( -17.74999999999999300, 3.150000000000004400, -2.600000000000044900 ) ) ;
#3608 = LINE ( 'NONE', #3607, #3606 ) ;
#3609 = CARTESIAN_POINT ( 'NONE',  ( -18.24999999999999300, 3.150000000000004400, -2.600000000000046700 ) ) ;
#3610 = DIRECTION ( 'NONE',  ( 1.297518949922157600E-016, -1.000000000000000000, -3.602683583928407900E-015 ) ) ;
#3611 = VECTOR ( 'NONE', #3610, 1000.000000000000000 ) ;
#3612 = CARTESIAN_POINT ( 'NONE',  ( -18.24999999999999300, 3.650000000000003000, -2.600000000000044900 ) ) ;
#3613 = LINE ( 'NONE', #3612, #3611 ) ;
#3614 = CARTESIAN_POINT ( 'NONE',  ( -18.24999999999999300, 3.650000000000003000, -2.600000000000044900 ) ) ;
#3615 = CARTESIAN_POINT ( 'NONE',  ( -17.74999999999999300, 3.650000000000003000, -2.600000000000043200 ) ) ;
#3616 = DIRECTION ( 'NONE',  ( -1.000000000000000000, -1.297518949922035300E-016, -3.472226957524090000E-015 ) ) ;
#3617 = VECTOR ( 'NONE', #3616, 1000.000000000000000 ) ;
#3618 = CARTESIAN_POINT ( 'NONE',  ( -17.74999999999999300, 3.650000000000003000, -2.600000000000043200 ) ) ;
#3619 = LINE ( 'NONE', #3618, #3617 ) ;
#3620 = DIRECTION ( 'NONE',  ( -1.297518949922157600E-016, 1.000000000000000000, 3.602683583928407900E-015 ) ) ;
#3621 = DIRECTION ( 'NONE',  ( 1.000000000000000000, 1.297518949922032600E-016, 3.472226957524090000E-015 ) ) ;
#3622 = CARTESIAN_POINT ( 'NONE',  ( -16.24999999999999300, 3.650000000000004800, -2.600000000000038700 ) ) ;
#3623 = AXIS2_PLACEMENT_3D ( 'NONE', #3622, #3621, #3620 ) ;
#3624 = PLANE ( 'NONE',  #3623 ) ;
#3625 = MECHANICAL_DESIGN_GEOMETRIC_PRESENTATION_REPRESENTATION (  '', ( #3627 ), #3675 ) ;
#3626 = PRESENTATION_LAYER_ASSIGNMENT (  '', '', ( #3627 ) ) ;
#3627 = STYLED_ITEM ( 'NONE', ( #3628 ), #683 ) ;
#3628 = PRESENTATION_STYLE_ASSIGNMENT (( #3629 ) ) ;
#3629 = SURFACE_STYLE_USAGE ( .BOTH. , #3630 ) ;
#3630 = SURFACE_SIDE_STYLE ('',( #3631 ) ) ;
#3631 = SURFACE_STYLE_FILL_AREA ( #3632 ) ;
#3632 = FILL_AREA_STYLE ('',( #3639 ) ) ;
#3633 = COLOUR_RGB ( '',0.7529411764705882200, 0.7529411764705882200, 0.7529411764705882200 ) ;
#3634 = FACE_OUTER_BOUND ( 'NONE', #684, .T. ) ;
#3635 = DIRECTION ( 'NONE',  ( -1.297518949922157600E-016, 1.000000000000000000, 3.602683583928407900E-015 ) ) ;
#3636 = VECTOR ( 'NONE', #3635, 1000.000000000000000 ) ;
#3637 = CARTESIAN_POINT ( 'NONE',  ( -15.74999999999997200, 3.650000000000025700, -8.450000000000036600 ) ) ;
#3638 = LINE ( 'NONE', #3637, #3636 ) ;
#3639 = FILL_AREA_STYLE_COLOUR ( '', #3633 ) ;
#3640 = CARTESIAN_POINT ( 'NONE',  ( -15.74999999999997200, -3.399999999999978600, -8.450000000000063200 ) ) ;
#3641 = DIRECTION ( 'NONE',  ( -3.472226957524089200E-015, -3.602683583928408700E-015, 1.000000000000000000 ) ) ;
#3642 = VECTOR ( 'NONE', #3641, 1000.000000000000000 ) ;
#3643 = CARTESIAN_POINT ( 'NONE',  ( -15.74999999999997200, -3.399999999999978600, -8.450000000000063200 ) ) ;
#3644 = LINE ( 'NONE', #3643, #3642 ) ;
#3645 = DIRECTION ( 'NONE',  ( 1.297518949922157600E-016, -1.000000000000000000, -3.602683583928407900E-015 ) ) ;
#3646 = DIRECTION ( 'NONE',  ( -1.000000000000000000, -1.297518949922032600E-016, -3.472226957524090000E-015 ) ) ;
#3647 = CARTESIAN_POINT ( 'NONE',  ( -17.74999999999999300, 3.650000000000003000, -2.600000000000043200 ) ) ;
#3648 = AXIS2_PLACEMENT_3D ( 'NONE', #3647, #3646, #3645 ) ;
#3649 = PLANE ( 'NONE',  #3648 ) ;
#3650 =( GEOMETRIC_REPRESENTATION_CONTEXT ( 3 ) GLOBAL_UNCERTAINTY_ASSIGNED_CONTEXT ( ( #3651 ) ) GLOBAL_UNIT_ASSIGNED_CONTEXT ( ( #178, #3653, #3652 ) ) REPRESENTATION_CONTEXT ( 'NONE', 'WORKASPACE' ) );
#3651 = UNCERTAINTY_MEASURE_WITH_UNIT (LENGTH_MEASURE( 1.000000000000000100E-005 ), #178, 'distance_accuracy_value', 'NONE');
#3652 =( NAMED_UNIT ( * ) SI_UNIT ( $, .STERADIAN. ) SOLID_ANGLE_UNIT ( ) );
#3653 =( NAMED_UNIT ( * ) PLANE_ANGLE_UNIT ( ) SI_UNIT ( $, .RADIAN. ) );
#3654 =( LENGTH_UNIT ( ) NAMED_UNIT ( * ) SI_UNIT ( .MILLI., .METRE. ) );
#3655 = MECHANICAL_DESIGN_GEOMETRIC_PRESENTATION_REPRESENTATION (  '', ( #3657 ), #3706 ) ;
#3656 = PRESENTATION_LAYER_ASSIGNMENT (  '', '', ( #3657 ) ) ;
#3657 = STYLED_ITEM ( 'NONE', ( #3658 ), #690 ) ;
#3658 = PRESENTATION_STYLE_ASSIGNMENT (( #3659 ) ) ;
#3659 = SURFACE_STYLE_USAGE ( .BOTH. , #3660 ) ;
#3660 = SURFACE_SIDE_STYLE ('',( #3661 ) ) ;
#3661 = SURFACE_STYLE_FILL_AREA ( #3662 ) ;
#3662 = FILL_AREA_STYLE ('',( #3669 ) ) ;
#3663 = COLOUR_RGB ( '',0.7529411764705882200, 0.7529411764705882200, 0.7529411764705882200 ) ;
#3664 = FACE_OUTER_BOUND ( 'NONE', #691, .T. ) ;
#3665 = DIRECTION ( 'NONE',  ( 1.000000000000000000, 2.133167774365308900E-017, 3.472226957524089600E-015 ) ) ;
#3666 = VECTOR ( 'NONE', #3665, 1000.000000000000000 ) ;
#3667 = CARTESIAN_POINT ( 'NONE',  ( -16.24999999999997200, -3.399999999999978600, -8.450000000000065000 ) ) ;
#3668 = LINE ( 'NONE', #3667, #3666 ) ;
#3669 = FILL_AREA_STYLE_COLOUR ( '', #3663 ) ;
#3670 = DIRECTION ( 'NONE',  ( -1.000000000000000000, -1.297518949922035300E-016, -3.472226957524090000E-015 ) ) ;
#3671 = DIRECTION ( 'NONE',  ( -3.472226957524089600E-015, -3.602683583928408700E-015, 1.000000000000000000 ) ) ;
#3672 = CARTESIAN_POINT ( 'NONE',  ( -16.24999999999997200, 3.650000000000025700, -8.450000000000038400 ) ) ;
#3673 = AXIS2_PLACEMENT_3D ( 'NONE', #3672, #3671, #3670 ) ;
#3674 = PLANE ( 'NONE',  #3673 ) ;
#3675 =( GEOMETRIC_REPRESENTATION_CONTEXT ( 3 ) GLOBAL_UNCERTAINTY_ASSIGNED_CONTEXT ( ( #3676 ) ) GLOBAL_UNIT_ASSIGNED_CONTEXT ( ( #3679, #3678, #3677 ) ) REPRESENTATION_CONTEXT ( 'NONE', 'WORKASPACE' ) );
#3676 = UNCERTAINTY_MEASURE_WITH_UNIT (LENGTH_MEASURE( 1.000000000000000100E-005 ), #3679, 'distance_accuracy_value', 'NONE');
#3677 =( NAMED_UNIT ( * ) SI_UNIT ( $, .STERADIAN. ) SOLID_ANGLE_UNIT ( ) );
#3678 =( NAMED_UNIT ( * ) PLANE_ANGLE_UNIT ( ) SI_UNIT ( $, .RADIAN. ) );
#3679 =( LENGTH_UNIT ( ) NAMED_UNIT ( * ) SI_UNIT ( .MILLI., .METRE. ) );
#3680 = SURFACE_STYLE_USAGE ( .BOTH. , #3681 ) ;
#3681 = SURFACE_SIDE_STYLE ('',( #3682 ) ) ;
#3682 = SURFACE_STYLE_FILL_AREA ( #3683 ) ;
#3683 = FILL_AREA_STYLE ('',( #3690 ) ) ;
#3684 = COLOUR_RGB ( '',0.7529411764705882200, 0.7529411764705882200, 0.7529411764705882200 ) ;
#3685 = FACE_OUTER_BOUND ( 'NONE', #701, .T. ) ;
#3686 = DIRECTION ( 'NONE',  ( -2.133167774366492200E-017, 1.000000000000000000, 3.602683583928408700E-015 ) ) ;
#3687 = VECTOR ( 'NONE', #3686, 1000.000000000000000 ) ;
#3688 = CARTESIAN_POINT ( 'NONE',  ( -16.24999999999997200, -3.399999999999980400, -7.950000000000065000 ) ) ;
#3689 = LINE ( 'NONE', #3688, #3687 ) ;
#3690 = FILL_AREA_STYLE_COLOUR ( '', #3684 ) ;
#3691 = CARTESIAN_POINT ( 'NONE',  ( -16.24999999999997200, -3.399999999999980400, -7.950000000000065000 ) ) ;
#3692 = DIRECTION ( 'NONE',  ( 3.472226957524089200E-015, 3.602683583928408700E-015, -1.000000000000000000 ) ) ;
#3693 = VECTOR ( 'NONE', #3692, 1000.000000000000000 ) ;
#3694 = CARTESIAN_POINT ( 'NONE',  ( -16.24999999999997200, -3.399999999999978600, -8.450000000000065000 ) ) ;
#3695 = LINE ( 'NONE', #3694, #3693 ) ;
#3696 = CARTESIAN_POINT ( 'NONE',  ( -16.24999999999997200, -3.399999999999978600, -8.450000000000065000 ) ) ;
#3697 = DIRECTION ( 'NONE',  ( 1.297518949922157600E-016, -1.000000000000000000, -3.602683583928407900E-015 ) ) ;
#3698 = VECTOR ( 'NONE', #3697, 1000.000000000000000 ) ;
#3699 = CARTESIAN_POINT ( 'NONE',  ( -16.24999999999997200, 3.650000000000025700, -8.450000000000038400 ) ) ;
#3700 = LINE ( 'NONE', #3699, #3698 ) ;
#3701 = DIRECTION ( 'NONE',  ( -1.000000000000000000, -1.297518949922035300E-016, -3.472226957524090000E-015 ) ) ;
#3702 = DIRECTION ( 'NONE',  ( -3.472226957524089600E-015, -3.602683583928408700E-015, 1.000000000000000000 ) ) ;
#3703 = CARTESIAN_POINT ( 'NONE',  ( -18.24999999999999300, 3.650000000000003000, -2.600000000000044900 ) ) ;
#3704 = AXIS2_PLACEMENT_3D ( 'NONE', #3703, #3702, #3701 ) ;
#3705 = PLANE ( 'NONE',  #3704 ) ;
#3706 =( GEOMETRIC_REPRESENTATION_CONTEXT ( 3 ) GLOBAL_UNCERTAINTY_ASSIGNED_CONTEXT ( ( #3707 ) ) GLOBAL_UNIT_ASSIGNED_CONTEXT ( ( #3654, #3709, #3708 ) ) REPRESENTATION_CONTEXT ( 'NONE', 'WORKASPACE' ) );
#3707 = UNCERTAINTY_MEASURE_WITH_UNIT (LENGTH_MEASURE( 1.000000000000000100E-005 ), #3654, 'distance_accuracy_value', 'NONE');
#3708 =( NAMED_UNIT ( * ) SI_UNIT ( $, .STERADIAN. ) SOLID_ANGLE_UNIT ( ) );
#3709 =( NAMED_UNIT ( * ) PLANE_ANGLE_UNIT ( ) SI_UNIT ( $, .RADIAN. ) );
#3710 =( NAMED_UNIT ( * ) PLANE_ANGLE_UNIT ( ) SI_UNIT ( $, .RADIAN. ) );
#3711 =( LENGTH_UNIT ( ) NAMED_UNIT ( * ) SI_UNIT ( .MILLI., .METRE. ) );
#3712 = MECHANICAL_DESIGN_GEOMETRIC_PRESENTATION_REPRESENTATION (  '', ( #3714 ), #3766 ) ;
#3713 = PRESENTATION_LAYER_ASSIGNMENT (  '', '', ( #3714 ) ) ;
#3714 = STYLED_ITEM ( 'NONE', ( #3715 ), #705 ) ;
#3715 = PRESENTATION_STYLE_ASSIGNMENT (( #3716 ) ) ;
#3716 = SURFACE_STYLE_USAGE ( .BOTH. , #3717 ) ;
#3717 = SURFACE_SIDE_STYLE ('',( #3718 ) ) ;
#3718 = SURFACE_STYLE_FILL_AREA ( #3719 ) ;
#3719 = FILL_AREA_STYLE ('',( #3726 ) ) ;
#3720 = COLOUR_RGB ( '',0.7529411764705882200, 0.7529411764705882200, 0.7529411764705882200 ) ;
#3721 = FACE_OUTER_BOUND ( 'NONE', #706, .T. ) ;
#3722 = DIRECTION ( 'NONE',  ( 1.297518949922157600E-016, -1.000000000000000000, -3.602683583928407900E-015 ) ) ;
#3723 = DIRECTION ( 'NONE',  ( -1.000000000000000000, -1.297518949922032600E-016, -3.472226957524090000E-015 ) ) ;
#3724 = CARTESIAN_POINT ( 'NONE',  ( -15.74999999999999300, 3.650000000000004800, -2.600000000000036500 ) ) ;
#3725 = AXIS2_PLACEMENT_3D ( 'NONE', #3724, #3723, #3722 ) ;
#3726 = FILL_AREA_STYLE_COLOUR ( '', #3720 ) ;
#3727 = PLANE ( 'NONE',  #3725 ) ;
#3728 =( GEOMETRIC_REPRESENTATION_CONTEXT ( 3 ) GLOBAL_UNCERTAINTY_ASSIGNED_CONTEXT ( ( #3729 ) ) GLOBAL_UNIT_ASSIGNED_CONTEXT ( ( #3732, #3731, #3730 ) ) REPRESENTATION_CONTEXT ( 'NONE', 'WORKASPACE' ) );
#3729 = UNCERTAINTY_MEASURE_WITH_UNIT (LENGTH_MEASURE( 1.000000000000000100E-005 ), #3732, 'distance_accuracy_value', 'NONE');
#3730 =( NAMED_UNIT ( * ) SI_UNIT ( $, .STERADIAN. ) SOLID_ANGLE_UNIT ( ) );
#3731 =( NAMED_UNIT ( * ) PLANE_ANGLE_UNIT ( ) SI_UNIT ( $, .RADIAN. ) );
#3732 =( LENGTH_UNIT ( ) NAMED_UNIT ( * ) SI_UNIT ( .MILLI., .METRE. ) );
#3733 = MECHANICAL_DESIGN_GEOMETRIC_PRESENTATION_REPRESENTATION (  '', ( #3735 ), #3728 ) ;
#3734 = PRESENTATION_LAYER_ASSIGNMENT (  '', '', ( #3735 ) ) ;
#3735 = STYLED_ITEM ( 'NONE', ( #3736 ), #700 ) ;
#3736 = PRESENTATION_STYLE_ASSIGNMENT (( #3680 ) ) ;
#3737 = PRESENTATION_LAYER_ASSIGNMENT (  '', '', ( #3738 ) ) ;
#3738 = STYLED_ITEM ( 'NONE', ( #3739 ), #716 ) ;
#3739 = PRESENTATION_STYLE_ASSIGNMENT (( #3740 ) ) ;
#3740 = SURFACE_STYLE_USAGE ( .BOTH. , #3741 ) ;
#3741 = SURFACE_SIDE_STYLE ('',( #3742 ) ) ;
#3742 = SURFACE_STYLE_FILL_AREA ( #3743 ) ;
#3743 = FILL_AREA_STYLE ('',( #3750 ) ) ;
#3744 = COLOUR_RGB ( '',0.7529411764705882200, 0.7529411764705882200, 0.7529411764705882200 ) ;
#3745 = FACE_OUTER_BOUND ( 'NONE', #717, .T. ) ;
#3746 = DIRECTION ( 'NONE',  ( 3.472226957524089200E-015, 3.602683583928408700E-015, -1.000000000000000000 ) ) ;
#3747 = VECTOR ( 'NONE', #3746, 1000.000000000000000 ) ;
#3748 = CARTESIAN_POINT ( 'NONE',  ( -18.24999999999999300, 3.650000000000003000, -2.600000000000044900 ) ) ;
#3749 = LINE ( 'NONE', #3748, #3747 ) ;
#3750 = FILL_AREA_STYLE_COLOUR ( '', #3744 ) ;
#3751 = CARTESIAN_POINT ( 'NONE',  ( -18.24999999999997200, 3.650000000000025700, -8.450000000000045500 ) ) ;
#3752 = DIRECTION ( 'NONE',  ( -1.000000000000000000, -1.297518949922035300E-016, -3.472226957524090000E-015 ) ) ;
#3753 = VECTOR ( 'NONE', #3752, 1000.000000000000000 ) ;
#3754 = CARTESIAN_POINT ( 'NONE',  ( -17.74999999999997200, 3.650000000000025700, -8.450000000000043700 ) ) ;
#3755 = LINE ( 'NONE', #3754, #3753 ) ;
#3756 = CARTESIAN_POINT ( 'NONE',  ( -17.74999999999997200, 3.650000000000025700, -8.450000000000043700 ) ) ;
#3757 = DIRECTION ( 'NONE',  ( 3.472226957524089200E-015, 3.602683583928408700E-015, -1.000000000000000000 ) ) ;
#3758 = VECTOR ( 'NONE', #3757, 1000.000000000000000 ) ;
#3759 = CARTESIAN_POINT ( 'NONE',  ( -17.74999999999999300, 3.650000000000003000, -2.600000000000043200 ) ) ;
#3760 = LINE ( 'NONE', #3759, #3758 ) ;
#3761 = DIRECTION ( 'NONE',  ( 1.000000000000000000, 1.297518949922035300E-016, 3.472226957524090000E-015 ) ) ;
#3762 = DIRECTION ( 'NONE',  ( 1.297518949922160300E-016, -1.000000000000000000, -3.602683583928407900E-015 ) ) ;
#3763 = CARTESIAN_POINT ( 'NONE',  ( -17.74999999999999300, 3.650000000000003000, -2.600000000000043200 ) ) ;
#3764 = AXIS2_PLACEMENT_3D ( 'NONE', #3763, #3762, #3761 ) ;
#3765 = PLANE ( 'NONE',  #3764 ) ;
#3766 =( GEOMETRIC_REPRESENTATION_CONTEXT ( 3 ) GLOBAL_UNCERTAINTY_ASSIGNED_CONTEXT ( ( #3767 ) ) GLOBAL_UNIT_ASSIGNED_CONTEXT ( ( #3711, #3710, #3768 ) ) REPRESENTATION_CONTEXT ( 'NONE', 'WORKASPACE' ) );
#3767 = UNCERTAINTY_MEASURE_WITH_UNIT (LENGTH_MEASURE( 1.000000000000000100E-005 ), #3711, 'distance_accuracy_value', 'NONE');
#3768 =( NAMED_UNIT ( * ) SI_UNIT ( $, .STERADIAN. ) SOLID_ANGLE_UNIT ( ) );
#3769 =( NAMED_UNIT ( * ) PLANE_ANGLE_UNIT ( ) SI_UNIT ( $, .RADIAN. ) );
#3770 =( LENGTH_UNIT ( ) NAMED_UNIT ( * ) SI_UNIT ( .MILLI., .METRE. ) );
#3771 = MECHANICAL_DESIGN_GEOMETRIC_PRESENTATION_REPRESENTATION (  '', ( #3773 ), #3816 ) ;
#3772 = PRESENTATION_LAYER_ASSIGNMENT (  '', '', ( #3773 ) ) ;
#3773 = STYLED_ITEM ( 'NONE', ( #3774 ), #719 ) ;
#3774 = PRESENTATION_STYLE_ASSIGNMENT (( #3775 ) ) ;
#3775 = SURFACE_STYLE_USAGE ( .BOTH. , #3776 ) ;
#3776 = SURFACE_SIDE_STYLE ('',( #3777 ) ) ;
#3777 = SURFACE_STYLE_FILL_AREA ( #3778 ) ;
#3778 = FILL_AREA_STYLE ('',( #3785 ) ) ;
#3779 = COLOUR_RGB ( '',0.7529411764705882200, 0.7529411764705882200, 0.7529411764705882200 ) ;
#3780 = FACE_OUTER_BOUND ( 'NONE', #720, .T. ) ;
#3781 = DIRECTION ( 'NONE',  ( -1.297518949922157600E-016, 1.000000000000000000, 3.602683583928407900E-015 ) ) ;
#3782 = DIRECTION ( 'NONE',  ( 1.000000000000000000, 1.297518949922032600E-016, 3.472226957524090000E-015 ) ) ;
#3783 = CARTESIAN_POINT ( 'NONE',  ( -18.24999999999999300, 3.650000000000003000, -2.600000000000044900 ) ) ;
#3784 = AXIS2_PLACEMENT_3D ( 'NONE', #3783, #3782, #3781 ) ;
#3785 = FILL_AREA_STYLE_COLOUR ( '', #3779 ) ;
#3786 = PLANE ( 'NONE',  #3784 ) ;
#3787 =( GEOMETRIC_REPRESENTATION_CONTEXT ( 3 ) GLOBAL_UNCERTAINTY_ASSIGNED_CONTEXT ( ( #3788 ) ) GLOBAL_UNIT_ASSIGNED_CONTEXT ( ( #3791, #3790, #3789 ) ) REPRESENTATION_CONTEXT ( 'NONE', 'WORKASPACE' ) );
#3788 = UNCERTAINTY_MEASURE_WITH_UNIT (LENGTH_MEASURE( 1.000000000000000100E-005 ), #3791, 'distance_accuracy_value', 'NONE');
#3789 =( NAMED_UNIT ( * ) SI_UNIT ( $, .STERADIAN. ) SOLID_ANGLE_UNIT ( ) );
#3790 =( NAMED_UNIT ( * ) PLANE_ANGLE_UNIT ( ) SI_UNIT ( $, .RADIAN. ) );
#3791 =( LENGTH_UNIT ( ) NAMED_UNIT ( * ) SI_UNIT ( .MILLI., .METRE. ) );
#3792 = MECHANICAL_DESIGN_GEOMETRIC_PRESENTATION_REPRESENTATION (  '', ( #3738 ), #3787 ) ;
#3793 =( NAMED_UNIT ( * ) SI_UNIT ( $, .STERADIAN. ) SOLID_ANGLE_UNIT ( ) );
#3794 =( NAMED_UNIT ( * ) PLANE_ANGLE_UNIT ( ) SI_UNIT ( $, .RADIAN. ) );
#3795 =( LENGTH_UNIT ( ) NAMED_UNIT ( * ) SI_UNIT ( .MILLI., .METRE. ) );
#3796 = MECHANICAL_DESIGN_GEOMETRIC_PRESENTATION_REPRESENTATION (  '', ( #3798 ), #3846 ) ;
#3797 = PRESENTATION_LAYER_ASSIGNMENT (  '', '', ( #3798 ) ) ;
#3798 = STYLED_ITEM ( 'NONE', ( #3799 ), #726 ) ;
#3799 = PRESENTATION_STYLE_ASSIGNMENT (( #3800 ) ) ;
#3800 = SURFACE_STYLE_USAGE ( .BOTH. , #3801 ) ;
#3801 = SURFACE_SIDE_STYLE ('',( #3802 ) ) ;
#3802 = SURFACE_STYLE_FILL_AREA ( #3803 ) ;
#3803 = FILL_AREA_STYLE ('',( #3810 ) ) ;
#3804 = COLOUR_RGB ( '',0.7529411764705882200, 0.7529411764705882200, 0.7529411764705882200 ) ;
#3805 = FACE_OUTER_BOUND ( 'NONE', #727, .T. ) ;
#3806 = DIRECTION ( 'NONE',  ( 3.472226957524089200E-015, 3.602683583928408700E-015, -1.000000000000000000 ) ) ;
#3807 = VECTOR ( 'NONE', #3806, 1000.000000000000000 ) ;
#3808 = CARTESIAN_POINT ( 'NONE',  ( -18.24999999999999300, 3.650000000000003000, -2.600000000000044900 ) ) ;
#3809 = LINE ( 'NONE', #3808, #3807 ) ;
#3810 = FILL_AREA_STYLE_COLOUR ( '', #3804 ) ;
#3811 = DIRECTION ( 'NONE',  ( -1.297518949922157600E-016, 1.000000000000000000, 3.602683583928407900E-015 ) ) ;
#3812 = DIRECTION ( 'NONE',  ( 1.000000000000000000, 1.297518949922032600E-016, 3.472226957524090000E-015 ) ) ;
#3813 = CARTESIAN_POINT ( 'NONE',  ( -18.24999999999999300, 3.650000000000003000, -2.600000000000044900 ) ) ;
#3814 = AXIS2_PLACEMENT_3D ( 'NONE', #3813, #3812, #3811 ) ;
#3815 = PLANE ( 'NONE',  #3814 ) ;
#3816 =( GEOMETRIC_REPRESENTATION_CONTEXT ( 3 ) GLOBAL_UNCERTAINTY_ASSIGNED_CONTEXT ( ( #3817 ) ) GLOBAL_UNIT_ASSIGNED_CONTEXT ( ( #3770, #3769, #3818 ) ) REPRESENTATION_CONTEXT ( 'NONE', 'WORKASPACE' ) );
#3817 = UNCERTAINTY_MEASURE_WITH_UNIT (LENGTH_MEASURE( 1.000000000000000100E-005 ), #3770, 'distance_accuracy_value', 'NONE');
#3818 =( NAMED_UNIT ( * ) SI_UNIT ( $, .STERADIAN. ) SOLID_ANGLE_UNIT ( ) );
#3819 =( NAMED_UNIT ( * ) SI_UNIT ( $, .STERADIAN. ) SOLID_ANGLE_UNIT ( ) );
#3820 =( NAMED_UNIT ( * ) PLANE_ANGLE_UNIT ( ) SI_UNIT ( $, .RADIAN. ) );
#3821 =( LENGTH_UNIT ( ) NAMED_UNIT ( * ) SI_UNIT ( .MILLI., .METRE. ) );
#3822 = MECHANICAL_DESIGN_GEOMETRIC_PRESENTATION_REPRESENTATION (  '', ( #3824 ), #3875 ) ;
#3823 = PRESENTATION_LAYER_ASSIGNMENT (  '', '', ( #3824 ) ) ;
#3824 = STYLED_ITEM ( 'NONE', ( #3825 ), #736 ) ;
#3825 = PRESENTATION_STYLE_ASSIGNMENT (( #3826 ) ) ;
#3826 = SURFACE_STYLE_USAGE ( .BOTH. , #3827 ) ;
#3827 = SURFACE_SIDE_STYLE ('',( #3828 ) ) ;
#3828 = SURFACE_STYLE_FILL_AREA ( #3829 ) ;
#3829 = FILL_AREA_STYLE ('',( #3836 ) ) ;
#3830 = COLOUR_RGB ( '',0.7529411764705882200, 0.7529411764705882200, 0.7529411764705882200 ) ;
#3831 = FACE_OUTER_BOUND ( 'NONE', #737, .T. ) ;
#3832 = DIRECTION ( 'NONE',  ( 3.472226957524089200E-015, 3.602683583928408700E-015, -1.000000000000000000 ) ) ;
#3833 = VECTOR ( 'NONE', #3832, 1000.000000000000000 ) ;
#3834 = CARTESIAN_POINT ( 'NONE',  ( -17.74999999999999300, 3.650000000000003000, -2.600000000000043200 ) ) ;
#3835 = LINE ( 'NONE', #3834, #3833 ) ;
#3836 = FILL_AREA_STYLE_COLOUR ( '', #3830 ) ;
#3837 = DIRECTION ( 'NONE',  ( 3.472226957524089200E-015, 3.602683583928408700E-015, -1.000000000000000000 ) ) ;
#3838 = VECTOR ( 'NONE', #3837, 1000.000000000000000 ) ;
#3839 = CARTESIAN_POINT ( 'NONE',  ( -17.74999999999999300, 3.150000000000004400, -2.600000000000044900 ) ) ;
#3840 = LINE ( 'NONE', #3839, #3838 ) ;
#3841 = DIRECTION ( 'NONE',  ( 1.000000000000000000, 1.297518949922035300E-016, 3.472226957524090000E-015 ) ) ;
#3842 = DIRECTION ( 'NONE',  ( 1.297518949922160300E-016, -1.000000000000000000, -3.602683583928407900E-015 ) ) ;
#3843 = CARTESIAN_POINT ( 'NONE',  ( -17.74999999999999300, 3.650000000000003000, -2.600000000000043200 ) ) ;
#3844 = AXIS2_PLACEMENT_3D ( 'NONE', #3843, #3842, #3841 ) ;
#3845 = PLANE ( 'NONE',  #3844 ) ;
#3846 =( GEOMETRIC_REPRESENTATION_CONTEXT ( 3 ) GLOBAL_UNCERTAINTY_ASSIGNED_CONTEXT ( ( #3847 ) ) GLOBAL_UNIT_ASSIGNED_CONTEXT ( ( #3795, #3794, #3793 ) ) REPRESENTATION_CONTEXT ( 'NONE', 'WORKASPACE' ) );
#3847 = UNCERTAINTY_MEASURE_WITH_UNIT (LENGTH_MEASURE( 1.000000000000000100E-005 ), #3795, 'distance_accuracy_value', 'NONE');
#3848 =( NAMED_UNIT ( * ) SI_UNIT ( $, .STERADIAN. ) SOLID_ANGLE_UNIT ( ) );
#3849 =( NAMED_UNIT ( * ) PLANE_ANGLE_UNIT ( ) SI_UNIT ( $, .RADIAN. ) );
#3850 =( LENGTH_UNIT ( ) NAMED_UNIT ( * ) SI_UNIT ( .MILLI., .METRE. ) );
#3851 = MECHANICAL_DESIGN_GEOMETRIC_PRESENTATION_REPRESENTATION (  '', ( #3853 ), #3901 ) ;
#3852 = PRESENTATION_LAYER_ASSIGNMENT (  '', '', ( #3853 ) ) ;
#3853 = STYLED_ITEM ( 'NONE', ( #3854 ), #742 ) ;
#3854 = PRESENTATION_STYLE_ASSIGNMENT (( #3855 ) ) ;
#3855 = SURFACE_STYLE_USAGE ( .BOTH. , #3856 ) ;
#3856 = SURFACE_SIDE_STYLE ('',( #3857 ) ) ;
#3857 = SURFACE_STYLE_FILL_AREA ( #3858 ) ;
#3858 = FILL_AREA_STYLE ('',( #3865 ) ) ;
#3859 = COLOUR_RGB ( '',0.7529411764705882200, 0.7529411764705882200, 0.7529411764705882200 ) ;
#3860 = FACE_OUTER_BOUND ( 'NONE', #743, .T. ) ;
#3861 = DIRECTION ( 'NONE',  ( -1.000000000000000000, -2.133167774365308900E-017, -3.472226957524089600E-015 ) ) ;
#3862 = VECTOR ( 'NONE', #3861, 1000.000000000000000 ) ;
#3863 = CARTESIAN_POINT ( 'NONE',  ( -6.249999999999974200, -3.399999999999978600, -7.950000000000033000 ) ) ;
#3864 = LINE ( 'NONE', #3863, #3862 ) ;
#3865 = FILL_AREA_STYLE_COLOUR ( '', #3859 ) ;
#3866 = DIRECTION ( 'NONE',  ( 3.472226957524089200E-015, 3.602683583928408700E-015, -1.000000000000000000 ) ) ;
#3867 = VECTOR ( 'NONE', #3866, 1000.000000000000000 ) ;
#3868 = CARTESIAN_POINT ( 'NONE',  ( -18.24999999999999300, 3.150000000000004400, -2.600000000000046700 ) ) ;
#3869 = LINE ( 'NONE', #3868, #3867 ) ;
#3870 = DIRECTION ( 'NONE',  ( -1.000000000000000000, -2.381721122407539800E-016, -3.472226957524090400E-015 ) ) ;
#3871 = DIRECTION ( 'NONE',  ( -2.381721122407665000E-016, 1.000000000000000000, 3.602683583928407900E-015 ) ) ;
#3872 = CARTESIAN_POINT ( 'NONE',  ( -17.74999999999999300, 3.150000000000004400, -2.600000000000044900 ) ) ;
#3873 = AXIS2_PLACEMENT_3D ( 'NONE', #3872, #3871, #3870 ) ;
#3874 = PLANE ( 'NONE',  #3873 ) ;
#3875 =( GEOMETRIC_REPRESENTATION_CONTEXT ( 3 ) GLOBAL_UNCERTAINTY_ASSIGNED_CONTEXT ( ( #3876 ) ) GLOBAL_UNIT_ASSIGNED_CONTEXT ( ( #3821, #3820, #3819 ) ) REPRESENTATION_CONTEXT ( 'NONE', 'WORKASPACE' ) );
#3876 = UNCERTAINTY_MEASURE_WITH_UNIT (LENGTH_MEASURE( 1.000000000000000100E-005 ), #3821, 'distance_accuracy_value', 'NONE');
#3877 = UNCERTAINTY_MEASURE_WITH_UNIT (LENGTH_MEASURE( 1.000000000000000100E-005 ), #3880, 'distance_accuracy_value', 'NONE');
#3878 =( NAMED_UNIT ( * ) SI_UNIT ( $, .STERADIAN. ) SOLID_ANGLE_UNIT ( ) );
#3879 =( NAMED_UNIT ( * ) PLANE_ANGLE_UNIT ( ) SI_UNIT ( $, .RADIAN. ) );
#3880 =( LENGTH_UNIT ( ) NAMED_UNIT ( * ) SI_UNIT ( .MILLI., .METRE. ) );
#3881 = MECHANICAL_DESIGN_GEOMETRIC_PRESENTATION_REPRESENTATION (  '', ( #3883 ), #3937 ) ;
#3882 = PRESENTATION_LAYER_ASSIGNMENT (  '', '', ( #3883 ) ) ;
#3883 = STYLED_ITEM ( 'NONE', ( #3884 ), #749 ) ;
#3884 = PRESENTATION_STYLE_ASSIGNMENT (( #3885 ) ) ;
#3885 = SURFACE_STYLE_USAGE ( .BOTH. , #3886 ) ;
#3886 = SURFACE_SIDE_STYLE ('',( #3887 ) ) ;
#3887 = SURFACE_STYLE_FILL_AREA ( #3888 ) ;
#3888 = FILL_AREA_STYLE ('',( #3895 ) ) ;
#3889 = COLOUR_RGB ( '',0.7529411764705882200, 0.7529411764705882200, 0.7529411764705882200 ) ;
#3890 = FACE_OUTER_BOUND ( 'NONE', #750, .T. ) ;
#3891 = DIRECTION ( 'NONE',  ( 1.000000000000000000, 2.133167774365308900E-017, 3.472226957524089600E-015 ) ) ;
#3892 = VECTOR ( 'NONE', #3891, 1000.000000000000000 ) ;
#3893 = CARTESIAN_POINT ( 'NONE',  ( -18.24999999999997200, -3.399999999999978600, -8.450000000000070300 ) ) ;
#3894 = LINE ( 'NONE', #3893, #3892 ) ;
#3895 = FILL_AREA_STYLE_COLOUR ( '', #3889 ) ;
#3896 = DIRECTION ( 'NONE',  ( -1.000000000000000000, -2.133167774365308900E-017, -3.472226957524089600E-015 ) ) ;
#3897 = DIRECTION ( 'NONE',  ( -2.133167774366559900E-017, 1.000000000000000000, 3.602683583928408700E-015 ) ) ;
#3898 = CARTESIAN_POINT ( 'NONE',  ( -5.749999999999974200, -3.399999999999978600, -7.950000000000031300 ) ) ;
#3899 = AXIS2_PLACEMENT_3D ( 'NONE', #3898, #3897, #3896 ) ;
#3900 = PLANE ( 'NONE',  #3899 ) ;
#3901 =( GEOMETRIC_REPRESENTATION_CONTEXT ( 3 ) GLOBAL_UNCERTAINTY_ASSIGNED_CONTEXT ( ( #3902 ) ) GLOBAL_UNIT_ASSIGNED_CONTEXT ( ( #3850, #3849, #3848 ) ) REPRESENTATION_CONTEXT ( 'NONE', 'WORKASPACE' ) );
#3902 = UNCERTAINTY_MEASURE_WITH_UNIT (LENGTH_MEASURE( 1.000000000000000100E-005 ), #3850, 'distance_accuracy_value', 'NONE');
#3903 = MECHANICAL_DESIGN_GEOMETRIC_PRESENTATION_REPRESENTATION (  '', ( #3905 ), #3954 ) ;
#3904 = PRESENTATION_LAYER_ASSIGNMENT (  '', '', ( #3905 ) ) ;
#3905 = STYLED_ITEM ( 'NONE', ( #3906 ), #767 ) ;
#3906 = PRESENTATION_STYLE_ASSIGNMENT (( #3907 ) ) ;
#3907 = SURFACE_STYLE_USAGE ( .BOTH. , #3908 ) ;
#3908 = SURFACE_SIDE_STYLE ('',( #3909 ) ) ;
#3909 = SURFACE_STYLE_FILL_AREA ( #3910 ) ;
#3910 = FILL_AREA_STYLE ('',( #3917 ) ) ;
#3911 = COLOUR_RGB ( '',0.7529411764705882200, 0.7529411764705882200, 0.7529411764705882200 ) ;
#3912 = FACE_OUTER_BOUND ( 'NONE', #768, .T. ) ;
#3913 = DIRECTION ( 'NONE',  ( -1.297518949922157600E-016, 1.000000000000000000, 3.602683583928407900E-015 ) ) ;
#3914 = VECTOR ( 'NONE', #3913, 1000.000000000000000 ) ;
#3915 = CARTESIAN_POINT ( 'NONE',  ( -17.74999999999997200, 3.650000000000025700, -8.450000000000043700 ) ) ;
#3916 = LINE ( 'NONE', #3915, #3914 ) ;
#3917 = FILL_AREA_STYLE_COLOUR ( '', #3911 ) ;
#3918 = CARTESIAN_POINT ( 'NONE',  ( -17.74999999999997200, -3.399999999999978600, -8.450000000000068600 ) ) ;
#3919 = DIRECTION ( 'NONE',  ( -3.472226957524089200E-015, -3.602683583928408700E-015, 1.000000000000000000 ) ) ;
#3920 = VECTOR ( 'NONE', #3919, 1000.000000000000000 ) ;
#3921 = CARTESIAN_POINT ( 'NONE',  ( -17.74999999999997200, -3.399999999999978600, -8.450000000000068600 ) ) ;
#3922 = LINE ( 'NONE', #3921, #3920 ) ;
#3923 = CARTESIAN_POINT ( 'NONE',  ( -17.74999999999997500, -3.399999999999980400, -7.950000000000068600 ) ) ;
#3924 = DIRECTION ( 'NONE',  ( -2.133167774366492200E-017, 1.000000000000000000, 3.602683583928408700E-015 ) ) ;
#3925 = VECTOR ( 'NONE', #3924, 1000.000000000000000 ) ;
#3926 = CARTESIAN_POINT ( 'NONE',  ( -17.74999999999997500, -3.399999999999980400, -7.950000000000068600 ) ) ;
#3927 = LINE ( 'NONE', #3926, #3925 ) ;
#3928 = DIRECTION ( 'NONE',  ( -1.000000000000000000, -2.133167774365308900E-017, -3.472226957524089600E-015 ) ) ;
#3929 = VECTOR ( 'NONE', #3928, 1000.000000000000000 ) ;
#3930 = CARTESIAN_POINT ( 'NONE',  ( -4.249999999999972500, -3.399999999999978600, -7.950000000000026800 ) ) ;
#3931 = LINE ( 'NONE', #3930, #3929 ) ;
#3932 = DIRECTION ( 'NONE',  ( 1.000000000000000000, 1.297518949922035300E-016, 3.472226957524090000E-015 ) ) ;
#3933 = DIRECTION ( 'NONE',  ( 3.472226957524089600E-015, 3.602683583928408700E-015, -1.000000000000000000 ) ) ;
#3934 = CARTESIAN_POINT ( 'NONE',  ( -4.249999999999972500, -3.399999999999978600, -7.950000000000026800 ) ) ;
#3935 = AXIS2_PLACEMENT_3D ( 'NONE', #3934, #3933, #3932 ) ;
#3936 = PLANE ( 'NONE',  #3935 ) ;
#3937 =( GEOMETRIC_REPRESENTATION_CONTEXT ( 3 ) GLOBAL_UNCERTAINTY_ASSIGNED_CONTEXT ( ( #3877 ) ) GLOBAL_UNIT_ASSIGNED_CONTEXT ( ( #3880, #3879, #3878 ) ) REPRESENTATION_CONTEXT ( 'NONE', 'WORKASPACE' ) );
#3938 = FILL_AREA_STYLE_COLOUR ( '', #3988 ) ;
#3939 = CARTESIAN_POINT ( 'NONE',  ( -18.24999999999997500, -3.399999999999980400, -7.950000000000071200 ) ) ;
#3940 = DIRECTION ( 'NONE',  ( 3.472226957524089200E-015, 3.602683583928408700E-015, -1.000000000000000000 ) ) ;
#3941 = VECTOR ( 'NONE', #3940, 1000.000000000000000 ) ;
#3942 = CARTESIAN_POINT ( 'NONE',  ( -18.24999999999997200, -3.399999999999978600, -8.450000000000070300 ) ) ;
#3943 = LINE ( 'NONE', #3942, #3941 ) ;
#3944 = CARTESIAN_POINT ( 'NONE',  ( -18.24999999999997200, -3.399999999999978600, -8.450000000000070300 ) ) ;
#3945 = DIRECTION ( 'NONE',  ( 1.297518949922157600E-016, -1.000000000000000000, -3.602683583928407900E-015 ) ) ;
#3946 = VECTOR ( 'NONE', #3945, 1000.000000000000000 ) ;
#3947 = CARTESIAN_POINT ( 'NONE',  ( -18.24999999999997200, 3.650000000000025700, -8.450000000000045500 ) ) ;
#3948 = LINE ( 'NONE', #3947, #3946 ) ;
#3949 = DIRECTION ( 'NONE',  ( -1.000000000000000000, -1.297518949922035300E-016, -3.472226957524090000E-015 ) ) ;
#3950 = DIRECTION ( 'NONE',  ( -3.472226957524089600E-015, -3.602683583928408700E-015, 1.000000000000000000 ) ) ;
#3951 = CARTESIAN_POINT ( 'NONE',  ( -18.24999999999997200, 3.650000000000025700, -8.450000000000045500 ) ) ;
#3952 = AXIS2_PLACEMENT_3D ( 'NONE', #3951, #3950, #3949 ) ;
#3953 = PLANE ( 'NONE',  #3952 ) ;
#3954 =( GEOMETRIC_REPRESENTATION_CONTEXT ( 3 ) GLOBAL_UNCERTAINTY_ASSIGNED_CONTEXT ( ( #3955 ) ) GLOBAL_UNIT_ASSIGNED_CONTEXT ( ( #3958, #3957, #3956 ) ) REPRESENTATION_CONTEXT ( 'NONE', 'WORKASPACE' ) );
#3955 = UNCERTAINTY_MEASURE_WITH_UNIT (LENGTH_MEASURE( 1.000000000000000100E-005 ), #3958, 'distance_accuracy_value', 'NONE');
#3956 =( NAMED_UNIT ( * ) SI_UNIT ( $, .STERADIAN. ) SOLID_ANGLE_UNIT ( ) );
#3957 =( NAMED_UNIT ( * ) PLANE_ANGLE_UNIT ( ) SI_UNIT ( $, .RADIAN. ) );
#3958 =( LENGTH_UNIT ( ) NAMED_UNIT ( * ) SI_UNIT ( .MILLI., .METRE. ) );
#3959 = MECHANICAL_DESIGN_GEOMETRIC_PRESENTATION_REPRESENTATION (  '', ( #3961 ), #4016 ) ;
#3960 = PRESENTATION_LAYER_ASSIGNMENT (  '', '', ( #3961 ) ) ;
#3961 = STYLED_ITEM ( 'NONE', ( #3962 ), #786 ) ;
#3962 = PRESENTATION_STYLE_ASSIGNMENT (( #3963 ) ) ;
#3963 = SURFACE_STYLE_USAGE ( .BOTH. , #3964 ) ;
#3964 = SURFACE_SIDE_STYLE ('',( #3965 ) ) ;
#3965 = SURFACE_STYLE_FILL_AREA ( #3966 ) ;
#3966 = FILL_AREA_STYLE ('',( #3973 ) ) ;
#3967 = COLOUR_RGB ( '',0.7529411764705882200, 0.7529411764705882200, 0.7529411764705882200 ) ;
#3968 = FACE_OUTER_BOUND ( 'NONE', #787, .T. ) ;
#3969 = DIRECTION ( 'NONE',  ( 1.297518949922157600E-016, -1.000000000000000000, -3.602683583928407900E-015 ) ) ;
#3970 = DIRECTION ( 'NONE',  ( -1.000000000000000000, -1.297518949922032600E-016, -3.472226957524090000E-015 ) ) ;
#3971 = CARTESIAN_POINT ( 'NONE',  ( -17.74999999999999300, 3.650000000000003000, -2.600000000000043200 ) ) ;
#3972 = AXIS2_PLACEMENT_3D ( 'NONE', #3971, #3970, #3969 ) ;
#3973 = FILL_AREA_STYLE_COLOUR ( '', #3967 ) ;
#3974 = PLANE ( 'NONE',  #3972 ) ;
#3975 =( GEOMETRIC_REPRESENTATION_CONTEXT ( 3 ) GLOBAL_UNCERTAINTY_ASSIGNED_CONTEXT ( ( #3976 ) ) GLOBAL_UNIT_ASSIGNED_CONTEXT ( ( #3979, #3978, #3977 ) ) REPRESENTATION_CONTEXT ( 'NONE', 'WORKASPACE' ) );
#3976 = UNCERTAINTY_MEASURE_WITH_UNIT (LENGTH_MEASURE( 1.000000000000000100E-005 ), #3979, 'distance_accuracy_value', 'NONE');
#3977 =( NAMED_UNIT ( * ) SI_UNIT ( $, .STERADIAN. ) SOLID_ANGLE_UNIT ( ) );
#3978 =( NAMED_UNIT ( * ) PLANE_ANGLE_UNIT ( ) SI_UNIT ( $, .RADIAN. ) );
#3979 =( LENGTH_UNIT ( ) NAMED_UNIT ( * ) SI_UNIT ( .MILLI., .METRE. ) );
#3980 = MECHANICAL_DESIGN_GEOMETRIC_PRESENTATION_REPRESENTATION (  '', ( #3982 ), #3975 ) ;
#3981 = PRESENTATION_LAYER_ASSIGNMENT (  '', '', ( #3982 ) ) ;
#3982 = STYLED_ITEM ( 'NONE', ( #3983 ), #780 ) ;
#3983 = PRESENTATION_STYLE_ASSIGNMENT (( #3984 ) ) ;
#3984 = SURFACE_STYLE_USAGE ( .BOTH. , #3985 ) ;
#3985 = SURFACE_SIDE_STYLE ('',( #3986 ) ) ;
#3986 = SURFACE_STYLE_FILL_AREA ( #3987 ) ;
#3987 = FILL_AREA_STYLE ('',( #3938 ) ) ;
#3988 = COLOUR_RGB ( '',0.7529411764705882200, 0.7529411764705882200, 0.7529411764705882200 ) ;
#3989 = FACE_OUTER_BOUND ( 'NONE', #702, .T. ) ;
#3990 = DIRECTION ( 'NONE',  ( -2.133167774366492200E-017, 1.000000000000000000, 3.602683583928408700E-015 ) ) ;
#3991 = VECTOR ( 'NONE', #3990, 1000.000000000000000 ) ;
#3992 = CARTESIAN_POINT ( 'NONE',  ( -18.24999999999997500, -3.399999999999980400, -7.950000000000071200 ) ) ;
#3993 = LINE ( 'NONE', #3992, #3991 ) ;
#3994 =( NAMED_UNIT ( * ) PLANE_ANGLE_UNIT ( ) SI_UNIT ( $, .RADIAN. ) );
#3995 =( LENGTH_UNIT ( ) NAMED_UNIT ( * ) SI_UNIT ( .MILLI., .METRE. ) );
#3996 = MECHANICAL_DESIGN_GEOMETRIC_PRESENTATION_REPRESENTATION (  '', ( #3998 ), #4041 ) ;
#3997 = PRESENTATION_LAYER_ASSIGNMENT (  '', '', ( #3998 ) ) ;
#3998 = STYLED_ITEM ( 'NONE', ( #3999 ), #792 ) ;
#3999 = PRESENTATION_STYLE_ASSIGNMENT (( #4000 ) ) ;
#4000 = SURFACE_STYLE_USAGE ( .BOTH. , #4001 ) ;
#4001 = SURFACE_SIDE_STYLE ('',( #4002 ) ) ;
#4002 = SURFACE_STYLE_FILL_AREA ( #4003 ) ;
#4003 = FILL_AREA_STYLE ('',( #4010 ) ) ;
#4004 = COLOUR_RGB ( '',0.7529411764705882200, 0.7529411764705882200, 0.7529411764705882200 ) ;
#4005 = FACE_OUTER_BOUND ( 'NONE', #793, .T. ) ;
#4006 = DIRECTION ( 'NONE',  ( -1.000000000000000000, -2.133167774365308900E-017, -3.472226957524089600E-015 ) ) ;
#4007 = VECTOR ( 'NONE', #4006, 1000.000000000000000 ) ;
#4008 = CARTESIAN_POINT ( 'NONE',  ( -12.24999999999997500, -3.399999999999979500, -7.950000000000052600 ) ) ;
#4009 = LINE ( 'NONE', #4008, #4007 ) ;
#4010 = FILL_AREA_STYLE_COLOUR ( '', #4004 ) ;
#4011 = DIRECTION ( 'NONE',  ( 1.000000000000000000, 1.297518949922035300E-016, 3.472226957524090000E-015 ) ) ;
#4012 = DIRECTION ( 'NONE',  ( 3.472226957524089600E-015, 3.602683583928408700E-015, -1.000000000000000000 ) ) ;
#4013 = CARTESIAN_POINT ( 'NONE',  ( -12.24999999999997500, -3.399999999999979500, -7.950000000000052600 ) ) ;
#4014 = AXIS2_PLACEMENT_3D ( 'NONE', #4013, #4012, #4011 ) ;
#4015 = PLANE ( 'NONE',  #4014 ) ;
#4016 =( GEOMETRIC_REPRESENTATION_CONTEXT ( 3 ) GLOBAL_UNCERTAINTY_ASSIGNED_CONTEXT ( ( #4017 ) ) GLOBAL_UNIT_ASSIGNED_CONTEXT ( ( #4020, #4019, #4018 ) ) REPRESENTATION_CONTEXT ( 'NONE', 'WORKASPACE' ) );
#4017 = UNCERTAINTY_MEASURE_WITH_UNIT (LENGTH_MEASURE( 1.000000000000000100E-005 ), #4020, 'distance_accuracy_value', 'NONE');
#4018 =( NAMED_UNIT ( * ) SI_UNIT ( $, .STERADIAN. ) SOLID_ANGLE_UNIT ( ) );
#4019 =( NAMED_UNIT ( * ) PLANE_ANGLE_UNIT ( ) SI_UNIT ( $, .RADIAN. ) );
#4020 =( LENGTH_UNIT ( ) NAMED_UNIT ( * ) SI_UNIT ( .MILLI., .METRE. ) );
#4021 = UNCERTAINTY_MEASURE_WITH_UNIT (LENGTH_MEASURE( 1.000000000000000100E-005 ), #4024, 'distance_accuracy_value', 'NONE');
#4022 =( NAMED_UNIT ( * ) SI_UNIT ( $, .STERADIAN. ) SOLID_ANGLE_UNIT ( ) );
#4023 =( NAMED_UNIT ( * ) PLANE_ANGLE_UNIT ( ) SI_UNIT ( $, .RADIAN. ) );
#4024 =( LENGTH_UNIT ( ) NAMED_UNIT ( * ) SI_UNIT ( .MILLI., .METRE. ) );
#4025 = MECHANICAL_DESIGN_GEOMETRIC_PRESENTATION_REPRESENTATION (  '', ( #4027 ), #4070 ) ;
#4026 = PRESENTATION_LAYER_ASSIGNMENT (  '', '', ( #4027 ) ) ;
#4027 = STYLED_ITEM ( 'NONE', ( #4028 ), #798 ) ;
#4028 = PRESENTATION_STYLE_ASSIGNMENT (( #4029 ) ) ;
#4029 = SURFACE_STYLE_USAGE ( .BOTH. , #4030 ) ;
#4030 = SURFACE_SIDE_STYLE ('',( #4031 ) ) ;
#4031 = SURFACE_STYLE_FILL_AREA ( #4032 ) ;
#4032 = FILL_AREA_STYLE ('',( #4039 ) ) ;
#4033 = COLOUR_RGB ( '',0.7529411764705882200, 0.7529411764705882200, 0.7529411764705882200 ) ;
#4034 = FACE_OUTER_BOUND ( 'NONE', #799, .T. ) ;
#4035 = DIRECTION ( 'NONE',  ( -1.000000000000000000, -2.133167774365308900E-017, -3.472226957524089600E-015 ) ) ;
#4036 = DIRECTION ( 'NONE',  ( -2.133167774366559900E-017, 1.000000000000000000, 3.602683583928408700E-015 ) ) ;
#4037 = CARTESIAN_POINT ( 'NONE',  ( -7.749999999999972500, -3.399999999999978600, -7.950000000000036600 ) ) ;
#4038 = AXIS2_PLACEMENT_3D ( 'NONE', #4037, #4036, #4035 ) ;
#4039 = FILL_AREA_STYLE_COLOUR ( '', #4033 ) ;
#4040 = PLANE ( 'NONE',  #4038 ) ;
#4041 =( GEOMETRIC_REPRESENTATION_CONTEXT ( 3 ) GLOBAL_UNCERTAINTY_ASSIGNED_CONTEXT ( ( #4042 ) ) GLOBAL_UNIT_ASSIGNED_CONTEXT ( ( #3995, #3994, #4043 ) ) REPRESENTATION_CONTEXT ( 'NONE', 'WORKASPACE' ) );
#4042 = UNCERTAINTY_MEASURE_WITH_UNIT (LENGTH_MEASURE( 1.000000000000000100E-005 ), #3995, 'distance_accuracy_value', 'NONE');
#4043 =( NAMED_UNIT ( * ) SI_UNIT ( $, .STERADIAN. ) SOLID_ANGLE_UNIT ( ) );
#4044 = STYLED_ITEM ( 'NONE', ( #4266 ), #888 ) ;
#4045 =( GEOMETRIC_REPRESENTATION_CONTEXT ( 3 ) GLOBAL_UNCERTAINTY_ASSIGNED_CONTEXT ( ( #4046 ) ) GLOBAL_UNIT_ASSIGNED_CONTEXT ( ( #4049, #4048, #4047 ) ) REPRESENTATION_CONTEXT ( 'NONE', 'WORKASPACE' ) );
#4046 = UNCERTAINTY_MEASURE_WITH_UNIT (LENGTH_MEASURE( 1.000000000000000100E-005 ), #4049, 'distance_accuracy_value', 'NONE');
#4047 =( NAMED_UNIT ( * ) SI_UNIT ( $, .STERADIAN. ) SOLID_ANGLE_UNIT ( ) );
#4048 =( NAMED_UNIT ( * ) PLANE_ANGLE_UNIT ( ) SI_UNIT ( $, .RADIAN. ) );
#4049 =( LENGTH_UNIT ( ) NAMED_UNIT ( * ) SI_UNIT ( .MILLI., .METRE. ) );
#4050 = MECHANICAL_DESIGN_GEOMETRIC_PRESENTATION_REPRESENTATION (  '', ( #4052 ), #4045 ) ;
#4051 = PRESENTATION_LAYER_ASSIGNMENT (  '', '', ( #4052 ) ) ;
#4052 = STYLED_ITEM ( 'NONE', ( #4053 ), #809 ) ;
#4053 = PRESENTATION_STYLE_ASSIGNMENT (( #4054 ) ) ;
#4054 = SURFACE_STYLE_USAGE ( .BOTH. , #4055 ) ;
#4055 = SURFACE_SIDE_STYLE ('',( #4056 ) ) ;
#4056 = SURFACE_STYLE_FILL_AREA ( #4057 ) ;
#4057 = FILL_AREA_STYLE ('',( #4064 ) ) ;
#4058 = COLOUR_RGB ( '',0.7529411764705882200, 0.7529411764705882200, 0.7529411764705882200 ) ;
#4059 = FACE_OUTER_BOUND ( 'NONE', #810, .T. ) ;
#4060 = DIRECTION ( 'NONE',  ( -1.000000000000000000, -2.133167774365308900E-017, -3.472226957524089600E-015 ) ) ;
#4061 = VECTOR ( 'NONE', #4060, 1000.000000000000000 ) ;
#4062 = CARTESIAN_POINT ( 'NONE',  ( -10.24999999999997500, -3.399999999999978600, -7.950000000000045500 ) ) ;
#4063 = LINE ( 'NONE', #4062, #4061 ) ;
#4064 = FILL_AREA_STYLE_COLOUR ( '', #4058 ) ;
#4065 = DIRECTION ( 'NONE',  ( 1.000000000000000000, 1.297518949922035300E-016, 3.472226957524090000E-015 ) ) ;
#4066 = DIRECTION ( 'NONE',  ( 3.472226957524089600E-015, 3.602683583928408700E-015, -1.000000000000000000 ) ) ;
#4067 = CARTESIAN_POINT ( 'NONE',  ( -10.24999999999997500, -3.399999999999978600, -7.950000000000045500 ) ) ;
#4068 = AXIS2_PLACEMENT_3D ( 'NONE', #4067, #4066, #4065 ) ;
#4069 = PLANE ( 'NONE',  #4068 ) ;
#4070 =( GEOMETRIC_REPRESENTATION_CONTEXT ( 3 ) GLOBAL_UNCERTAINTY_ASSIGNED_CONTEXT ( ( #4021 ) ) GLOBAL_UNIT_ASSIGNED_CONTEXT ( ( #4024, #4023, #4022 ) ) REPRESENTATION_CONTEXT ( 'NONE', 'WORKASPACE' ) );
#4071 = AXIS2_PLACEMENT_3D ( 'NONE', #4130, #4129, #4128 ) ;
#4072 = PLANE ( 'NONE',  #4071 ) ;
#4073 =( GEOMETRIC_REPRESENTATION_CONTEXT ( 3 ) GLOBAL_UNCERTAINTY_ASSIGNED_CONTEXT ( ( #4074 ) ) GLOBAL_UNIT_ASSIGNED_CONTEXT ( ( #4077, #4076, #4075 ) ) REPRESENTATION_CONTEXT ( 'NONE', 'WORKASPACE' ) );
#4074 = UNCERTAINTY_MEASURE_WITH_UNIT (LENGTH_MEASURE( 1.000000000000000100E-005 ), #4077, 'distance_accuracy_value', 'NONE');
#4075 =( NAMED_UNIT ( * ) SI_UNIT ( $, .STERADIAN. ) SOLID_ANGLE_UNIT ( ) );
#4076 =( NAMED_UNIT ( * ) PLANE_ANGLE_UNIT ( ) SI_UNIT ( $, .RADIAN. ) );
#4077 =( LENGTH_UNIT ( ) NAMED_UNIT ( * ) SI_UNIT ( .MILLI., .METRE. ) );
#4078 = MECHANICAL_DESIGN_GEOMETRIC_PRESENTATION_REPRESENTATION (  '', ( #4080 ), #4073 ) ;
#4079 = PRESENTATION_LAYER_ASSIGNMENT (  '', '', ( #4080 ) ) ;
#4080 = STYLED_ITEM ( 'NONE', ( #4081 ), #819 ) ;
#4081 = PRESENTATION_STYLE_ASSIGNMENT (( #4082 ) ) ;
#4082 = SURFACE_STYLE_USAGE ( .BOTH. , #4083 ) ;
#4083 = SURFACE_SIDE_STYLE ('',( #4084 ) ) ;
#4084 = SURFACE_STYLE_FILL_AREA ( #4085 ) ;
#4085 = FILL_AREA_STYLE ('',( #4092 ) ) ;
#4086 = COLOUR_RGB ( '',0.7529411764705882200, 0.7529411764705882200, 0.7529411764705882200 ) ;
#4087 = FACE_OUTER_BOUND ( 'NONE', #164, .T. ) ;
#4088 = DIRECTION ( 'NONE',  ( -1.000000000000000000, -2.133167774365308900E-017, -3.472226957524089600E-015 ) ) ;
#4089 = VECTOR ( 'NONE', #4088, 1000.000000000000000 ) ;
#4090 = CARTESIAN_POINT ( 'NONE',  ( -8.249999999999975100, -3.399999999999978600, -7.950000000000040100 ) ) ;
#4091 = LINE ( 'NONE', #4090, #4089 ) ;
#4092 = FILL_AREA_STYLE_COLOUR ( '', #4086 ) ;
#4093 = DIRECTION ( 'NONE',  ( 1.000000000000000000, 1.297518949922035300E-016, 3.472226957524090000E-015 ) ) ;
#4094 = DIRECTION ( 'NONE',  ( 3.472226957524089600E-015, 3.602683583928408700E-015, -1.000000000000000000 ) ) ;
#4095 = CARTESIAN_POINT ( 'NONE',  ( -8.249999999999975100, -3.399999999999978600, -7.950000000000040100 ) ) ;
#4096 = AXIS2_PLACEMENT_3D ( 'NONE', #4095, #4094, #4093 ) ;
#4097 = PLANE ( 'NONE',  #4096 ) ;
#4098 = SURFACE_STYLE_FILL_AREA ( #4099 ) ;
#4099 = FILL_AREA_STYLE ('',( #4106 ) ) ;
#4100 = COLOUR_RGB ( '',0.7529411764705882200, 0.7529411764705882200, 0.7529411764705882200 ) ;
#4101 = FACE_OUTER_BOUND ( 'NONE', #831, .T. ) ;
#4102 = DIRECTION ( 'NONE',  ( -1.000000000000000000, -2.133167774365308900E-017, -3.472226957524089600E-015 ) ) ;
#4103 = DIRECTION ( 'NONE',  ( -2.133167774366559900E-017, 1.000000000000000000, 3.602683583928408700E-015 ) ) ;
#4104 = CARTESIAN_POINT ( 'NONE',  ( -15.74999999999997200, -3.399999999999980400, -7.950000000000063200 ) ) ;
#4105 = AXIS2_PLACEMENT_3D ( 'NONE', #4104, #4103, #4102 ) ;
#4106 = FILL_AREA_STYLE_COLOUR ( '', #4100 ) ;
#4107 = PLANE ( 'NONE',  #4105 ) ;
#4108 =( GEOMETRIC_REPRESENTATION_CONTEXT ( 3 ) GLOBAL_UNCERTAINTY_ASSIGNED_CONTEXT ( ( #4109 ) ) GLOBAL_UNIT_ASSIGNED_CONTEXT ( ( #4112, #4111, #4110 ) ) REPRESENTATION_CONTEXT ( 'NONE', 'WORKASPACE' ) );
#4109 = UNCERTAINTY_MEASURE_WITH_UNIT (LENGTH_MEASURE( 1.000000000000000100E-005 ), #4112, 'distance_accuracy_value', 'NONE');
#4110 =( NAMED_UNIT ( * ) SI_UNIT ( $, .STERADIAN. ) SOLID_ANGLE_UNIT ( ) );
#4111 =( NAMED_UNIT ( * ) PLANE_ANGLE_UNIT ( ) SI_UNIT ( $, .RADIAN. ) );
#4112 =( LENGTH_UNIT ( ) NAMED_UNIT ( * ) SI_UNIT ( .MILLI., .METRE. ) );
#4113 = MECHANICAL_DESIGN_GEOMETRIC_PRESENTATION_REPRESENTATION (  '', ( #4115 ), #4108 ) ;
#4114 = PRESENTATION_LAYER_ASSIGNMENT (  '', '', ( #4115 ) ) ;
#4115 = STYLED_ITEM ( 'NONE', ( #4116 ), #824 ) ;
#4116 = PRESENTATION_STYLE_ASSIGNMENT (( #4117 ) ) ;
#4117 = SURFACE_STYLE_USAGE ( .BOTH. , #4118 ) ;
#4118 = SURFACE_SIDE_STYLE ('',( #4119 ) ) ;
#4119 = SURFACE_STYLE_FILL_AREA ( #4120 ) ;
#4120 = FILL_AREA_STYLE ('',( #4127 ) ) ;
#4121 = COLOUR_RGB ( '',0.7529411764705882200, 0.7529411764705882200, 0.7529411764705882200 ) ;
#4122 = FACE_OUTER_BOUND ( 'NONE', #825, .T. ) ;
#4123 = DIRECTION ( 'NONE',  ( -1.000000000000000000, -2.133167774365308900E-017, -3.472226957524089600E-015 ) ) ;
#4124 = VECTOR ( 'NONE', #4123, 1000.000000000000000 ) ;
#4125 = CARTESIAN_POINT ( 'NONE',  ( -16.24999999999997200, -3.399999999999980400, -7.950000000000065000 ) ) ;
#4126 = LINE ( 'NONE', #4125, #4124 ) ;
#4127 = FILL_AREA_STYLE_COLOUR ( '', #4121 ) ;
#4128 = DIRECTION ( 'NONE',  ( 1.000000000000000000, 1.297518949922035300E-016, 3.472226957524090000E-015 ) ) ;
#4129 = DIRECTION ( 'NONE',  ( 3.472226957524089600E-015, 3.602683583928408700E-015, -1.000000000000000000 ) ) ;
#4130 = CARTESIAN_POINT ( 'NONE',  ( -6.249999999999974200, -3.399999999999978600, -7.950000000000033000 ) ) ;
#4131 = MECHANICAL_DESIGN_GEOMETRIC_PRESENTATION_REPRESENTATION (  '', ( #4133 ), #4182 ) ;
#4132 = PRESENTATION_LAYER_ASSIGNMENT (  '', '', ( #4133 ) ) ;
#4133 = STYLED_ITEM ( 'NONE', ( #4134 ), #836 ) ;
#4134 = PRESENTATION_STYLE_ASSIGNMENT (( #4135 ) ) ;
#4135 = SURFACE_STYLE_USAGE ( .BOTH. , #4136 ) ;
#4136 = SURFACE_SIDE_STYLE ('',( #4137 ) ) ;
#4137 = SURFACE_STYLE_FILL_AREA ( #4138 ) ;
#4138 = FILL_AREA_STYLE ('',( #4145 ) ) ;
#4139 = COLOUR_RGB ( '',0.7529411764705882200, 0.7529411764705882200, 0.7529411764705882200 ) ;
#4140 = FACE_OUTER_BOUND ( 'NONE', #837, .T. ) ;
#4141 = DIRECTION ( 'NONE',  ( -1.000000000000000000, -2.133167774365308900E-017, -3.472226957524089600E-015 ) ) ;
#4142 = VECTOR ( 'NONE', #4141, 1000.000000000000000 ) ;
#4143 = CARTESIAN_POINT ( 'NONE',  ( -14.24999999999997500, -3.399999999999980400, -7.950000000000057900 ) ) ;
#4144 = LINE ( 'NONE', #4143, #4142 ) ;
#4145 = FILL_AREA_STYLE_COLOUR ( '', #4139 ) ;
#4146 = DIRECTION ( 'NONE',  ( 1.000000000000000000, 1.297518949922035300E-016, 3.472226957524090000E-015 ) ) ;
#4147 = DIRECTION ( 'NONE',  ( 3.472226957524089600E-015, 3.602683583928408700E-015, -1.000000000000000000 ) ) ;
#4148 = CARTESIAN_POINT ( 'NONE',  ( -18.24999999999997500, -3.399999999999980400, -7.950000000000071200 ) ) ;
#4149 = AXIS2_PLACEMENT_3D ( 'NONE', #4148, #4147, #4146 ) ;
#4150 = PLANE ( 'NONE',  #4149 ) ;
#4151 =( GEOMETRIC_REPRESENTATION_CONTEXT ( 3 ) GLOBAL_UNCERTAINTY_ASSIGNED_CONTEXT ( ( #4152 ) ) GLOBAL_UNIT_ASSIGNED_CONTEXT ( ( #4155, #4154, #4153 ) ) REPRESENTATION_CONTEXT ( 'NONE', 'WORKASPACE' ) );
#4152 = UNCERTAINTY_MEASURE_WITH_UNIT (LENGTH_MEASURE( 1.000000000000000100E-005 ), #4155, 'distance_accuracy_value', 'NONE');
#4153 =( NAMED_UNIT ( * ) SI_UNIT ( $, .STERADIAN. ) SOLID_ANGLE_UNIT ( ) );
#4154 =( NAMED_UNIT ( * ) PLANE_ANGLE_UNIT ( ) SI_UNIT ( $, .RADIAN. ) );
#4155 =( LENGTH_UNIT ( ) NAMED_UNIT ( * ) SI_UNIT ( .MILLI., .METRE. ) );
#4156 = MECHANICAL_DESIGN_GEOMETRIC_PRESENTATION_REPRESENTATION (  '', ( #4158 ), #4151 ) ;
#4157 = PRESENTATION_LAYER_ASSIGNMENT (  '', '', ( #4158 ) ) ;
#4158 = STYLED_ITEM ( 'NONE', ( #4159 ), #830 ) ;
#4159 = PRESENTATION_STYLE_ASSIGNMENT (( #4160 ) ) ;
#4160 = SURFACE_STYLE_USAGE ( .BOTH. , #4161 ) ;
#4161 = SURFACE_SIDE_STYLE ('',( #4098 ) ) ;
#4162 = UNCERTAINTY_MEASURE_WITH_UNIT (LENGTH_MEASURE( 1.000000000000000100E-005 ), #4165, 'distance_accuracy_value', 'NONE');
#4163 =( NAMED_UNIT ( * ) SI_UNIT ( $, .STERADIAN. ) SOLID_ANGLE_UNIT ( ) );
#4164 =( NAMED_UNIT ( * ) PLANE_ANGLE_UNIT ( ) SI_UNIT ( $, .RADIAN. ) );
#4165 =( LENGTH_UNIT ( ) NAMED_UNIT ( * ) SI_UNIT ( .MILLI., .METRE. ) );
#4166 = MECHANICAL_DESIGN_GEOMETRIC_PRESENTATION_REPRESENTATION (  '', ( #4168 ), #4208 ) ;
#4167 = PRESENTATION_LAYER_ASSIGNMENT (  '', '', ( #4168 ) ) ;
#4168 = STYLED_ITEM ( 'NONE', ( #4169 ), #842 ) ;
#4169 = PRESENTATION_STYLE_ASSIGNMENT (( #4170 ) ) ;
#4170 = SURFACE_STYLE_USAGE ( .BOTH. , #4171 ) ;
#4171 = SURFACE_SIDE_STYLE ('',( #4172 ) ) ;
#4172 = SURFACE_STYLE_FILL_AREA ( #4173 ) ;
#4173 = FILL_AREA_STYLE ('',( #4180 ) ) ;
#4174 = COLOUR_RGB ( '',0.7529411764705882200, 0.7529411764705882200, 0.7529411764705882200 ) ;
#4175 = FACE_OUTER_BOUND ( 'NONE', #843, .T. ) ;
#4176 = DIRECTION ( 'NONE',  ( -1.000000000000000000, -2.133167774365308900E-017, -3.472226957524089600E-015 ) ) ;
#4177 = DIRECTION ( 'NONE',  ( -2.133167774366559900E-017, 1.000000000000000000, 3.602683583928408700E-015 ) ) ;
#4178 = CARTESIAN_POINT ( 'NONE',  ( -13.74999999999997300, -3.399999999999979500, -7.950000000000056100 ) ) ;
#4179 = AXIS2_PLACEMENT_3D ( 'NONE', #4178, #4177, #4176 ) ;
#4180 = FILL_AREA_STYLE_COLOUR ( '', #4174 ) ;
#4181 = PLANE ( 'NONE',  #4179 ) ;
#4182 =( GEOMETRIC_REPRESENTATION_CONTEXT ( 3 ) GLOBAL_UNCERTAINTY_ASSIGNED_CONTEXT ( ( #4183 ) ) GLOBAL_UNIT_ASSIGNED_CONTEXT ( ( #4186, #4185, #4184 ) ) REPRESENTATION_CONTEXT ( 'NONE', 'WORKASPACE' ) );
#4183 = UNCERTAINTY_MEASURE_WITH_UNIT (LENGTH_MEASURE( 1.000000000000000100E-005 ), #4186, 'distance_accuracy_value', 'NONE');
#4184 =( NAMED_UNIT ( * ) SI_UNIT ( $, .STERADIAN. ) SOLID_ANGLE_UNIT ( ) );
#4185 =( NAMED_UNIT ( * ) PLANE_ANGLE_UNIT ( ) SI_UNIT ( $, .RADIAN. ) );
#4186 =( LENGTH_UNIT ( ) NAMED_UNIT ( * ) SI_UNIT ( .MILLI., .METRE. ) );
#4187 =( GEOMETRIC_REPRESENTATION_CONTEXT ( 3 ) GLOBAL_UNCERTAINTY_ASSIGNED_CONTEXT ( ( #4188 ) ) GLOBAL_UNIT_ASSIGNED_CONTEXT ( ( #4191, #4190, #4189 ) ) REPRESENTATION_CONTEXT ( 'NONE', 'WORKASPACE' ) );
#4188 = UNCERTAINTY_MEASURE_WITH_UNIT (LENGTH_MEASURE( 1.000000000000000100E-005 ), #4191, 'distance_accuracy_value', 'NONE');
#4189 =( NAMED_UNIT ( * ) SI_UNIT ( $, .STERADIAN. ) SOLID_ANGLE_UNIT ( ) );
#4190 =( NAMED_UNIT ( * ) PLANE_ANGLE_UNIT ( ) SI_UNIT ( $, .RADIAN. ) );
#4191 =( LENGTH_UNIT ( ) NAMED_UNIT ( * ) SI_UNIT ( .MILLI., .METRE. ) );
#4192 = MECHANICAL_DESIGN_GEOMETRIC_PRESENTATION_REPRESENTATION (  '', ( #4194 ), #4187 ) ;
#4193 = PRESENTATION_LAYER_ASSIGNMENT (  '', '', ( #4194 ) ) ;
#4194 = STYLED_ITEM ( 'NONE', ( #4195 ), #846 ) ;
#4195 = PRESENTATION_STYLE_ASSIGNMENT (( #4196 ) ) ;
#4196 = SURFACE_STYLE_USAGE ( .BOTH. , #4197 ) ;
#4197 = SURFACE_SIDE_STYLE ('',( #4198 ) ) ;
#4198 = SURFACE_STYLE_FILL_AREA ( #4199 ) ;
#4199 = FILL_AREA_STYLE ('',( #4206 ) ) ;
#4200 = COLOUR_RGB ( '',0.7529411764705882200, 0.7529411764705882200, 0.7529411764705882200 ) ;
#4201 = FACE_OUTER_BOUND ( 'NONE', #847, .T. ) ;
#4202 = DIRECTION ( 'NONE',  ( 1.000000000000000000, 1.297518949922035300E-016, 3.472226957524090000E-015 ) ) ;
#4203 = DIRECTION ( 'NONE',  ( 3.472226957524089600E-015, 3.602683583928408700E-015, -1.000000000000000000 ) ) ;
#4204 = CARTESIAN_POINT ( 'NONE',  ( -16.24999999999997200, -3.399999999999980400, -7.950000000000065000 ) ) ;
#4205 = AXIS2_PLACEMENT_3D ( 'NONE', #4204, #4203, #4202 ) ;
#4206 = FILL_AREA_STYLE_COLOUR ( '', #4200 ) ;
#4207 = PLANE ( 'NONE',  #4205 ) ;
#4208 =( GEOMETRIC_REPRESENTATION_CONTEXT ( 3 ) GLOBAL_UNCERTAINTY_ASSIGNED_CONTEXT ( ( #4162 ) ) GLOBAL_UNIT_ASSIGNED_CONTEXT ( ( #4165, #4164, #4163 ) ) REPRESENTATION_CONTEXT ( 'NONE', 'WORKASPACE' ) );
#4209 = PRESENTATION_LAYER_ASSIGNMENT (  '', '', ( #4210 ) ) ;
#4210 = STYLED_ITEM ( 'NONE', ( #4211 ), #856 ) ;
#4211 = PRESENTATION_STYLE_ASSIGNMENT (( #4212 ) ) ;
#4212 = SURFACE_STYLE_USAGE ( .BOTH. , #4213 ) ;
#4213 = SURFACE_SIDE_STYLE ('',( #4214 ) ) ;
#4214 = SURFACE_STYLE_FILL_AREA ( #4215 ) ;
#4215 = FILL_AREA_STYLE ('',( #4222 ) ) ;
#4216 = COLOUR_RGB ( '',0.7529411764705882200, 0.7529411764705882200, 0.7529411764705882200 ) ;
#4217 = FACE_OUTER_BOUND ( 'NONE', #781, .T. ) ;
#4218 = DIRECTION ( 'NONE',  ( 1.000000000000000000, 1.297518949922035300E-016, 3.472226957524090000E-015 ) ) ;
#4219 = DIRECTION ( 'NONE',  ( 3.472226957524089600E-015, 3.602683583928408700E-015, -1.000000000000000000 ) ) ;
#4220 = CARTESIAN_POINT ( 'NONE',  ( -14.24999999999997500, -3.399999999999980400, -7.950000000000057900 ) ) ;
#4221 = AXIS2_PLACEMENT_3D ( 'NONE', #4220, #4219, #4218 ) ;
#4222 = FILL_AREA_STYLE_COLOUR ( '', #4216 ) ;
#4223 = PLANE ( 'NONE',  #4221 ) ;
#4224 =( GEOMETRIC_REPRESENTATION_CONTEXT ( 3 ) GLOBAL_UNCERTAINTY_ASSIGNED_CONTEXT ( ( #4225 ) ) GLOBAL_UNIT_ASSIGNED_CONTEXT ( ( #4228, #4227, #4226 ) ) REPRESENTATION_CONTEXT ( 'NONE', 'WORKASPACE' ) );
#4225 = UNCERTAINTY_MEASURE_WITH_UNIT (LENGTH_MEASURE( 1.000000000000000100E-005 ), #4228, 'distance_accuracy_value', 'NONE');
#4226 =( NAMED_UNIT ( * ) SI_UNIT ( $, .STERADIAN. ) SOLID_ANGLE_UNIT ( ) );
#4227 =( NAMED_UNIT ( * ) PLANE_ANGLE_UNIT ( ) SI_UNIT ( $, .RADIAN. ) );
#4228 =( LENGTH_UNIT ( ) NAMED_UNIT ( * ) SI_UNIT ( .MILLI., .METRE. ) );
#4229 = MECHANICAL_DESIGN_GEOMETRIC_PRESENTATION_REPRESENTATION (  '', ( #4231 ), #4224 ) ;
#4230 = PRESENTATION_LAYER_ASSIGNMENT (  '', '', ( #4231 ) ) ;
#4231 = STYLED_ITEM ( 'NONE', ( #4232 ), #852 ) ;
#4232 = PRESENTATION_STYLE_ASSIGNMENT (( #4233 ) ) ;
#4233 = SURFACE_STYLE_USAGE ( .BOTH. , #4234 ) ;
#4234 = SURFACE_SIDE_STYLE ('',( #4235 ) ) ;
#4235 = SURFACE_STYLE_FILL_AREA ( #4236 ) ;
#4236 = FILL_AREA_STYLE ('',( #4244 ) ) ;
#4237 = COLOUR_RGB ( '',0.7529411764705882200, 0.7529411764705882200, 0.7529411764705882200 ) ;
#4238 = FACE_OUTER_BOUND ( 'NONE', #853, .T. ) ;
#4239 = DIRECTION ( 'NONE',  ( -1.000000000000000000, -2.133167774365308900E-017, -3.472226957524089600E-015 ) ) ;
#4240 = DIRECTION ( 'NONE',  ( -2.133167774366559900E-017, 1.000000000000000000, 3.602683583928408700E-015 ) ) ;
#4241 = CARTESIAN_POINT ( 'NONE',  ( -11.74999999999997300, -3.399999999999979500, -7.950000000000050800 ) ) ;
#4242 = AXIS2_PLACEMENT_3D ( 'NONE', #4241, #4240, #4239 ) ;
#4243 = PLANE ( 'NONE',  #4242 ) ;
#4244 = FILL_AREA_STYLE_COLOUR ( '', #4237 ) ;
#4245 = CARTESIAN_POINT ( 'NONE',  ( -10.79999999999999500, 6.000000000000009800, -2.760769520000017500 ) ) ;
#4246 = DIRECTION ( 'NONE',  ( 1.000000000000000000, 1.297518949922035300E-016, 3.472226957524090000E-015 ) ) ;
#4247 = VECTOR ( 'NONE', #4246, 1000.000000000000000 ) ;
#4248 = CARTESIAN_POINT ( 'NONE',  ( -10.79999999999999500, 6.000000000000009800, -2.760769520000017500 ) ) ;
#4249 = LINE ( 'NONE', #4248, #4247 ) ;
#4250 = CARTESIAN_POINT ( 'NONE',  ( -9.199999999999994000, 6.000000000000009800, -2.760769520000012200 ) ) ;
#4251 = DIRECTION ( 'NONE',  ( -1.297518949922157600E-016, 1.000000000000000000, 3.602683583928407900E-015 ) ) ;
#4252 = VECTOR ( 'NONE', #4251, 1000.000000000000000 ) ;
#4253 = CARTESIAN_POINT ( 'NONE',  ( -9.199999999999992200, 5.400000000000010100, -2.760769520000014000 ) ) ;
#4254 = LINE ( 'NONE', #4253, #4252 ) ;
#4255 = DIRECTION ( 'NONE',  ( -1.000000000000000000, -2.133167774365308900E-017, -3.472226957524089600E-015 ) ) ;
#4256 = DIRECTION ( 'NONE',  ( -2.133167774366559900E-017, 1.000000000000000000, 3.602683583928408700E-015 ) ) ;
#4257 = CARTESIAN_POINT ( 'NONE',  ( -9.749999999999973400, -3.399999999999978600, -7.950000000000043700 ) ) ;
#4258 = AXIS2_PLACEMENT_3D ( 'NONE', #4257, #4256, #4255 ) ;
#4259 = PLANE ( 'NONE',  #4258 ) ;
#4260 =( GEOMETRIC_REPRESENTATION_CONTEXT ( 3 ) GLOBAL_UNCERTAINTY_ASSIGNED_CONTEXT ( ( #4261 ) ) GLOBAL_UNIT_ASSIGNED_CONTEXT ( ( #4264, #4263, #4262 ) ) REPRESENTATION_CONTEXT ( 'NONE', 'WORKASPACE' ) );
#4261 = UNCERTAINTY_MEASURE_WITH_UNIT (LENGTH_MEASURE( 1.000000000000000100E-005 ), #4264, 'distance_accuracy_value', 'NONE');
#4262 =( NAMED_UNIT ( * ) SI_UNIT ( $, .STERADIAN. ) SOLID_ANGLE_UNIT ( ) );
#4263 =( NAMED_UNIT ( * ) PLANE_ANGLE_UNIT ( ) SI_UNIT ( $, .RADIAN. ) );
#4264 =( LENGTH_UNIT ( ) NAMED_UNIT ( * ) SI_UNIT ( .MILLI., .METRE. ) );
#4265 = MECHANICAL_DESIGN_GEOMETRIC_PRESENTATION_REPRESENTATION (  '', ( #4210 ), #4260 ) ;
#4266 = PRESENTATION_STYLE_ASSIGNMENT (( #4267 ) ) ;
#4267 = SURFACE_STYLE_USAGE ( .BOTH. , #4268 ) ;
#4268 = SURFACE_SIDE_STYLE ('',( #4269 ) ) ;
#4269 = SURFACE_STYLE_FILL_AREA ( #4270 ) ;
#4270 = FILL_AREA_STYLE ('',( #4277 ) ) ;
#4271 = COLOUR_RGB ( '',0.7529411764705882200, 0.7529411764705882200, 0.7529411764705882200 ) ;
#4272 = FACE_OUTER_BOUND ( 'NONE', #889, .T. ) ;
#4273 = DIRECTION ( 'NONE',  ( -1.000000000000000000, -2.133167774365308900E-017, -3.472226957524089600E-015 ) ) ;
#4274 = VECTOR ( 'NONE', #4273, 1000.000000000000000 ) ;
#4275 = CARTESIAN_POINT ( 'NONE',  ( -18.24999999999997500, -3.399999999999980400, -7.950000000000071200 ) ) ;
#4276 = LINE ( 'NONE', #4275, #4274 ) ;
#4277 = FILL_AREA_STYLE_COLOUR ( '', #4271 ) ;
#4278 = DIRECTION ( 'NONE',  ( 1.000000000000000000, 1.297518949922035300E-016, 3.472226957524090000E-015 ) ) ;
#4279 = DIRECTION ( 'NONE',  ( 3.472226957524089600E-015, 3.602683583928408700E-015, -1.000000000000000000 ) ) ;
#4280 = CARTESIAN_POINT ( 'NONE',  ( -10.79999999999999400, 5.400000000000010100, -2.760769520000019300 ) ) ;
#4281 = AXIS2_PLACEMENT_3D ( 'NONE', #4280, #4279, #4278 ) ;
#4282 = PLANE ( 'NONE',  #4281 ) ;
#4283 = FACE_OUTER_BOUND ( 'NONE', #883, .T. ) ;
#4284 = DIRECTION ( 'NONE',  ( -3.071912700417128900E-015, 0.4999999999999920600, 0.8660254037844431500 ) ) ;
#4285 = DIRECTION ( 'NONE',  ( -1.623745041509597500E-015, -0.8660254037844432600, 0.4999999999999921200 ) ) ;
#4286 = CARTESIAN_POINT ( 'NONE',  ( -0.9999999999999765700, 3.900000000000027400, -7.699999999999992200 ) ) ;
#4287 = AXIS2_PLACEMENT_3D ( 'NONE', #4286, #4285, #4284 ) ;
#4288 = PLANE ( 'NONE',  #4287 ) ;
#4289 = FACE_OUTER_BOUND ( 'NONE', #877, .T. ) ;
#4290 = CARTESIAN_POINT ( 'NONE',  ( -10.79999999999998800, 6.000000000000016900, -4.600000000000017400 ) ) ;
#4291 = CARTESIAN_POINT ( 'NONE',  ( -9.199999999999986900, 6.000000000000016900, -4.600000000000011200 ) ) ;
#4292 = DIRECTION ( 'NONE',  ( 3.472226957524089200E-015, 3.602683583928408700E-015, -1.000000000000000000 ) ) ;
#4293 = VECTOR ( 'NONE', #4292, 1000.000000000000000 ) ;
#4294 = CARTESIAN_POINT ( 'NONE',  ( -9.199999999999994000, 6.000000000000009800, -2.760769520000012200 ) ) ;
#4295 = LINE ( 'NONE', #4294, #4293 ) ;
#4296 = DIRECTION ( 'NONE',  ( 1.000000000000000000, 1.297518949922035300E-016, 3.472226957524090000E-015 ) ) ;
#4297 = DIRECTION ( 'NONE',  ( 1.297518949922160300E-016, -1.000000000000000000, -3.602683583928407900E-015 ) ) ;
#4298 = CARTESIAN_POINT ( 'NONE',  ( -10.79999999999999500, 6.000000000000009800, -2.760769520000017500 ) ) ;
#4299 = AXIS2_PLACEMENT_3D ( 'NONE', #4298, #4297, #4296 ) ;
#4300 = PLANE ( 'NONE',  #4299 ) ;
#4301 = FACE_OUTER_BOUND ( 'NONE', #867, .T. ) ;
#4302 = DIRECTION ( 'NONE',  ( -1.297518949922157600E-016, 1.000000000000000000, 3.602683583928407900E-015 ) ) ;
#4303 = VECTOR ( 'NONE', #4302, 1000.000000000000000 ) ;
#4304 = CARTESIAN_POINT ( 'NONE',  ( -10.79999999999999400, 5.400000000000010100, -2.760769520000019300 ) ) ;
#4305 = LINE ( 'NONE', #4304, #4303 ) ;
#4306 = DIRECTION ( 'NONE',  ( -1.000000000000000000, -1.297518949922035300E-016, -3.472226957524090000E-015 ) ) ;
#4307 = DIRECTION ( 'NONE',  ( -3.472226957524089600E-015, -3.602683583928408700E-015, 1.000000000000000000 ) ) ;
#4308 = CARTESIAN_POINT ( 'NONE',  ( 1.734723475976807100E-014, 5.400000000000019900, -6.099999999999980100 ) ) ;
#4309 = AXIS2_PLACEMENT_3D ( 'NONE', #4308, #4307, #4306 ) ;
#4310 = PLANE ( 'NONE',  #4309 ) ;
#4311 = FACE_OUTER_BOUND ( 'NONE', #924, .T. ) ;
#4312 = DIRECTION ( 'NONE',  ( -3.071912700417139900E-015, 0.4999999999999859600, 0.8660254037844467000 ) ) ;
#4313 = DIRECTION ( 'NONE',  ( -1.623745041509576200E-015, -0.8660254037844467000, 0.4999999999999859600 ) ) ;
#4314 = CARTESIAN_POINT ( 'NONE',  ( -19.00382317513372900, 1.590598923241604200, -11.70000000000006100 ) ) ;
#4315 = AXIS2_PLACEMENT_3D ( 'NONE', #4314, #4313, #4312 ) ;
#4316 = PLANE ( 'NONE',  #4315 ) ;
#4317 = FACE_OUTER_BOUND ( 'NONE', #895, .T. ) ;
#4318 = DIRECTION ( 'NONE',  ( -1.000000000000000000, -2.133167774365308900E-017, -3.472226957524089600E-015 ) ) ;
#4319 = DIRECTION ( 'NONE',  ( -2.133167774366559900E-017, 1.000000000000000000, 3.602683583928408700E-015 ) ) ;
#4320 = CARTESIAN_POINT ( 'NONE',  ( -17.74999999999997500, -3.399999999999980400, -7.950000000000068600 ) ) ;
#4321 = AXIS2_PLACEMENT_3D ( 'NONE', #4320, #4319, #4318 ) ;
#4322 = PLANE ( 'NONE',  #4321 ) ;
#4323 =( GEOMETRIC_REPRESENTATION_CONTEXT ( 3 ) GLOBAL_UNCERTAINTY_ASSIGNED_CONTEXT ( ( #4324 ) ) GLOBAL_UNIT_ASSIGNED_CONTEXT ( ( #4327, #4326, #4325 ) ) REPRESENTATION_CONTEXT ( 'NONE', 'WORKASPACE' ) );
#4324 = UNCERTAINTY_MEASURE_WITH_UNIT (LENGTH_MEASURE( 1.000000000000000100E-005 ), #4327, 'distance_accuracy_value', 'NONE');
#4325 =( NAMED_UNIT ( * ) SI_UNIT ( $, .STERADIAN. ) SOLID_ANGLE_UNIT ( ) );
#4326 =( NAMED_UNIT ( * ) PLANE_ANGLE_UNIT ( ) SI_UNIT ( $, .RADIAN. ) );
#4327 =( LENGTH_UNIT ( ) NAMED_UNIT ( * ) SI_UNIT ( .MILLI., .METRE. ) );
#4328 = MECHANICAL_DESIGN_GEOMETRIC_PRESENTATION_REPRESENTATION (  '', ( #4044 ), #4323 ) ;
#4329 = PRESENTATION_LAYER_ASSIGNMENT (  '', '', ( #4044 ) ) ;
#4330 = PLANE ( 'NONE',  #4331 ) ;
#4331 = AXIS2_PLACEMENT_3D ( 'NONE', #4394, #4393, #4392 ) ;
#4332 = FACE_OUTER_BOUND ( 'NONE', #931, .T. ) ;
#4333 = DIRECTION ( 'NONE',  ( 3.472226957524089200E-015, 3.602683583928408700E-015, -1.000000000000000000 ) ) ;
#4334 = VECTOR ( 'NONE', #4333, 1000.000000000000000 ) ;
#4335 = CARTESIAN_POINT ( 'NONE',  ( -10.79999999999999500, 6.000000000000009800, -2.760769520000017500 ) ) ;
#4336 = LINE ( 'NONE', #4335, #4334 ) ;
#4337 = DIRECTION ( 'NONE',  ( 1.000000000000000000, 1.297518949922035300E-016, 3.472226957524090000E-015 ) ) ;
#4338 = VECTOR ( 'NONE', #4337, 1000.000000000000000 ) ;
#4339 = CARTESIAN_POINT ( 'NONE',  ( -10.79999999999998800, 6.000000000000016900, -4.600000000000017400 ) ) ;
#4340 = LINE ( 'NONE', #4339, #4338 ) ;
#4341 = DIRECTION ( 'NONE',  ( 1.297518949922157600E-016, -1.000000000000000000, -3.602683583928407900E-015 ) ) ;
#4342 = DIRECTION ( 'NONE',  ( -1.000000000000000000, -1.297518949922032600E-016, -3.472226957524090000E-015 ) ) ;
#4343 = CARTESIAN_POINT ( 'NONE',  ( -9.199999999999992200, 5.400000000000010100, -2.760769520000014000 ) ) ;
#4344 = AXIS2_PLACEMENT_3D ( 'NONE', #4343, #4342, #4341 ) ;
#4345 = PLANE ( 'NONE',  #4344 ) ;
#4346 = FACE_OUTER_BOUND ( 'NONE', #920, .T. ) ;
#4347 = DIRECTION ( 'NONE',  ( 1.297518949922157600E-016, -1.000000000000000000, -3.602683583928407900E-015 ) ) ;
#4348 = DIRECTION ( 'NONE',  ( -1.000000000000000000, -1.297518949922032600E-016, -3.472226957524090000E-015 ) ) ;
#4349 = CARTESIAN_POINT ( 'NONE',  ( -10.79999999999999400, 5.400000000000010100, -2.760769520000019300 ) ) ;
#4350 = AXIS2_PLACEMENT_3D ( 'NONE', #4349, #4348, #4347 ) ;
#4351 = PLANE ( 'NONE',  #4350 ) ;
#4352 = FACE_OUTER_BOUND ( 'NONE', #914, .T. ) ;
#4353 = DIRECTION ( 'NONE',  ( -1.297518949922153900E-016, 1.000000000000000000, 3.602683583928408700E-015 ) ) ;
#4354 = VECTOR ( 'NONE', #4353, 1000.000000000000000 ) ;
#4355 = CARTESIAN_POINT ( 'NONE',  ( -2.149999999999985300, 6.500000000000022200, -6.099999999999983700 ) ) ;
#4356 = LINE ( 'NONE', #4355, #4354 ) ;
#4357 = CARTESIAN_POINT ( 'NONE',  ( -2.149999999999981700, 5.700000000000025000, -6.099999999999986300 ) ) ;
#4358 = CARTESIAN_POINT ( 'NONE',  ( -5.449999999999986000, 5.700000000000023300, -6.099999999999997900 ) ) ;
#4359 = DIRECTION ( 'NONE',  ( 1.000000000000000000, 2.611703401419616300E-016, 3.472226957524090400E-015 ) ) ;
#4360 = VECTOR ( 'NONE', #4359, 1000.000000000000000 ) ;
#4361 = CARTESIAN_POINT ( 'NONE',  ( -5.449999999999986000, 5.700000000000023300, -6.099999999999997900 ) ) ;
#4362 = LINE ( 'NONE', #4361, #4360 ) ;
#4363 = FACE_OUTER_BOUND ( 'NONE', #950, .T. ) ;
#4364 = DIRECTION ( 'NONE',  ( -3.472226957524089200E-015, -3.602683583928408700E-015, 1.000000000000000000 ) ) ;
#4365 = VECTOR ( 'NONE', #4364, 1000.000000000000000 ) ;
#4366 = CARTESIAN_POINT ( 'NONE',  ( -17.84999999999998400, 5.700000000000019700, -6.100000000000041400 ) ) ;
#4367 = LINE ( 'NONE', #4366, #4365 ) ;
#4368 = DIRECTION ( 'NONE',  ( 1.000000000000000000, 2.611703401419616300E-016, 3.472226957524090400E-015 ) ) ;
#4369 = DIRECTION ( 'NONE',  ( 2.611703401419741600E-016, -1.000000000000000000, -3.602683583928407900E-015 ) ) ;
#4370 = CARTESIAN_POINT ( 'NONE',  ( -17.84999999999998400, 5.700000000000019700, -6.100000000000041400 ) ) ;
#4371 = AXIS2_PLACEMENT_3D ( 'NONE', #4370, #4369, #4368 ) ;
#4372 = PLANE ( 'NONE',  #4371 ) ;
#4373 = FACE_OUTER_BOUND ( 'NONE', #943, .T. ) ;
#4374 = DIRECTION ( 'NONE',  ( 1.000000000000000000, 2.611703401419616300E-016, 3.472226957524090400E-015 ) ) ;
#4375 = DIRECTION ( 'NONE',  ( 2.611703401419741600E-016, -1.000000000000000000, -3.602683583928407900E-015 ) ) ;
#4376 = CARTESIAN_POINT ( 'NONE',  ( -5.449999999999986000, 5.700000000000023300, -6.099999999999997900 ) ) ;
#4377 = AXIS2_PLACEMENT_3D ( 'NONE', #4376, #4375, #4374 ) ;
#4378 = PLANE ( 'NONE',  #4377 ) ;
#4379 = FACE_OUTER_BOUND ( 'NONE', #939, .T. ) ;
#4380 = DIRECTION ( 'NONE',  ( -3.472226957524089200E-015, -3.602683583928408700E-015, 1.000000000000000000 ) ) ;
#4381 = VECTOR ( 'NONE', #4380, 1000.000000000000000 ) ;
#4382 = CARTESIAN_POINT ( 'NONE',  ( -2.149999999999981700, 5.700000000000025000, -6.099999999999986300 ) ) ;
#4383 = LINE ( 'NONE', #4382, #4381 ) ;
#4384 = DIRECTION ( 'NONE',  ( 1.297518949922157600E-016, -1.000000000000000000, -3.602683583928407900E-015 ) ) ;
#4385 = VECTOR ( 'NONE', #4384, 1000.000000000000000 ) ;
#4386 = CARTESIAN_POINT ( 'NONE',  ( -10.79999999999998800, 6.000000000000016900, -4.600000000000017400 ) ) ;
#4387 = LINE ( 'NONE', #4386, #4385 ) ;
#4388 = DIRECTION ( 'NONE',  ( 1.297518949922157600E-016, -1.000000000000000000, -3.602683583928407900E-015 ) ) ;
#4389 = VECTOR ( 'NONE', #4388, 1000.000000000000000 ) ;
#4390 = CARTESIAN_POINT ( 'NONE',  ( -9.199999999999986900, 6.000000000000016900, -4.600000000000011200 ) ) ;
#4391 = LINE ( 'NONE', #4390, #4389 ) ;
#4392 = DIRECTION ( 'NONE',  ( -1.000000000000000000, -1.297518949922035300E-016, -3.472226957524090000E-015 ) ) ;
#4393 = DIRECTION ( 'NONE',  ( -3.472226957524089600E-015, -3.602683583928408700E-015, 1.000000000000000000 ) ) ;
#4394 = CARTESIAN_POINT ( 'NONE',  ( -10.79999999999998800, 6.000000000000016900, -4.600000000000017400 ) ) ;
#4395 = DIRECTION ( 'NONE',  ( 1.000000000000000000, 1.297518949922035300E-016, 3.472226957524090000E-015 ) ) ;
#4396 = DIRECTION ( 'NONE',  ( 3.472226957524089600E-015, 3.602683583928408700E-015, -1.000000000000000000 ) ) ;
#4397 = CARTESIAN_POINT ( 'NONE',  ( -12.44999999999998300, 5.400000000000019900, -6.100000000000022700 ) ) ;
#4398 = AXIS2_PLACEMENT_3D ( 'NONE', #4397, #4396, #4395 ) ;
#4399 = PLANE ( 'NONE',  #4398 ) ;
#4400 = FACE_OUTER_BOUND ( 'NONE', #971, .T. ) ;
#4401 = DIRECTION ( 'NONE',  ( 1.297518949922153900E-016, -1.000000000000000000, -3.602683583928408700E-015 ) ) ;
#4402 = VECTOR ( 'NONE', #4401, 1000.000000000000000 ) ;
#4403 = CARTESIAN_POINT ( 'NONE',  ( -5.449999999999989500, 6.500000000000022200, -6.099999999999995200 ) ) ;
#4404 = LINE ( 'NONE', #4403, #4402 ) ;
#4405 = DIRECTION ( 'NONE',  ( -3.472226957524089200E-015, -3.602683583928408700E-015, 1.000000000000000000 ) ) ;
#4406 = VECTOR ( 'NONE', #4405, 1000.000000000000000 ) ;
#4407 = CARTESIAN_POINT ( 'NONE',  ( -14.54999999999998500, 5.700000000000021500, -6.100000000000029800 ) ) ;
#4408 = LINE ( 'NONE', #4407, #4406 ) ;
#4409 = DIRECTION ( 'NONE',  ( -1.297518949922157600E-016, 1.000000000000000000, 3.602683583928407900E-015 ) ) ;
#4410 = DIRECTION ( 'NONE',  ( 1.000000000000000000, 1.297518949922032600E-016, 3.472226957524090000E-015 ) ) ;
#4411 = CARTESIAN_POINT ( 'NONE',  ( -14.54999999999998600, 6.500000000000020400, -6.100000000000026300 ) ) ;
#4412 = AXIS2_PLACEMENT_3D ( 'NONE', #4411, #4410, #4409 ) ;
#4413 = PLANE ( 'NONE',  #4412 ) ;
#4414 = FACE_OUTER_BOUND ( 'NONE', #961, .T. ) ;
#4415 = DIRECTION ( 'NONE',  ( 1.000000000000000000, 2.611703401419616300E-016, 3.472226957524090400E-015 ) ) ;
#4416 = VECTOR ( 'NONE', #4415, 1000.000000000000000 ) ;
#4417 = CARTESIAN_POINT ( 'NONE',  ( -17.84999999999998400, 5.700000000000019700, -6.100000000000041400 ) ) ;
#4418 = LINE ( 'NONE', #4417, #4416 ) ;
#4419 = CARTESIAN_POINT ( 'NONE',  ( -17.84999999999998400, 5.700000000000019700, -6.100000000000041400 ) ) ;
#4420 = DIRECTION ( 'NONE',  ( 1.297518949922153900E-016, -1.000000000000000000, -3.602683583928408700E-015 ) ) ;
#4421 = VECTOR ( 'NONE', #4420, 1000.000000000000000 ) ;
#4422 = CARTESIAN_POINT ( 'NONE',  ( -17.84999999999998000, 6.500000000000020400, -6.100000000000037800 ) ) ;
#4423 = LINE ( 'NONE', #4422, #4421 ) ;
#4424 = DIRECTION ( 'NONE',  ( 1.297518949922157600E-016, -1.000000000000000000, -3.602683583928407900E-015 ) ) ;
#4425 = DIRECTION ( 'NONE',  ( -1.000000000000000000, -1.297518949922032600E-016, -3.472226957524090000E-015 ) ) ;
#4426 = CARTESIAN_POINT ( 'NONE',  ( -17.84999999999998000, 6.500000000000020400, -6.100000000000037800 ) ) ;
#4427 = AXIS2_PLACEMENT_3D ( 'NONE', #4426, #4425, #4424 ) ;
#4428 = PLANE ( 'NONE',  #4427 ) ;
#4429 = CARTESIAN_POINT ( 'NONE',  ( -12.24999999999997700, 3.650000000000022100, -7.700000000000032200 ) ) ;
#4430 = DIRECTION ( 'NONE',  ( -1.000000000000000000, -1.297518949922035300E-016, -3.472226957524090000E-015 ) ) ;
#4431 = VECTOR ( 'NONE', #4430, 1000.000000000000000 ) ;
#4432 = CARTESIAN_POINT ( 'NONE',  ( 2.428612866367529900E-014, 3.650000000000023900, -7.699999999999989500 ) ) ;
#4433 = LINE ( 'NONE', #4432, #4431 ) ;
#4434 = CARTESIAN_POINT ( 'NONE',  ( -11.74999999999997300, 3.650000000000022100, -7.700000000000030400 ) ) ;
#4435 = CARTESIAN_POINT ( 'NONE',  ( -17.84999999999999800, 5.700000000000004600, -1.800000000000042000 ) ) ;
#4436 = DIRECTION ( 'NONE',  ( 1.000000000000000000, 2.611703401419616300E-016, 3.472226957524090400E-015 ) ) ;
#4437 = VECTOR ( 'NONE', #4436, 1000.000000000000000 ) ;
#4438 = CARTESIAN_POINT ( 'NONE',  ( -17.84999999999999800, 5.700000000000004600, -1.800000000000042000 ) ) ;
#4439 = LINE ( 'NONE', #4438, #4437 ) ;
#4440 = CARTESIAN_POINT ( 'NONE',  ( -14.54999999999999900, 5.700000000000004600, -1.800000000000030700 ) ) ;
#4441 = DIRECTION ( 'NONE',  ( -1.297518949922153900E-016, 1.000000000000000000, 3.602683583928408700E-015 ) ) ;
#4442 = VECTOR ( 'NONE', #4441, 1000.000000000000000 ) ;
#4443 = CARTESIAN_POINT ( 'NONE',  ( -14.55000000000000100, 6.500000000000005300, -1.800000000000028200 ) ) ;
#4444 = LINE ( 'NONE', #4443, #4442 ) ;
#4445 = DIRECTION ( 'NONE',  ( 1.297518949922153600E-016, -1.000000000000000000, -3.455673119862577100E-015 ) ) ;
#4446 = VECTOR ( 'NONE', #4445, 1000.000000000000000 ) ;
#4447 = CARTESIAN_POINT ( 'NONE',  ( -7.550000000000000700, 6.500000000000006200, -1.800000000000001200 ) ) ;
#4448 = LINE ( 'NONE', #4447, #4446 ) ;
#4449 = CARTESIAN_POINT ( 'NONE',  ( -7.550000000000000700, 6.500000000000006200, -1.800000000000001200 ) ) ;
#4450 = DIRECTION ( 'NONE',  ( 1.000000000000000000, 1.297518949922043000E-016, 3.127579909316777300E-015 ) ) ;
#4451 = VECTOR ( 'NONE', #4450, 1000.000000000000000 ) ;
#4452 = CARTESIAN_POINT ( 'NONE',  ( -7.550000000000000700, 6.500000000000006200, -1.800000000000001200 ) ) ;
#4453 = LINE ( 'NONE', #4452, #4451 ) ;
#4454 = CARTESIAN_POINT ( 'NONE',  ( -0.7999999999999951600, 3.050000000000008300, -1.799999999999992500 ) ) ;
#4455 = CARTESIAN_POINT ( 'NONE',  ( -14.54999999999998500, 5.700000000000021500, -6.100000000000029800 ) ) ;
#4456 = DIRECTION ( 'NONE',  ( -1.297518949922153900E-016, 1.000000000000000000, 3.602683583928408700E-015 ) ) ;
#4457 = VECTOR ( 'NONE', #4456, 1000.000000000000000 ) ;
#4458 = CARTESIAN_POINT ( 'NONE',  ( -14.54999999999998600, 6.500000000000020400, -6.100000000000026300 ) ) ;
#4459 = LINE ( 'NONE', #4458, #4457 ) ;
#4460 = DIRECTION ( 'NONE',  ( -3.071912700417139900E-015, 0.4999999999999859600, 0.8660254037844467000 ) ) ;
#4461 = VECTOR ( 'NONE', #4460, 1000.000000000000100 ) ;
#4462 = CARTESIAN_POINT ( 'NONE',  ( -19.99999999999996100, 1.590598923241604200, -11.70000000000006500 ) ) ;
#4463 = LINE ( 'NONE', #4462, #4461 ) ;
#4464 = DIRECTION ( 'NONE',  ( 1.297518949922157600E-016, -1.000000000000000000, -3.602683583928407900E-015 ) ) ;
#4465 = DIRECTION ( 'NONE',  ( -1.000000000000000000, -1.297518949922032600E-016, -3.472226957524090000E-015 ) ) ;
#4466 = CARTESIAN_POINT ( 'NONE',  ( -20.00000000000000400, -2.602085213965210600E-015, -7.025630077706068700E-014 ) ) ;
#4467 = AXIS2_PLACEMENT_3D ( 'NONE', #4466, #4465, #4464 ) ;
#4468 = PLANE ( 'NONE',  #4467 ) ;
#4469 = FACE_OUTER_BOUND ( 'NONE', #1020, .T. ) ;
#4470 = DIRECTION ( 'NONE',  ( -1.297518949922157600E-016, 1.000000000000000000, 3.602683583928407900E-015 ) ) ;
#4471 = DIRECTION ( 'NONE',  ( 1.000000000000000000, 1.297518949922032600E-016, 3.472226957524090000E-015 ) ) ;
#4472 = CARTESIAN_POINT ( 'NONE',  ( -2.149999999999985300, 6.500000000000022200, -6.099999999999983700 ) ) ;
#4473 = AXIS2_PLACEMENT_3D ( 'NONE', #4472, #4471, #4470 ) ;
#4474 = PLANE ( 'NONE',  #4473 ) ;
#4475 = FACE_OUTER_BOUND ( 'NONE', #1014, .T. ) ;
#4476 = DIRECTION ( 'NONE',  ( 1.297518949922157600E-016, -1.000000000000000000, -3.602683583928407900E-015 ) ) ;
#4477 = DIRECTION ( 'NONE',  ( -1.000000000000000000, -1.297518949922032600E-016, -3.472226957524090000E-015 ) ) ;
#4478 = CARTESIAN_POINT ( 'NONE',  ( -5.449999999999989500, 6.500000000000022200, -6.099999999999995200 ) ) ;
#4479 = AXIS2_PLACEMENT_3D ( 'NONE', #4478, #4477, #4476 ) ;
#4480 = PLANE ( 'NONE',  #4479 ) ;
#4481 = FACE_OUTER_BOUND ( 'NONE', #1007, .T. ) ;
#4482 = DIRECTION ( 'NONE',  ( -3.472226957524089200E-015, -3.602683583928408700E-015, 1.000000000000000000 ) ) ;
#4483 = VECTOR ( 'NONE', #4482, 1000.000000000000000 ) ;
#4484 = CARTESIAN_POINT ( 'NONE',  ( -5.449999999999986000, 5.700000000000023300, -6.099999999999997900 ) ) ;
#4485 = LINE ( 'NONE', #4484, #4483 ) ;
#4486 = DIRECTION ( 'NONE',  ( 1.297518949922157600E-016, -1.000000000000000000, -3.602683583928407900E-015 ) ) ;
#4487 = VECTOR ( 'NONE', #4486, 1000.000000000000000 ) ;
#4488 = CARTESIAN_POINT ( 'NONE',  ( -16.24999999999997500, 5.400000000000025200, -7.700000000000040100 ) ) ;
#4489 = LINE ( 'NONE', #4488, #4487 ) ;
#4490 = DIRECTION ( 'NONE',  ( -1.297518949922157600E-016, 1.000000000000000000, 3.602683583928407900E-015 ) ) ;
#4491 = VECTOR ( 'NONE', #4490, 1000.000000000000000 ) ;
#4492 = CARTESIAN_POINT ( 'NONE',  ( -11.74999999999997300, 5.400000000000027000, -7.700000000000024200 ) ) ;
#4493 = LINE ( 'NONE', #4492, #4491 ) ;
#4494 = DIRECTION ( 'NONE',  ( 3.472226957524089200E-015, 3.482216675874463200E-015, -1.000000000000000000 ) ) ;
#4495 = DIRECTION ( 'NONE',  ( -1.297518949922153600E-016, 1.000000000000000000, 3.482216675874462800E-015 ) ) ;
#4496 = CARTESIAN_POINT ( 'NONE',  ( -3.469446951953614200E-015, 3.050000000000001600, 1.040834085586084300E-014 ) ) ;
#4497 = AXIS2_PLACEMENT_3D ( 'NONE', #4496, #4495, #4494 ) ;
#4498 = PLANE ( 'NONE',  #4497 ) ;
#4499 = FACE_OUTER_BOUND ( 'NONE', #1044, .T. ) ;
#4500 = DIRECTION ( 'NONE',  ( -1.297518949922157600E-016, 1.000000000000000000, 3.602683583928407900E-015 ) ) ;
#4501 = VECTOR ( 'NONE', #4500, 1000.000000000000000 ) ;
#4502 = CARTESIAN_POINT ( 'NONE',  ( 0.0000000000000000000, 3.050000000000008300, -1.799999999999989200 ) ) ;
#4503 = LINE ( 'NONE', #4502, #4501 ) ;
#4504 = CARTESIAN_POINT ( 'NONE',  ( 0.0000000000000000000, 3.050000000000008300, -1.799999999999989200 ) ) ;
#4505 = DIRECTION ( 'NONE',  ( -1.000000000000000000, -1.297518949922035300E-016, -3.472226957524090000E-015 ) ) ;
#4506 = VECTOR ( 'NONE', #4505, 1000.000000000000000 ) ;
#4507 = CARTESIAN_POINT ( 'NONE',  ( 0.0000000000000000000, 3.050000000000008300, -1.799999999999989200 ) ) ;
#4508 = LINE ( 'NONE', #4507, #4506 ) ;
#4509 = DIRECTION ( 'NONE',  ( -1.297518949922157600E-016, 1.000000000000000000, 3.602683583928407900E-015 ) ) ;
#4510 = VECTOR ( 'NONE', #4509, 1000.000000000000000 ) ;
#4511 = CARTESIAN_POINT ( 'NONE',  ( -0.7999999999999951600, 3.050000000000008300, -1.799999999999992500 ) ) ;
#4512 = LINE ( 'NONE', #4511, #4510 ) ;
#4513 = DIRECTION ( 'NONE',  ( 1.297518949922157600E-016, -1.000000000000000000, -3.602683583928407900E-015 ) ) ;
#4514 = VECTOR ( 'NONE', #4513, 1000.000000000000000 ) ;
#4515 = CARTESIAN_POINT ( 'NONE',  ( 1.734723475976807100E-014, 5.400000000000019900, -6.099999999999980100 ) ) ;
#4516 = LINE ( 'NONE', #4515, #4514 ) ;
#4517 = DIRECTION ( 'NONE',  ( 1.297518949922157600E-016, -1.000000000000000000, -3.602683583928407900E-015 ) ) ;
#4518 = DIRECTION ( 'NONE',  ( -1.000000000000000000, -1.297518949922032600E-016, -3.472226957524090000E-015 ) ) ;
#4519 = CARTESIAN_POINT ( 'NONE',  ( 0.0000000000000000000, 0.0000000000000000000, 0.0000000000000000000 ) ) ;
#4520 = AXIS2_PLACEMENT_3D ( 'NONE', #4519, #4518, #4517 ) ;
#4521 = PLANE ( 'NONE',  #4520 ) ;
#4522 = FACE_OUTER_BOUND ( 'NONE', #1028, .T. ) ;
#4523 = DIRECTION ( 'NONE',  ( 3.472226957524089600E-015, 3.482216675874464000E-015, -1.000000000000000000 ) ) ;
#4524 = VECTOR ( 'NONE', #4523, 1000.000000000000000 ) ;
#4525 = CARTESIAN_POINT ( 'NONE',  ( -3.469446951953614200E-015, 3.050000000000001600, 1.040834085586084300E-014 ) ) ;
#4526 = LINE ( 'NONE', #4525, #4524 ) ;
#4527 = MECHANICAL_DESIGN_GEOMETRIC_PRESENTATION_REPRESENTATION (  '', ( #4783 ), #4832 ) ;
#4528 = DIRECTION ( 'NONE',  ( -3.472226957524089200E-015, -3.602683583928408700E-015, 1.000000000000000000 ) ) ;
#4529 = VECTOR ( 'NONE', #4528, 1000.000000000000000 ) ;
#4530 = CARTESIAN_POINT ( 'NONE',  ( -19.19999999999998200, 2.000000000000018200, -5.800000000000060200 ) ) ;
#4531 = LINE ( 'NONE', #4530, #4529 ) ;
#4532 = PRESENTATION_LAYER_ASSIGNMENT (  '', '', ( #4783 ) ) ;
#4533 = DIRECTION ( 'NONE',  ( -3.472226957524089200E-015, -3.602683583928408700E-015, 1.000000000000000000 ) ) ;
#4534 = VECTOR ( 'NONE', #4533, 1000.000000000000000 ) ;
#4535 = CARTESIAN_POINT ( 'NONE',  ( -0.7999999999999778400, 2.000000000000020000, -5.799999999999996300 ) ) ;
#4536 = LINE ( 'NONE', #4535, #4534 ) ;
#4537 = CARTESIAN_POINT ( 'NONE',  ( -0.7999999999999951600, 4.700000000000007300, -1.799999999999986500 ) ) ;
#4538 = DIRECTION ( 'NONE',  ( -1.000000000000000000, -1.297518949922035300E-016, -3.472226957524090000E-015 ) ) ;
#4539 = VECTOR ( 'NONE', #4538, 1000.000000000000000 ) ;
#4540 = CARTESIAN_POINT ( 'NONE',  ( 0.0000000000000000000, 4.700000000000007300, -1.799999999999982900 ) ) ;
#4541 = LINE ( 'NONE', #4540, #4539 ) ;
#4542 = CARTESIAN_POINT ( 'NONE',  ( -19.19999999999999900, 4.700000000000003700, -1.800000000000050700 ) ) ;
#4543 = DIRECTION ( 'NONE',  ( 1.297518949922157600E-016, -1.000000000000000000, -3.602683583928407900E-015 ) ) ;
#4544 = VECTOR ( 'NONE', #4543, 1000.000000000000000 ) ;
#4545 = CARTESIAN_POINT ( 'NONE',  ( -19.19999999999999900, 3.050000000000006500, -1.800000000000056700 ) ) ;
#4546 = LINE ( 'NONE', #4545, #4544 ) ;
#4547 = DIRECTION ( 'NONE',  ( -1.297518949922157600E-016, 1.000000000000000000, 3.602683583928407900E-015 ) ) ;
#4548 = VECTOR ( 'NONE', #4547, 1000.000000000000000 ) ;
#4549 = CARTESIAN_POINT ( 'NONE',  ( -19.99999999999999600, 3.050000000000006500, -1.800000000000059300 ) ) ;
#4550 = LINE ( 'NONE', #4549, #4548 ) ;
#4551 = DIRECTION ( 'NONE',  ( 1.297518949922153900E-016, -1.000000000000000000, -3.602683583928408700E-015 ) ) ;
#4552 = VECTOR ( 'NONE', #4551, 1000.000000000000000 ) ;
#4553 = CARTESIAN_POINT ( 'NONE',  ( -17.84999999999999800, 6.500000000000003600, -1.800000000000039300 ) ) ;
#4554 = LINE ( 'NONE', #4553, #4552 ) ;
#4555 = DIRECTION ( 'NONE',  ( 3.472226957524089200E-015, 3.482216675874463200E-015, -1.000000000000000000 ) ) ;
#4556 = VECTOR ( 'NONE', #4555, 1000.000000000000000 ) ;
#4557 = CARTESIAN_POINT ( 'NONE',  ( -0.7999999999999986000, 3.050000000000001600, 6.938893903907228400E-015 ) ) ;
#4558 = LINE ( 'NONE', #4557, #4556 ) ;
#4559 = FACE_OUTER_BOUND ( 'NONE', #1094, .T. ) ;
#4560 = DIRECTION ( 'NONE',  ( -1.520174650617134900E-016, 1.000000000000000000, 3.602683583928407900E-015 ) ) ;
#4561 = VECTOR ( 'NONE', #4560, 1000.000000000000000 ) ;
#4562 = CARTESIAN_POINT ( 'NONE',  ( -19.99999999999998200, 5.400000000000019900, -6.100000000000049400 ) ) ;
#4563 = LINE ( 'NONE', #4562, #4561 ) ;
#4564 = DIRECTION ( 'NONE',  ( 1.000000000000000000, 1.297518949922035300E-016, 3.472226957524090000E-015 ) ) ;
#4565 = DIRECTION ( 'NONE',  ( 1.297518949922160300E-016, -1.000000000000000000, -3.602683583928407900E-015 ) ) ;
#4566 = CARTESIAN_POINT ( 'NONE',  ( -0.7999999999999778400, 2.000000000000020000, -5.799999999999996300 ) ) ;
#4567 = AXIS2_PLACEMENT_3D ( 'NONE', #4566, #4565, #4564 ) ;
#4568 = PLANE ( 'NONE',  #4567 ) ;
#4569 = FACE_OUTER_BOUND ( 'NONE', #1084, .T. ) ;
#4570 = DIRECTION ( 'NONE',  ( -3.071912700417139900E-015, 0.4999999999999859600, 0.8660254037844467000 ) ) ;
#4571 = VECTOR ( 'NONE', #4570, 1000.000000000000100 ) ;
#4572 = CARTESIAN_POINT ( 'NONE',  ( -19.00382317513372900, 1.590598923241604200, -11.70000000000006100 ) ) ;
#4573 = LINE ( 'NONE', #4572, #4571 ) ;
#4574 = DIRECTION ( 'NONE',  ( 1.297518949922157600E-016, -1.000000000000000000, -3.602683583928407900E-015 ) ) ;
#4575 = DIRECTION ( 'NONE',  ( -1.000000000000000000, -1.297518949922032600E-016, -3.472226957524090000E-015 ) ) ;
#4576 = CARTESIAN_POINT ( 'NONE',  ( -19.00382317513374300, 2.428612866367529900E-014, -7.700000000000065000 ) ) ;
#4577 = AXIS2_PLACEMENT_3D ( 'NONE', #4576, #4575, #4574 ) ;
#4578 = PLANE ( 'NONE',  #4577 ) ;
#4579 = FACE_OUTER_BOUND ( 'NONE', #1077, .T. ) ;
#4580 = DIRECTION ( 'NONE',  ( 3.071912700417128900E-015, -0.4999999999999921700, -0.8660254037844432600 ) ) ;
#4581 = VECTOR ( 'NONE', #4580, 999.9999999999998900 ) ;
#4582 = CARTESIAN_POINT ( 'NONE',  ( -0.9999999999999765700, 3.900000000000027400, -7.699999999999992200 ) ) ;
#4583 = LINE ( 'NONE', #4582, #4581 ) ;
#4584 = DIRECTION ( 'NONE',  ( 1.297518949922157600E-016, -1.000000000000000000, -3.602683583928407900E-015 ) ) ;
#4585 = DIRECTION ( 'NONE',  ( -1.000000000000000000, -1.297518949922032600E-016, -3.472226957524090000E-015 ) ) ;
#4586 = CARTESIAN_POINT ( 'NONE',  ( -19.19999999999998200, 2.000000000000018200, -5.800000000000060200 ) ) ;
#4587 = AXIS2_PLACEMENT_3D ( 'NONE', #4586, #4585, #4584 ) ;
#4588 = PLANE ( 'NONE',  #4587 ) ;
#4589 = FACE_OUTER_BOUND ( 'NONE', #1068, .T. ) ;
#4590 = CARTESIAN_POINT ( 'NONE',  ( -19.49999999999997900, -0.7999999999999812800, -6.100000000000070700 ) ) ;
#4591 = AXIS2_PLACEMENT_3D ( 'NONE', #4590, #4656, #4655 ) ;
#4592 = FACE_OUTER_BOUND ( 'NONE', #1124, .T. ) ;
#4593 = CYLINDRICAL_SURFACE ( 'NONE', #4591, 0.4000000000000001900 ) ;
#4594 = FACE_OUTER_BOUND ( 'NONE', #1116, .T. ) ;
#4595 = DIRECTION ( 'NONE',  ( 1.000000000000000000, -4.257162911145303200E-017, 3.472226957524089600E-015 ) ) ;
#4596 = VECTOR ( 'NONE', #4595, 1000.000000000000000 ) ;
#4597 = CARTESIAN_POINT ( 'NONE',  ( -7.549999999999987400, 6.500000000000022200, -6.100000000000002300 ) ) ;
#4598 = LINE ( 'NONE', #4597, #4596 ) ;
#4599 = CARTESIAN_POINT ( 'NONE',  ( -5.449999999999989500, 6.500000000000022200, -6.099999999999995200 ) ) ;
#4600 = DIRECTION ( 'NONE',  ( -3.472226957524089200E-015, -3.602683583928408700E-015, 1.000000000000000000 ) ) ;
#4601 = VECTOR ( 'NONE', #4600, 1000.000000000000000 ) ;
#4602 = CARTESIAN_POINT ( 'NONE',  ( -5.449999999999989500, 6.500000000000022200, -6.099999999999995200 ) ) ;
#4603 = LINE ( 'NONE', #4602, #4601 ) ;
#4604 = DIRECTION ( 'NONE',  ( -3.472226957524088800E-015, -3.455673119862577500E-015, 1.000000000000000000 ) ) ;
#4605 = DIRECTION ( 'NONE',  ( 1.297518949922153600E-016, -1.000000000000000000, -3.455673119862577100E-015 ) ) ;
#4606 = CARTESIAN_POINT ( 'NONE',  ( -7.550000000000000700, 6.500000000000006200, -1.800000000000001200 ) ) ;
#4607 = AXIS2_PLACEMENT_3D ( 'NONE', #4606, #4605, #4604 ) ;
#4608 = PLANE ( 'NONE',  #4607 ) ;
#4609 = FACE_OUTER_BOUND ( 'NONE', #1131, .T. ) ;
#4610 = DIRECTION ( 'NONE',  ( -3.523657060577880300E-015, -3.523657060577880300E-015, 1.000000000000000000 ) ) ;
#4611 = DIRECTION ( 'NONE',  ( 1.297518949922153600E-016, -1.000000000000000000, -3.491483361109382100E-015 ) ) ;
#4612 = CARTESIAN_POINT ( 'NONE',  ( -0.4999999999999796300, -0.7999999999999778400, -6.100000000000005000 ) ) ;
#4613 = AXIS2_PLACEMENT_3D ( 'NONE', #4612, #4611, #4610 ) ;
#4614 = CIRCLE ( 'NONE', #4613, 0.4000000000000010200 ) ;
#4615 = DIRECTION ( 'NONE',  ( 3.071912700417128900E-015, -0.4999999999999921700, -0.8660254037844432600 ) ) ;
#4616 = VECTOR ( 'NONE', #4615, 999.9999999999998900 ) ;
#4617 = CARTESIAN_POINT ( 'NONE',  ( 2.428612866367529900E-014, 3.900000000000027400, -7.699999999999988600 ) ) ;
#4618 = LINE ( 'NONE', #4617, #4616 ) ;
#4619 = DIRECTION ( 'NONE',  ( -1.297518949922157600E-016, 1.000000000000000000, 3.602683583928407900E-015 ) ) ;
#4620 = DIRECTION ( 'NONE',  ( 1.000000000000000000, 1.297518949922032600E-016, 3.472226957524090000E-015 ) ) ;
#4621 = CARTESIAN_POINT ( 'NONE',  ( -0.9999999999999765700, 3.900000000000053600, -7.699999999999990400 ) ) ;
#4622 = AXIS2_PLACEMENT_3D ( 'NONE', #4621, #4620, #4619 ) ;
#4623 = PLANE ( 'NONE',  #4622 ) ;
#4624 = PLANE ( 'NONE',  #4625 ) ;
#4625 = AXIS2_PLACEMENT_3D ( 'NONE', #4687, #4686, #4685 ) ;
#4626 = FACE_OUTER_BOUND ( 'NONE', #169, .T. ) ;
#4627 = DIRECTION ( 'NONE',  ( -3.472226957524089200E-015, -3.602683583928408700E-015, 1.000000000000000000 ) ) ;
#4628 = VECTOR ( 'NONE', #4627, 1000.000000000000000 ) ;
#4629 = CARTESIAN_POINT ( 'NONE',  ( -0.7999999999999812800, 4.700000000000020600, -5.799999999999986500 ) ) ;
#4630 = LINE ( 'NONE', #4629, #4628 ) ;
#4631 = DIRECTION ( 'NONE',  ( -1.000000000000000000, -1.297518949922035300E-016, -3.472226957524090000E-015 ) ) ;
#4632 = DIRECTION ( 'NONE',  ( -1.297518949922160300E-016, 1.000000000000000000, 3.602683583928407900E-015 ) ) ;
#4633 = CARTESIAN_POINT ( 'NONE',  ( -0.7999999999999812800, 4.700000000000020600, -5.799999999999986500 ) ) ;
#4634 = AXIS2_PLACEMENT_3D ( 'NONE', #4633, #4632, #4631 ) ;
#4635 = PLANE ( 'NONE',  #4634 ) ;
#4636 = FACE_OUTER_BOUND ( 'NONE', #1134, .T. ) ;
#4637 = DIRECTION ( 'NONE',  ( -3.472226957524089200E-015, -3.602683583928408700E-015, 1.000000000000000000 ) ) ;
#4638 = VECTOR ( 'NONE', #4637, 1000.000000000000000 ) ;
#4639 = CARTESIAN_POINT ( 'NONE',  ( -19.19999999999998200, 4.700000000000017900, -5.800000000000049600 ) ) ;
#4640 = LINE ( 'NONE', #4639, #4638 ) ;
#4641 = DIRECTION ( 'NONE',  ( -1.297518949922157600E-016, 1.000000000000000000, 3.602683583928407900E-015 ) ) ;
#4642 = VECTOR ( 'NONE', #4641, 1000.000000000000000 ) ;
#4643 = CARTESIAN_POINT ( 'NONE',  ( -7.549999999999990900, 5.400000000000019900, -6.100000000000006800 ) ) ;
#4644 = LINE ( 'NONE', #4643, #4642 ) ;
#4645 = CARTESIAN_POINT ( 'NONE',  ( -7.549999999999987400, 6.500000000000020400, -6.100000000000002300 ) ) ;
#4646 = DIRECTION ( 'NONE',  ( -3.178206029392427600E-015, -3.455673119862577500E-015, 1.000000000000000000 ) ) ;
#4647 = VECTOR ( 'NONE', #4646, 1000.000000000000000 ) ;
#4648 = CARTESIAN_POINT ( 'NONE',  ( -7.550000000000000700, 6.500000000000006200, -1.800000000000001200 ) ) ;
#4649 = LINE ( 'NONE', #4648, #4647 ) ;
#4650 = DIRECTION ( 'NONE',  ( -3.178206029392427600E-015, -3.602683583928408700E-015, 1.000000000000000000 ) ) ;
#4651 = DIRECTION ( 'NONE',  ( 1.000000000000000000, 1.297518949922043200E-016, 3.178206029392428000E-015 ) ) ;
#4652 = CARTESIAN_POINT ( 'NONE',  ( -7.550000000000000700, 6.500000000000006200, -1.800000000000001200 ) ) ;
#4653 = AXIS2_PLACEMENT_3D ( 'NONE', #4652, #4651, #4650 ) ;
#4654 = PLANE ( 'NONE',  #4653 ) ;
#4655 = DIRECTION ( 'NONE',  ( 0.0000000000000000000, 3.523657060577887800E-015, -1.000000000000000000 ) ) ;
#4656 = DIRECTION ( 'NONE',  ( -1.297518949922153600E-016, 1.000000000000000000, 3.491483361109382100E-015 ) ) ;
#4657 = UNCERTAINTY_MEASURE_WITH_UNIT (LENGTH_MEASURE( 1.000000000000000100E-005 ), #4660, 'distance_accuracy_value', 'NONE');
#4658 =( NAMED_UNIT ( * ) SI_UNIT ( $, .STERADIAN. ) SOLID_ANGLE_UNIT ( ) );
#4659 =( NAMED_UNIT ( * ) PLANE_ANGLE_UNIT ( ) SI_UNIT ( $, .RADIAN. ) );
#4660 =( LENGTH_UNIT ( ) NAMED_UNIT ( * ) SI_UNIT ( .MILLI., .METRE. ) );
#4661 = MECHANICAL_DESIGN_GEOMETRIC_PRESENTATION_REPRESENTATION (  '', ( #4663 ), #4719 ) ;
#4662 = PRESENTATION_LAYER_ASSIGNMENT (  '', '', ( #4663 ) ) ;
#4663 = STYLED_ITEM ( 'NONE', ( #4664 ), #1149 ) ;
#4664 = PRESENTATION_STYLE_ASSIGNMENT (( #4665 ) ) ;
#4665 = SURFACE_STYLE_USAGE ( .BOTH. , #4666 ) ;
#4666 = SURFACE_SIDE_STYLE ('',( #4667 ) ) ;
#4667 = SURFACE_STYLE_FILL_AREA ( #4668 ) ;
#4668 = FILL_AREA_STYLE ('',( #4675 ) ) ;
#4669 = COLOUR_RGB ( '',0.7529411764705882200, 0.7529411764705882200, 0.7529411764705882200 ) ;
#4670 = FACE_OUTER_BOUND ( 'NONE', #1150, .T. ) ;
#4671 = DIRECTION ( 'NONE',  ( -1.297518949922157600E-016, 1.000000000000000000, 3.602683583928407900E-015 ) ) ;
#4672 = VECTOR ( 'NONE', #4671, 1000.000000000000000 ) ;
#4673 = CARTESIAN_POINT ( 'NONE',  ( -1.749999999999994700, 3.650000000000004800, -2.599999999999993900 ) ) ;
#4674 = LINE ( 'NONE', #4673, #4672 ) ;
#4675 = FILL_AREA_STYLE_COLOUR ( '', #4669 ) ;
#4676 = CARTESIAN_POINT ( 'NONE',  ( -1.749999999999991100, 3.150000000000006100, -2.599999999999995600 ) ) ;
#4677 = DIRECTION ( 'NONE',  ( 1.000000000000000000, 2.381721122407539800E-016, 3.472226957524090400E-015 ) ) ;
#4678 = VECTOR ( 'NONE', #4677, 1000.000000000000000 ) ;
#4679 = CARTESIAN_POINT ( 'NONE',  ( -1.749999999999991100, 3.150000000000006100, -2.599999999999995600 ) ) ;
#4680 = LINE ( 'NONE', #4679, #4678 ) ;
#4681 = DIRECTION ( 'NONE',  ( 3.472226957524089200E-015, 3.602683583928408700E-015, -1.000000000000000000 ) ) ;
#4682 = VECTOR ( 'NONE', #4681, 1000.000000000000000 ) ;
#4683 = CARTESIAN_POINT ( 'NONE',  ( -2.249999999999995100, 3.650000000000004800, -2.599999999999995600 ) ) ;
#4684 = LINE ( 'NONE', #4683, #4682 ) ;
#4685 = DIRECTION ( 'NONE',  ( -1.297518949922157600E-016, 1.000000000000000000, 3.602683583928407900E-015 ) ) ;
#4686 = DIRECTION ( 'NONE',  ( 1.000000000000000000, 1.297518949922032600E-016, 3.472226957524090000E-015 ) ) ;
#4687 = CARTESIAN_POINT ( 'NONE',  ( -0.7999999999999778400, 2.000000000000020000, -5.799999999999996300 ) ) ;
#4688 =( LENGTH_UNIT ( ) NAMED_UNIT ( * ) SI_UNIT ( .MILLI., .METRE. ) );
#4689 = MECHANICAL_DESIGN_GEOMETRIC_PRESENTATION_REPRESENTATION (  '', ( #4691 ), #4743 ) ;
#4690 = PRESENTATION_LAYER_ASSIGNMENT (  '', '', ( #4691 ) ) ;
#4691 = STYLED_ITEM ( 'NONE', ( #4692 ), #1163 ) ;
#4692 = PRESENTATION_STYLE_ASSIGNMENT (( #4693 ) ) ;
#4693 = SURFACE_STYLE_USAGE ( .BOTH. , #4694 ) ;
#4694 = SURFACE_SIDE_STYLE ('',( #4695 ) ) ;
#4695 = SURFACE_STYLE_FILL_AREA ( #4696 ) ;
#4696 = FILL_AREA_STYLE ('',( #4703 ) ) ;
#4697 = COLOUR_RGB ( '',0.7529411764705882200, 0.7529411764705882200, 0.7529411764705882200 ) ;
#4698 = FACE_OUTER_BOUND ( 'NONE', #1164, .T. ) ;
#4699 = DIRECTION ( 'NONE',  ( -3.472226957524089200E-015, -3.491483361109382500E-015, 1.000000000000000000 ) ) ;
#4700 = DIRECTION ( 'NONE',  ( 1.297518949922153600E-016, -1.000000000000000000, -3.491483361109382100E-015 ) ) ;
#4701 = CARTESIAN_POINT ( 'NONE',  ( -0.4999999999999796300, -0.7999999999999778400, -6.100000000000005000 ) ) ;
#4702 = AXIS2_PLACEMENT_3D ( 'NONE', #4701, #4700, #4699 ) ;
#4703 = FILL_AREA_STYLE_COLOUR ( '', #4697 ) ;
#4704 = PLANE ( 'NONE',  #4702 ) ;
#4705 = FACE_OUTER_BOUND ( 'NONE', #1160, .T. ) ;
#4706 = DIRECTION ( 'NONE',  ( 3.472226957524089200E-015, 3.602683583928408700E-015, -1.000000000000000000 ) ) ;
#4707 = VECTOR ( 'NONE', #4706, 1000.000000000000000 ) ;
#4708 = CARTESIAN_POINT ( 'NONE',  ( -1.749999999999994700, 3.650000000000004800, -2.599999999999993900 ) ) ;
#4709 = LINE ( 'NONE', #4708, #4707 ) ;
#4710 = DIRECTION ( 'NONE',  ( 3.472226957524089200E-015, 3.602683583928408700E-015, -1.000000000000000000 ) ) ;
#4711 = VECTOR ( 'NONE', #4710, 1000.000000000000000 ) ;
#4712 = CARTESIAN_POINT ( 'NONE',  ( -1.749999999999991100, 3.150000000000006100, -2.599999999999995600 ) ) ;
#4713 = LINE ( 'NONE', #4712, #4711 ) ;
#4714 = DIRECTION ( 'NONE',  ( 1.297518949922157600E-016, -1.000000000000000000, -3.602683583928407900E-015 ) ) ;
#4715 = DIRECTION ( 'NONE',  ( -1.000000000000000000, -1.297518949922032600E-016, -3.472226957524090000E-015 ) ) ;
#4716 = CARTESIAN_POINT ( 'NONE',  ( -1.749999999999994700, 3.650000000000004800, -2.599999999999993900 ) ) ;
#4717 = AXIS2_PLACEMENT_3D ( 'NONE', #4716, #4715, #4714 ) ;
#4718 = PLANE ( 'NONE',  #4717 ) ;
#4719 =( GEOMETRIC_REPRESENTATION_CONTEXT ( 3 ) GLOBAL_UNCERTAINTY_ASSIGNED_CONTEXT ( ( #4657 ) ) GLOBAL_UNIT_ASSIGNED_CONTEXT ( ( #4660, #4659, #4658 ) ) REPRESENTATION_CONTEXT ( 'NONE', 'WORKASPACE' ) );
#4720 = FACE_OUTER_BOUND ( 'NONE', #1176, .T. ) ;
#4721 = DIRECTION ( 'NONE',  ( 0.0000000000000000000, -3.523657060577887800E-015, 1.000000000000000000 ) ) ;
#4722 = DIRECTION ( 'NONE',  ( 1.297518949922153600E-016, -1.000000000000000000, -3.491483361109382100E-015 ) ) ;
#4723 = CARTESIAN_POINT ( 'NONE',  ( -19.49999999999997900, -0.7999999999999812800, -6.100000000000070700 ) ) ;
#4724 = AXIS2_PLACEMENT_3D ( 'NONE', #4723, #4722, #4721 ) ;
#4725 = CIRCLE ( 'NONE', #4724, 0.4000000000000001900 ) ;
#4726 = PLANE ( 'NONE',  #4782 ) ;
#4727 = CARTESIAN_POINT ( 'NONE',  ( -2.249999999999991600, 3.150000000000006100, -2.599999999999997400 ) ) ;
#4728 = DIRECTION ( 'NONE',  ( 1.297518949922157600E-016, -1.000000000000000000, -3.602683583928407900E-015 ) ) ;
#4729 = VECTOR ( 'NONE', #4728, 1000.000000000000000 ) ;
#4730 = CARTESIAN_POINT ( 'NONE',  ( -2.249999999999995100, 3.650000000000004800, -2.599999999999995600 ) ) ;
#4731 = LINE ( 'NONE', #4730, #4729 ) ;
#4732 = CARTESIAN_POINT ( 'NONE',  ( -2.249999999999995100, 3.650000000000004800, -2.599999999999995600 ) ) ;
#4733 = CARTESIAN_POINT ( 'NONE',  ( -1.749999999999994700, 3.650000000000004800, -2.599999999999993900 ) ) ;
#4734 = DIRECTION ( 'NONE',  ( -1.000000000000000000, -1.297518949922035300E-016, -3.472226957524090000E-015 ) ) ;
#4735 = VECTOR ( 'NONE', #4734, 1000.000000000000000 ) ;
#4736 = CARTESIAN_POINT ( 'NONE',  ( -1.749999999999994700, 3.650000000000004800, -2.599999999999993900 ) ) ;
#4737 = LINE ( 'NONE', #4736, #4735 ) ;
#4738 = DIRECTION ( 'NONE',  ( -1.000000000000000000, -1.297518949922035300E-016, -3.472226957524090000E-015 ) ) ;
#4739 = DIRECTION ( 'NONE',  ( -3.472226957524089600E-015, -3.602683583928408700E-015, 1.000000000000000000 ) ) ;
#4740 = CARTESIAN_POINT ( 'NONE',  ( -2.249999999999995100, 3.650000000000004800, -2.599999999999995600 ) ) ;
#4741 = AXIS2_PLACEMENT_3D ( 'NONE', #4740, #4739, #4738 ) ;
#4742 = PLANE ( 'NONE',  #4741 ) ;
#4743 =( GEOMETRIC_REPRESENTATION_CONTEXT ( 3 ) GLOBAL_UNCERTAINTY_ASSIGNED_CONTEXT ( ( #4744 ) ) GLOBAL_UNIT_ASSIGNED_CONTEXT ( ( #4688, #4746, #4745 ) ) REPRESENTATION_CONTEXT ( 'NONE', 'WORKASPACE' ) );
#4744 = UNCERTAINTY_MEASURE_WITH_UNIT (LENGTH_MEASURE( 1.000000000000000100E-005 ), #4688, 'distance_accuracy_value', 'NONE');
#4745 =( NAMED_UNIT ( * ) SI_UNIT ( $, .STERADIAN. ) SOLID_ANGLE_UNIT ( ) );
#4746 =( NAMED_UNIT ( * ) PLANE_ANGLE_UNIT ( ) SI_UNIT ( $, .RADIAN. ) );
#4747 = SURFACE_SIDE_STYLE ('',( #4748 ) ) ;
#4748 = SURFACE_STYLE_FILL_AREA ( #4749 ) ;
#4749 = FILL_AREA_STYLE ('',( #4756 ) ) ;
#4750 = COLOUR_RGB ( '',0.7529411764705882200, 0.7529411764705882200, 0.7529411764705882200 ) ;
#4751 = FACE_OUTER_BOUND ( 'NONE', #1192, .T. ) ;
#4752 = DIRECTION ( 'NONE',  ( 3.472226957524089200E-015, 3.602683583928408700E-015, -1.000000000000000000 ) ) ;
#4753 = VECTOR ( 'NONE', #4752, 1000.000000000000000 ) ;
#4754 = CARTESIAN_POINT ( 'NONE',  ( -2.249999999999995100, 3.650000000000004800, -2.599999999999995600 ) ) ;
#4755 = LINE ( 'NONE', #4754, #4753 ) ;
#4756 = FILL_AREA_STYLE_COLOUR ( '', #4750 ) ;
#4757 = CARTESIAN_POINT ( 'NONE',  ( -2.249999999999974200, 3.650000000000027400, -8.449999999999995700 ) ) ;
#4758 = DIRECTION ( 'NONE',  ( -1.000000000000000000, -1.297518949922035300E-016, -3.472226957524090000E-015 ) ) ;
#4759 = VECTOR ( 'NONE', #4758, 1000.000000000000000 ) ;
#4760 = CARTESIAN_POINT ( 'NONE',  ( -1.749999999999973800, 3.650000000000027400, -8.449999999999994000 ) ) ;
#4761 = LINE ( 'NONE', #4760, #4759 ) ;
#4762 = CARTESIAN_POINT ( 'NONE',  ( -1.749999999999973800, 3.650000000000027400, -8.449999999999994000 ) ) ;
#4763 = DIRECTION ( 'NONE',  ( 3.472226957524089200E-015, 3.602683583928408700E-015, -1.000000000000000000 ) ) ;
#4764 = VECTOR ( 'NONE', #4763, 1000.000000000000000 ) ;
#4765 = CARTESIAN_POINT ( 'NONE',  ( -1.749999999999994700, 3.650000000000004800, -2.599999999999993900 ) ) ;
#4766 = LINE ( 'NONE', #4765, #4764 ) ;
#4767 = CARTESIAN_POINT ( 'NONE',  ( -1.749999999999966900, -3.399999999999975900, -8.450000000000018800 ) ) ;
#4768 = CARTESIAN_POINT ( 'NONE',  ( -1.749999999999970200, -3.399999999999977700, -7.950000000000019700 ) ) ;
#4769 = DIRECTION ( 'NONE',  ( -2.133167774366492200E-017, 1.000000000000000000, 3.602683583928408700E-015 ) ) ;
#4770 = VECTOR ( 'NONE', #4769, 1000.000000000000000 ) ;
#4771 = CARTESIAN_POINT ( 'NONE',  ( -1.749999999999970200, -3.399999999999977700, -7.950000000000019700 ) ) ;
#4772 = LINE ( 'NONE', #4771, #4770 ) ;
#4773 = DIRECTION ( 'NONE',  ( 3.523657060577880300E-015, 3.523657060577880300E-015, -1.000000000000000000 ) ) ;
#4774 = DIRECTION ( 'NONE',  ( -1.297518949922153600E-016, 1.000000000000000000, 3.491483361109382100E-015 ) ) ;
#4775 = CARTESIAN_POINT ( 'NONE',  ( -0.4999999999999796300, -0.7999999999999778400, -6.100000000000005000 ) ) ;
#4776 = AXIS2_PLACEMENT_3D ( 'NONE', #4775, #4774, #4773 ) ;
#4777 = CYLINDRICAL_SURFACE ( 'NONE', #4776, 0.4000000000000010200 ) ;
#4778 = FACE_OUTER_BOUND ( 'NONE', #1102, .T. ) ;
#4779 = DIRECTION ( 'NONE',  ( -3.472226957524089200E-015, -3.491483361109382500E-015, 1.000000000000000000 ) ) ;
#4780 = DIRECTION ( 'NONE',  ( 1.297518949922153600E-016, -1.000000000000000000, -3.491483361109382100E-015 ) ) ;
#4781 = CARTESIAN_POINT ( 'NONE',  ( -19.49999999999997900, -0.7999999999999812800, -6.100000000000070700 ) ) ;
#4782 = AXIS2_PLACEMENT_3D ( 'NONE', #4781, #4780, #4779 ) ;
#4783 = STYLED_ITEM ( 'NONE', ( #4784 ), #1200 ) ;
#4784 = PRESENTATION_STYLE_ASSIGNMENT (( #4785 ) ) ;
#4785 = SURFACE_STYLE_USAGE ( .BOTH. , #4786 ) ;
#4786 = SURFACE_SIDE_STYLE ('',( #4787 ) ) ;
#4787 = SURFACE_STYLE_FILL_AREA ( #4788 ) ;
#4788 = FILL_AREA_STYLE ('',( #4789 ) ) ;
#4789 = FILL_AREA_STYLE_COLOUR ( '', #4790 ) ;
#4790 = COLOUR_RGB ( '',0.7529411764705882200, 0.7529411764705882200, 0.7529411764705882200 ) ;
#4791 = FACE_OUTER_BOUND ( 'NONE', #1201, .T. ) ;
#4792 = CARTESIAN_POINT ( 'NONE',  ( -2.249999999999967100, -3.399999999999975900, -8.450000000000020600 ) ) ;
#4793 = DIRECTION ( 'NONE',  ( 1.297518949922157600E-016, -1.000000000000000000, -3.602683583928407900E-015 ) ) ;
#4794 = VECTOR ( 'NONE', #4793, 1000.000000000000000 ) ;
#4795 = CARTESIAN_POINT ( 'NONE',  ( -2.249999999999974200, 3.650000000000027400, -8.449999999999995700 ) ) ;
#4796 = LINE ( 'NONE', #4795, #4794 ) ;
#4797 = DIRECTION ( 'NONE',  ( -1.297518949922157600E-016, 1.000000000000000000, 3.602683583928407900E-015 ) ) ;
#4798 = DIRECTION ( 'NONE',  ( 1.000000000000000000, 1.297518949922032600E-016, 3.472226957524090000E-015 ) ) ;
#4799 = CARTESIAN_POINT ( 'NONE',  ( -2.249999999999995100, 3.650000000000004800, -2.599999999999995600 ) ) ;
#4800 = AXIS2_PLACEMENT_3D ( 'NONE', #4799, #4798, #4797 ) ;
#4801 = PLANE ( 'NONE',  #4800 ) ;
#4802 =( GEOMETRIC_REPRESENTATION_CONTEXT ( 3 ) GLOBAL_UNCERTAINTY_ASSIGNED_CONTEXT ( ( #4803 ) ) GLOBAL_UNIT_ASSIGNED_CONTEXT ( ( #4806, #4805, #4804 ) ) REPRESENTATION_CONTEXT ( 'NONE', 'WORKASPACE' ) );
#4803 = UNCERTAINTY_MEASURE_WITH_UNIT (LENGTH_MEASURE( 1.000000000000000100E-005 ), #4806, 'distance_accuracy_value', 'NONE');
#4804 =( NAMED_UNIT ( * ) SI_UNIT ( $, .STERADIAN. ) SOLID_ANGLE_UNIT ( ) );
#4805 =( NAMED_UNIT ( * ) PLANE_ANGLE_UNIT ( ) SI_UNIT ( $, .RADIAN. ) );
#4806 =( LENGTH_UNIT ( ) NAMED_UNIT ( * ) SI_UNIT ( .MILLI., .METRE. ) );
#4807 = MECHANICAL_DESIGN_GEOMETRIC_PRESENTATION_REPRESENTATION (  '', ( #4809 ), #4802 ) ;
#4808 = PRESENTATION_LAYER_ASSIGNMENT (  '', '', ( #4809 ) ) ;
#4809 = STYLED_ITEM ( 'NONE', ( #4810 ), #1191 ) ;
#4810 = PRESENTATION_STYLE_ASSIGNMENT (( #4811 ) ) ;
#4811 = SURFACE_STYLE_USAGE ( .BOTH. , #4747 ) ;
#4812 = UNCERTAINTY_MEASURE_WITH_UNIT (LENGTH_MEASURE( 1.000000000000000100E-005 ), #4815, 'distance_accuracy_value', 'NONE');
#4813 =( NAMED_UNIT ( * ) SI_UNIT ( $, .STERADIAN. ) SOLID_ANGLE_UNIT ( ) );
#4814 =( NAMED_UNIT ( * ) PLANE_ANGLE_UNIT ( ) SI_UNIT ( $, .RADIAN. ) );
#4815 =( LENGTH_UNIT ( ) NAMED_UNIT ( * ) SI_UNIT ( .MILLI., .METRE. ) );
#4816 = MECHANICAL_DESIGN_GEOMETRIC_PRESENTATION_REPRESENTATION (  '', ( #4818 ), #4859 ) ;
#4817 = PRESENTATION_LAYER_ASSIGNMENT (  '', '', ( #4818 ) ) ;
#4818 = STYLED_ITEM ( 'NONE', ( #4819 ), #1206 ) ;
#4819 = PRESENTATION_STYLE_ASSIGNMENT (( #4820 ) ) ;
#4820 = SURFACE_STYLE_USAGE ( .BOTH. , #4821 ) ;
#4821 = SURFACE_SIDE_STYLE ('',( #4822 ) ) ;
#4822 = SURFACE_STYLE_FILL_AREA ( #4823 ) ;
#4823 = FILL_AREA_STYLE ('',( #4830 ) ) ;
#4824 = COLOUR_RGB ( '',0.7529411764705882200, 0.7529411764705882200, 0.7529411764705882200 ) ;
#4825 = FACE_OUTER_BOUND ( 'NONE', #1207, .T. ) ;
#4826 = DIRECTION ( 'NONE',  ( 1.000000000000000000, 1.297518949922035300E-016, 3.472226957524090000E-015 ) ) ;
#4827 = DIRECTION ( 'NONE',  ( 1.297518949922160300E-016, -1.000000000000000000, -3.602683583928407900E-015 ) ) ;
#4828 = CARTESIAN_POINT ( 'NONE',  ( -1.749999999999994700, 3.650000000000004800, -2.599999999999993900 ) ) ;
#4829 = AXIS2_PLACEMENT_3D ( 'NONE', #4828, #4827, #4826 ) ;
#4830 = FILL_AREA_STYLE_COLOUR ( '', #4824 ) ;
#4831 = PLANE ( 'NONE',  #4829 ) ;
#4832 =( GEOMETRIC_REPRESENTATION_CONTEXT ( 3 ) GLOBAL_UNCERTAINTY_ASSIGNED_CONTEXT ( ( #4833 ) ) GLOBAL_UNIT_ASSIGNED_CONTEXT ( ( #112, #4835, #4834 ) ) REPRESENTATION_CONTEXT ( 'NONE', 'WORKASPACE' ) );
#4833 = UNCERTAINTY_MEASURE_WITH_UNIT (LENGTH_MEASURE( 1.000000000000000100E-005 ), #112, 'distance_accuracy_value', 'NONE');
#4834 =( NAMED_UNIT ( * ) SI_UNIT ( $, .STERADIAN. ) SOLID_ANGLE_UNIT ( ) );
#4835 =( NAMED_UNIT ( * ) PLANE_ANGLE_UNIT ( ) SI_UNIT ( $, .RADIAN. ) );
#4836 = AXIS2_PLACEMENT_3D ( 'NONE', #4887, #4886, #4885 ) ;
#4837 = PLANE ( 'NONE',  #4836 ) ;
#4838 =( GEOMETRIC_REPRESENTATION_CONTEXT ( 3 ) GLOBAL_UNCERTAINTY_ASSIGNED_CONTEXT ( ( #4839 ) ) GLOBAL_UNIT_ASSIGNED_CONTEXT ( ( #4842, #4841, #4840 ) ) REPRESENTATION_CONTEXT ( 'NONE', 'WORKASPACE' ) );
#4839 = UNCERTAINTY_MEASURE_WITH_UNIT (LENGTH_MEASURE( 1.000000000000000100E-005 ), #4842, 'distance_accuracy_value', 'NONE');
#4840 =( NAMED_UNIT ( * ) SI_UNIT ( $, .STERADIAN. ) SOLID_ANGLE_UNIT ( ) );
#4841 =( NAMED_UNIT ( * ) PLANE_ANGLE_UNIT ( ) SI_UNIT ( $, .RADIAN. ) );
#4842 =( LENGTH_UNIT ( ) NAMED_UNIT ( * ) SI_UNIT ( .MILLI., .METRE. ) );
#4843 = MECHANICAL_DESIGN_GEOMETRIC_PRESENTATION_REPRESENTATION (  '', ( #4845 ), #4838 ) ;
#4844 = PRESENTATION_LAYER_ASSIGNMENT (  '', '', ( #4845 ) ) ;
#4845 = STYLED_ITEM ( 'NONE', ( #4846 ), #1210 ) ;
#4846 = PRESENTATION_STYLE_ASSIGNMENT (( #4847 ) ) ;
#4847 = SURFACE_STYLE_USAGE ( .BOTH. , #4848 ) ;
#4848 = SURFACE_SIDE_STYLE ('',( #4849 ) ) ;
#4849 = SURFACE_STYLE_FILL_AREA ( #4850 ) ;
#4850 = FILL_AREA_STYLE ('',( #4857 ) ) ;
#4851 = COLOUR_RGB ( '',0.7529411764705882200, 0.7529411764705882200, 0.7529411764705882200 ) ;
#4852 = FACE_OUTER_BOUND ( 'NONE', #1211, .T. ) ;
#4853 = DIRECTION ( 'NONE',  ( 1.000000000000000000, 1.297518949922035300E-016, 3.472226957524090000E-015 ) ) ;
#4854 = DIRECTION ( 'NONE',  ( 1.297518949922160300E-016, -1.000000000000000000, -3.602683583928407900E-015 ) ) ;
#4855 = CARTESIAN_POINT ( 'NONE',  ( -1.749999999999994700, 3.650000000000004800, -2.599999999999993900 ) ) ;
#4856 = AXIS2_PLACEMENT_3D ( 'NONE', #4855, #4854, #4853 ) ;
#4857 = FILL_AREA_STYLE_COLOUR ( '', #4851 ) ;
#4858 = PLANE ( 'NONE',  #4856 ) ;
#4859 =( GEOMETRIC_REPRESENTATION_CONTEXT ( 3 ) GLOBAL_UNCERTAINTY_ASSIGNED_CONTEXT ( ( #4812 ) ) GLOBAL_UNIT_ASSIGNED_CONTEXT ( ( #4815, #4814, #4813 ) ) REPRESENTATION_CONTEXT ( 'NONE', 'WORKASPACE' ) );
#4860 = DIRECTION ( 'NONE',  ( -1.297518949922157600E-016, 1.000000000000000000, 3.602683583928407900E-015 ) ) ;
#4861 = DIRECTION ( 'NONE',  ( 1.000000000000000000, 1.297518949922032600E-016, 3.472226957524090000E-015 ) ) ;
#4862 = CARTESIAN_POINT ( 'NONE',  ( -2.249999999999995100, 3.650000000000004800, -2.599999999999995600 ) ) ;
#4863 = AXIS2_PLACEMENT_3D ( 'NONE', #4862, #4861, #4860 ) ;
#4864 = PLANE ( 'NONE',  #4863 ) ;
#4865 =( GEOMETRIC_REPRESENTATION_CONTEXT ( 3 ) GLOBAL_UNCERTAINTY_ASSIGNED_CONTEXT ( ( #4866 ) ) GLOBAL_UNIT_ASSIGNED_CONTEXT ( ( #4869, #4868, #4867 ) ) REPRESENTATION_CONTEXT ( 'NONE', 'WORKASPACE' ) );
#4866 = UNCERTAINTY_MEASURE_WITH_UNIT (LENGTH_MEASURE( 1.000000000000000100E-005 ), #4869, 'distance_accuracy_value', 'NONE');
#4867 =( NAMED_UNIT ( * ) SI_UNIT ( $, .STERADIAN. ) SOLID_ANGLE_UNIT ( ) );
#4868 =( NAMED_UNIT ( * ) PLANE_ANGLE_UNIT ( ) SI_UNIT ( $, .RADIAN. ) );
#4869 =( LENGTH_UNIT ( ) NAMED_UNIT ( * ) SI_UNIT ( .MILLI., .METRE. ) );
#4870 = MECHANICAL_DESIGN_GEOMETRIC_PRESENTATION_REPRESENTATION (  '', ( #4872 ), #4865 ) ;
#4871 = PRESENTATION_LAYER_ASSIGNMENT (  '', '', ( #4872 ) ) ;
#4872 = STYLED_ITEM ( 'NONE', ( #4873 ), #1217 ) ;
#4873 = PRESENTATION_STYLE_ASSIGNMENT (( #4874 ) ) ;
#4874 = SURFACE_STYLE_USAGE ( .BOTH. , #4875 ) ;
#4875 = SURFACE_SIDE_STYLE ('',( #4876 ) ) ;
#4876 = SURFACE_STYLE_FILL_AREA ( #4877 ) ;
#4877 = FILL_AREA_STYLE ('',( #4884 ) ) ;
#4878 = COLOUR_RGB ( '',0.7529411764705882200, 0.7529411764705882200, 0.7529411764705882200 ) ;
#4879 = FACE_OUTER_BOUND ( 'NONE', #1218, .T. ) ;
#4880 = DIRECTION ( 'NONE',  ( 3.472226957524089200E-015, 3.602683583928408700E-015, -1.000000000000000000 ) ) ;
#4881 = VECTOR ( 'NONE', #4880, 1000.000000000000000 ) ;
#4882 = CARTESIAN_POINT ( 'NONE',  ( -2.249999999999991600, 3.150000000000006100, -2.599999999999997400 ) ) ;
#4883 = LINE ( 'NONE', #4882, #4881 ) ;
#4884 = FILL_AREA_STYLE_COLOUR ( '', #4878 ) ;
#4885 = DIRECTION ( 'NONE',  ( -1.000000000000000000, -2.381721122407539800E-016, -3.472226957524090400E-015 ) ) ;
#4886 = DIRECTION ( 'NONE',  ( -2.381721122407665000E-016, 1.000000000000000000, 3.602683583928407900E-015 ) ) ;
#4887 = CARTESIAN_POINT ( 'NONE',  ( -1.749999999999991100, 3.150000000000006100, -2.599999999999995600 ) ) ;
#4888 = DIRECTION ( 'NONE',  ( 1.000000000000000000, 1.297518949922035300E-016, 3.472226957524090000E-015 ) ) ;
#4889 = DIRECTION ( 'NONE',  ( 3.472226957524089600E-015, 3.602683583928408700E-015, -1.000000000000000000 ) ) ;
#4890 = CARTESIAN_POINT ( 'NONE',  ( -2.249999999999970700, -3.399999999999977700, -7.950000000000021500 ) ) ;
#4891 = AXIS2_PLACEMENT_3D ( 'NONE', #4890, #4889, #4888 ) ;
#4892 = PLANE ( 'NONE',  #4891 ) ;
#4893 =( GEOMETRIC_REPRESENTATION_CONTEXT ( 3 ) GLOBAL_UNCERTAINTY_ASSIGNED_CONTEXT ( ( #4894 ) ) GLOBAL_UNIT_ASSIGNED_CONTEXT ( ( #4897, #4896, #4895 ) ) REPRESENTATION_CONTEXT ( 'NONE', 'WORKASPACE' ) );
#4894 = UNCERTAINTY_MEASURE_WITH_UNIT (LENGTH_MEASURE( 1.000000000000000100E-005 ), #4897, 'distance_accuracy_value', 'NONE');
#4895 =( NAMED_UNIT ( * ) SI_UNIT ( $, .STERADIAN. ) SOLID_ANGLE_UNIT ( ) );
#4896 =( NAMED_UNIT ( * ) PLANE_ANGLE_UNIT ( ) SI_UNIT ( $, .RADIAN. ) );
#4897 =( LENGTH_UNIT ( ) NAMED_UNIT ( * ) SI_UNIT ( .MILLI., .METRE. ) );
#4898 = MECHANICAL_DESIGN_GEOMETRIC_PRESENTATION_REPRESENTATION (  '', ( #4900 ), #4893 ) ;
#4899 = PRESENTATION_LAYER_ASSIGNMENT (  '', '', ( #4900 ) ) ;
#4900 = STYLED_ITEM ( 'NONE', ( #4901 ), #1223 ) ;
#4901 = PRESENTATION_STYLE_ASSIGNMENT (( #4902 ) ) ;
#4902 = SURFACE_STYLE_USAGE ( .BOTH. , #4903 ) ;
#4903 = SURFACE_SIDE_STYLE ('',( #4904 ) ) ;
#4904 = SURFACE_STYLE_FILL_AREA ( #4905 ) ;
#4905 = FILL_AREA_STYLE ('',( #4912 ) ) ;
#4906 = COLOUR_RGB ( '',0.7529411764705882200, 0.7529411764705882200, 0.7529411764705882200 ) ;
#4907 = FACE_OUTER_BOUND ( 'NONE', #1247, .T. ) ;
#4908 = DIRECTION ( 'NONE',  ( -1.297518949922157600E-016, 1.000000000000000000, 3.602683583928407900E-015 ) ) ;
#4909 = VECTOR ( 'NONE', #4908, 1000.000000000000000 ) ;
#4910 = CARTESIAN_POINT ( 'NONE',  ( -3.749999999999996400, 3.650000000000004800, -2.600000000000000100 ) ) ;
#4911 = LINE ( 'NONE', #4910, #4909 ) ;
#4912 = FILL_AREA_STYLE_COLOUR ( '', #4906 ) ;
#4913 = CARTESIAN_POINT ( 'NONE',  ( -3.749999999999992900, 3.150000000000004400, -2.600000000000001400 ) ) ;
#4914 = DIRECTION ( 'NONE',  ( 1.000000000000000000, 2.381721122407539800E-016, 3.472226957524090400E-015 ) ) ;
#4915 = VECTOR ( 'NONE', #4914, 1000.000000000000000 ) ;
#4916 = CARTESIAN_POINT ( 'NONE',  ( -3.749999999999992900, 3.150000000000004400, -2.600000000000001400 ) ) ;
#4917 = LINE ( 'NONE', #4916, #4915 ) ;
#4918 = VECTOR ( 'NONE', #4973, 1000.000000000000000 ) ;
#4919 = CARTESIAN_POINT ( 'NONE',  ( -1.749999999999966900, -3.399999999999975900, -8.450000000000018800 ) ) ;
#4920 = LINE ( 'NONE', #4919, #4918 ) ;
#4921 = DIRECTION ( 'NONE',  ( -1.000000000000000000, -2.133167774365308900E-017, -3.472226957524089600E-015 ) ) ;
#4922 = DIRECTION ( 'NONE',  ( -2.133167774366559900E-017, 1.000000000000000000, 3.602683583928408700E-015 ) ) ;
#4923 = CARTESIAN_POINT ( 'NONE',  ( -1.749999999999970200, -3.399999999999977700, -7.950000000000019700 ) ) ;
#4924 = AXIS2_PLACEMENT_3D ( 'NONE', #4923, #4922, #4921 ) ;
#4925 = PLANE ( 'NONE',  #4924 ) ;
#4926 =( GEOMETRIC_REPRESENTATION_CONTEXT ( 3 ) GLOBAL_UNCERTAINTY_ASSIGNED_CONTEXT ( ( #4927 ) ) GLOBAL_UNIT_ASSIGNED_CONTEXT ( ( #4930, #4929, #4928 ) ) REPRESENTATION_CONTEXT ( 'NONE', 'WORKASPACE' ) );
#4927 = UNCERTAINTY_MEASURE_WITH_UNIT (LENGTH_MEASURE( 1.000000000000000100E-005 ), #4930, 'distance_accuracy_value', 'NONE');
#4928 =( NAMED_UNIT ( * ) SI_UNIT ( $, .STERADIAN. ) SOLID_ANGLE_UNIT ( ) );
#4929 =( NAMED_UNIT ( * ) PLANE_ANGLE_UNIT ( ) SI_UNIT ( $, .RADIAN. ) );
#4930 =( LENGTH_UNIT ( ) NAMED_UNIT ( * ) SI_UNIT ( .MILLI., .METRE. ) );
#4931 = MECHANICAL_DESIGN_GEOMETRIC_PRESENTATION_REPRESENTATION (  '', ( #4933 ), #4926 ) ;
#4932 = PRESENTATION_LAYER_ASSIGNMENT (  '', '', ( #4933 ) ) ;
#4933 = STYLED_ITEM ( 'NONE', ( #4934 ), #1229 ) ;
#4934 = PRESENTATION_STYLE_ASSIGNMENT (( #4935 ) ) ;
#4935 = SURFACE_STYLE_USAGE ( .BOTH. , #4936 ) ;
#4936 = SURFACE_SIDE_STYLE ('',( #4937 ) ) ;
#4937 = SURFACE_STYLE_FILL_AREA ( #4938 ) ;
#4938 = FILL_AREA_STYLE ('',( #4945 ) ) ;
#4939 = COLOUR_RGB ( '',0.7529411764705882200, 0.7529411764705882200, 0.7529411764705882200 ) ;
#4940 = FACE_OUTER_BOUND ( 'NONE', #1230, .T. ) ;
#4941 = DIRECTION ( 'NONE',  ( -1.000000000000000000, -2.133167774365308900E-017, -3.472226957524089600E-015 ) ) ;
#4942 = VECTOR ( 'NONE', #4941, 1000.000000000000000 ) ;
#4943 = CARTESIAN_POINT ( 'NONE',  ( -2.249999999999970700, -3.399999999999977700, -7.950000000000021500 ) ) ;
#4944 = LINE ( 'NONE', #4943, #4942 ) ;
#4945 = FILL_AREA_STYLE_COLOUR ( '', #4939 ) ;
#4946 = CARTESIAN_POINT ( 'NONE',  ( -2.249999999999967100, -3.399999999999975900, -8.450000000000020600 ) ) ;
#4947 = LINE ( 'NONE', #4946, #5001 ) ;
#4948 = DIRECTION ( 'NONE',  ( -1.000000000000000000, -1.297518949922035300E-016, -3.472226957524090000E-015 ) ) ;
#4949 = DIRECTION ( 'NONE',  ( -3.472226957524089600E-015, -3.602683583928408700E-015, 1.000000000000000000 ) ) ;
#4950 = CARTESIAN_POINT ( 'NONE',  ( -2.249999999999974200, 3.650000000000027400, -8.449999999999995700 ) ) ;
#4951 = AXIS2_PLACEMENT_3D ( 'NONE', #4950, #4949, #4948 ) ;
#4952 = PLANE ( 'NONE',  #4951 ) ;
#4953 =( GEOMETRIC_REPRESENTATION_CONTEXT ( 3 ) GLOBAL_UNCERTAINTY_ASSIGNED_CONTEXT ( ( #4954 ) ) GLOBAL_UNIT_ASSIGNED_CONTEXT ( ( #4957, #4956, #4955 ) ) REPRESENTATION_CONTEXT ( 'NONE', 'WORKASPACE' ) );
#4954 = UNCERTAINTY_MEASURE_WITH_UNIT (LENGTH_MEASURE( 1.000000000000000100E-005 ), #4957, 'distance_accuracy_value', 'NONE');
#4955 =( NAMED_UNIT ( * ) SI_UNIT ( $, .STERADIAN. ) SOLID_ANGLE_UNIT ( ) );
#4956 =( NAMED_UNIT ( * ) PLANE_ANGLE_UNIT ( ) SI_UNIT ( $, .RADIAN. ) );
#4957 =( LENGTH_UNIT ( ) NAMED_UNIT ( * ) SI_UNIT ( .MILLI., .METRE. ) );
#4958 = MECHANICAL_DESIGN_GEOMETRIC_PRESENTATION_REPRESENTATION (  '', ( #4960 ), #4953 ) ;
#4959 = PRESENTATION_LAYER_ASSIGNMENT (  '', '', ( #4960 ) ) ;
#4960 = STYLED_ITEM ( 'NONE', ( #4961 ), #1240 ) ;
#4961 = PRESENTATION_STYLE_ASSIGNMENT (( #4962 ) ) ;
#4962 = SURFACE_STYLE_USAGE ( .BOTH. , #4963 ) ;
#4963 = SURFACE_SIDE_STYLE ('',( #4964 ) ) ;
#4964 = SURFACE_STYLE_FILL_AREA ( #4965 ) ;
#4965 = FILL_AREA_STYLE ('',( #4972 ) ) ;
#4966 = COLOUR_RGB ( '',0.7529411764705882200, 0.7529411764705882200, 0.7529411764705882200 ) ;
#4967 = FACE_OUTER_BOUND ( 'NONE', #1241, .T. ) ;
#4968 = DIRECTION ( 'NONE',  ( -1.297518949922157600E-016, 1.000000000000000000, 3.602683583928407900E-015 ) ) ;
#4969 = VECTOR ( 'NONE', #4968, 1000.000000000000000 ) ;
#4970 = CARTESIAN_POINT ( 'NONE',  ( -1.749999999999973800, 3.650000000000027400, -8.449999999999994000 ) ) ;
#4971 = LINE ( 'NONE', #4970, #4969 ) ;
#4972 = FILL_AREA_STYLE_COLOUR ( '', #4966 ) ;
#4973 = DIRECTION ( 'NONE',  ( -3.472226957524089200E-015, -3.602683583928408700E-015, 1.000000000000000000 ) ) ;
#4974 = PLANE ( 'NONE',  #5027 ) ;
#4975 =( GEOMETRIC_REPRESENTATION_CONTEXT ( 3 ) GLOBAL_UNCERTAINTY_ASSIGNED_CONTEXT ( ( #4976 ) ) GLOBAL_UNIT_ASSIGNED_CONTEXT ( ( #4979, #4978, #4977 ) ) REPRESENTATION_CONTEXT ( 'NONE', 'WORKASPACE' ) );
#4976 = UNCERTAINTY_MEASURE_WITH_UNIT (LENGTH_MEASURE( 1.000000000000000100E-005 ), #4979, 'distance_accuracy_value', 'NONE');
#4977 =( NAMED_UNIT ( * ) SI_UNIT ( $, .STERADIAN. ) SOLID_ANGLE_UNIT ( ) );
#4978 =( NAMED_UNIT ( * ) PLANE_ANGLE_UNIT ( ) SI_UNIT ( $, .RADIAN. ) );
#4979 =( LENGTH_UNIT ( ) NAMED_UNIT ( * ) SI_UNIT ( .MILLI., .METRE. ) );
#4980 = MECHANICAL_DESIGN_GEOMETRIC_PRESENTATION_REPRESENTATION (  '', ( #4982 ), #4975 ) ;
#4981 = PRESENTATION_LAYER_ASSIGNMENT (  '', '', ( #4982 ) ) ;
#4982 = STYLED_ITEM ( 'NONE', ( #4983 ), #1254 ) ;
#4983 = PRESENTATION_STYLE_ASSIGNMENT (( #4984 ) ) ;
#4984 = SURFACE_STYLE_USAGE ( .BOTH. , #4985 ) ;
#4985 = SURFACE_SIDE_STYLE ('',( #4986 ) ) ;
#4986 = SURFACE_STYLE_FILL_AREA ( #4987 ) ;
#4987 = FILL_AREA_STYLE ('',( #4994 ) ) ;
#4988 = COLOUR_RGB ( '',0.7529411764705882200, 0.7529411764705882200, 0.7529411764705882200 ) ;
#4989 = FACE_OUTER_BOUND ( 'NONE', #1255, .T. ) ;
#4990 = DIRECTION ( 'NONE',  ( -2.133167774366492200E-017, 1.000000000000000000, 3.602683583928408700E-015 ) ) ;
#4991 = VECTOR ( 'NONE', #4990, 1000.000000000000000 ) ;
#4992 = CARTESIAN_POINT ( 'NONE',  ( -2.249999999999970700, -3.399999999999977700, -7.950000000000021500 ) ) ;
#4993 = LINE ( 'NONE', #4992, #4991 ) ;
#4994 = FILL_AREA_STYLE_COLOUR ( '', #4988 ) ;
#4995 = CARTESIAN_POINT ( 'NONE',  ( -2.249999999999970700, -3.399999999999977700, -7.950000000000021500 ) ) ;
#4996 = DIRECTION ( 'NONE',  ( 3.472226957524089200E-015, 3.602683583928408700E-015, -1.000000000000000000 ) ) ;
#4997 = VECTOR ( 'NONE', #4996, 1000.000000000000000 ) ;
#4998 = CARTESIAN_POINT ( 'NONE',  ( -2.249999999999967100, -3.399999999999975900, -8.450000000000020600 ) ) ;
#4999 = LINE ( 'NONE', #4998, #4997 ) ;
#5000 = DIRECTION ( 'NONE',  ( 1.000000000000000000, 2.133167774365308900E-017, 3.472226957524089600E-015 ) ) ;
#5001 = VECTOR ( 'NONE', #5000, 1000.000000000000000 ) ;
#5002 =( GEOMETRIC_REPRESENTATION_CONTEXT ( 3 ) GLOBAL_UNCERTAINTY_ASSIGNED_CONTEXT ( ( #5003 ) ) GLOBAL_UNIT_ASSIGNED_CONTEXT ( ( #5006, #5005, #5004 ) ) REPRESENTATION_CONTEXT ( 'NONE', 'WORKASPACE' ) );
#5003 = UNCERTAINTY_MEASURE_WITH_UNIT (LENGTH_MEASURE( 1.000000000000000100E-005 ), #5006, 'distance_accuracy_value', 'NONE');
#5004 =( NAMED_UNIT ( * ) SI_UNIT ( $, .STERADIAN. ) SOLID_ANGLE_UNIT ( ) );
#5005 =( NAMED_UNIT ( * ) PLANE_ANGLE_UNIT ( ) SI_UNIT ( $, .RADIAN. ) );
#5006 =( LENGTH_UNIT ( ) NAMED_UNIT ( * ) SI_UNIT ( .MILLI., .METRE. ) );
#5007 = MECHANICAL_DESIGN_GEOMETRIC_PRESENTATION_REPRESENTATION (  '', ( #5009 ), #5002 ) ;
#5008 = PRESENTATION_LAYER_ASSIGNMENT (  '', '', ( #5009 ) ) ;
#5009 = STYLED_ITEM ( 'NONE', ( #5010 ), #1265 ) ;
#5010 = PRESENTATION_STYLE_ASSIGNMENT (( #5011 ) ) ;
#5011 = SURFACE_STYLE_USAGE ( .BOTH. , #5012 ) ;
#5012 = SURFACE_SIDE_STYLE ('',( #5013 ) ) ;
#5013 = SURFACE_STYLE_FILL_AREA ( #5014 ) ;
#5014 = FILL_AREA_STYLE ('',( #5015 ) ) ;
#5015 = FILL_AREA_STYLE_COLOUR ( '', #5016 ) ;
#5016 = COLOUR_RGB ( '',0.7529411764705882200, 0.7529411764705882200, 0.7529411764705882200 ) ;
#5017 = FACE_OUTER_BOUND ( 'NONE', #1266, .T. ) ;
#5018 = CARTESIAN_POINT ( 'NONE',  ( -4.249999999999976000, 3.650000000000025700, -8.450000000000001100 ) ) ;
#5019 = DIRECTION ( 'NONE',  ( -1.000000000000000000, -1.297518949922035300E-016, -3.472226957524090000E-015 ) ) ;
#5020 = VECTOR ( 'NONE', #5019, 1000.000000000000000 ) ;
#5021 = CARTESIAN_POINT ( 'NONE',  ( -3.749999999999975600, 3.650000000000025700, -8.449999999999999300 ) ) ;
#5022 = LINE ( 'NONE', #5021, #5020 ) ;
#5023 = CARTESIAN_POINT ( 'NONE',  ( -3.749999999999975600, 3.650000000000025700, -8.449999999999999300 ) ) ;
#5024 = DIRECTION ( 'NONE',  ( 1.297518949922157600E-016, -1.000000000000000000, -3.602683583928407900E-015 ) ) ;
#5025 = DIRECTION ( 'NONE',  ( -1.000000000000000000, -1.297518949922032600E-016, -3.472226957524090000E-015 ) ) ;
#5026 = CARTESIAN_POINT ( 'NONE',  ( -1.749999999999994700, 3.650000000000004800, -2.599999999999993900 ) ) ;
#5027 = AXIS2_PLACEMENT_3D ( 'NONE', #5026, #5025, #5024 ) ;
#5028 = DIRECTION ( 'NONE',  ( 1.000000000000000000, 1.297518949922035300E-016, 3.472226957524090000E-015 ) ) ;
#5029 = DIRECTION ( 'NONE',  ( 1.297518949922160300E-016, -1.000000000000000000, -3.602683583928407900E-015 ) ) ;
#5030 = CARTESIAN_POINT ( 'NONE',  ( -3.749999999999996400, 3.650000000000004800, -2.600000000000000100 ) ) ;
#5031 = AXIS2_PLACEMENT_3D ( 'NONE', #5030, #5029, #5028 ) ;
#5032 = FILL_AREA_STYLE_COLOUR ( '', #5086 ) ;
#5033 = PLANE ( 'NONE',  #5031 ) ;
#5034 =( GEOMETRIC_REPRESENTATION_CONTEXT ( 3 ) GLOBAL_UNCERTAINTY_ASSIGNED_CONTEXT ( ( #5035 ) ) GLOBAL_UNIT_ASSIGNED_CONTEXT ( ( #5038, #5037, #5036 ) ) REPRESENTATION_CONTEXT ( 'NONE', 'WORKASPACE' ) );
#5035 = UNCERTAINTY_MEASURE_WITH_UNIT (LENGTH_MEASURE( 1.000000000000000100E-005 ), #5038, 'distance_accuracy_value', 'NONE');
#5036 =( NAMED_UNIT ( * ) SI_UNIT ( $, .STERADIAN. ) SOLID_ANGLE_UNIT ( ) );
#5037 =( NAMED_UNIT ( * ) PLANE_ANGLE_UNIT ( ) SI_UNIT ( $, .RADIAN. ) );
#5038 =( LENGTH_UNIT ( ) NAMED_UNIT ( * ) SI_UNIT ( .MILLI., .METRE. ) );
#5039 = MECHANICAL_DESIGN_GEOMETRIC_PRESENTATION_REPRESENTATION (  '', ( #5041 ), #5034 ) ;
#5040 = PRESENTATION_LAYER_ASSIGNMENT (  '', '', ( #5041 ) ) ;
#5041 = STYLED_ITEM ( 'NONE', ( #5042 ), #1272 ) ;
#5042 = PRESENTATION_STYLE_ASSIGNMENT (( #5043 ) ) ;
#5043 = SURFACE_STYLE_USAGE ( .BOTH. , #5044 ) ;
#5044 = SURFACE_SIDE_STYLE ('',( #5045 ) ) ;
#5045 = SURFACE_STYLE_FILL_AREA ( #5046 ) ;
#5046 = FILL_AREA_STYLE ('',( #5053 ) ) ;
#5047 = COLOUR_RGB ( '',0.7529411764705882200, 0.7529411764705882200, 0.7529411764705882200 ) ;
#5048 = FACE_OUTER_BOUND ( 'NONE', #1273, .T. ) ;
#5049 = DIRECTION ( 'NONE',  ( 3.472226957524089200E-015, 3.602683583928408700E-015, -1.000000000000000000 ) ) ;
#5050 = VECTOR ( 'NONE', #5049, 1000.000000000000000 ) ;
#5051 = CARTESIAN_POINT ( 'NONE',  ( -4.249999999999996400, 3.650000000000004800, -2.600000000000001400 ) ) ;
#5052 = LINE ( 'NONE', #5051, #5050 ) ;
#5053 = FILL_AREA_STYLE_COLOUR ( '', #5047 ) ;
#5054 = DIRECTION ( 'NONE',  ( -1.297518949922157600E-016, 1.000000000000000000, 3.602683583928407900E-015 ) ) ;
#5055 = DIRECTION ( 'NONE',  ( 1.000000000000000000, 1.297518949922032600E-016, 3.472226957524090000E-015 ) ) ;
#5056 = CARTESIAN_POINT ( 'NONE',  ( -4.249999999999996400, 3.650000000000004800, -2.600000000000001400 ) ) ;
#5057 = AXIS2_PLACEMENT_3D ( 'NONE', #5056, #5055, #5054 ) ;
#5058 = PLANE ( 'NONE',  #5057 ) ;
#5059 = DIRECTION ( 'NONE',  ( 3.472226957524089200E-015, 3.602683583928408700E-015, -1.000000000000000000 ) ) ;
#5060 = VECTOR ( 'NONE', #5059, 1000.000000000000000 ) ;
#5061 = CARTESIAN_POINT ( 'NONE',  ( -3.749999999999996400, 3.650000000000004800, -2.600000000000000100 ) ) ;
#5062 = LINE ( 'NONE', #5061, #5060 ) ;
#5063 = FILL_AREA_STYLE_COLOUR ( '', #5119 ) ;
#5064 = DIRECTION ( 'NONE',  ( 3.472226957524089200E-015, 3.602683583928408700E-015, -1.000000000000000000 ) ) ;
#5065 = VECTOR ( 'NONE', #5064, 1000.000000000000000 ) ;
#5066 = CARTESIAN_POINT ( 'NONE',  ( -3.749999999999992900, 3.150000000000004400, -2.600000000000001400 ) ) ;
#5067 = LINE ( 'NONE', #5066, #5065 ) ;
#5068 = DIRECTION ( 'NONE',  ( 1.297518949922157600E-016, -1.000000000000000000, -3.602683583928407900E-015 ) ) ;
#5069 = DIRECTION ( 'NONE',  ( -1.000000000000000000, -1.297518949922032600E-016, -3.472226957524090000E-015 ) ) ;
#5070 = CARTESIAN_POINT ( 'NONE',  ( -3.749999999999996400, 3.650000000000004800, -2.600000000000000100 ) ) ;
#5071 = AXIS2_PLACEMENT_3D ( 'NONE', #5070, #5069, #5068 ) ;
#5072 = PLANE ( 'NONE',  #5071 ) ;
#5073 =( GEOMETRIC_REPRESENTATION_CONTEXT ( 3 ) GLOBAL_UNCERTAINTY_ASSIGNED_CONTEXT ( ( #5074 ) ) GLOBAL_UNIT_ASSIGNED_CONTEXT ( ( #5077, #5076, #5075 ) ) REPRESENTATION_CONTEXT ( 'NONE', 'WORKASPACE' ) );
#5074 = UNCERTAINTY_MEASURE_WITH_UNIT (LENGTH_MEASURE( 1.000000000000000100E-005 ), #5077, 'distance_accuracy_value', 'NONE');
#5075 =( NAMED_UNIT ( * ) SI_UNIT ( $, .STERADIAN. ) SOLID_ANGLE_UNIT ( ) );
#5076 =( NAMED_UNIT ( * ) PLANE_ANGLE_UNIT ( ) SI_UNIT ( $, .RADIAN. ) );
#5077 =( LENGTH_UNIT ( ) NAMED_UNIT ( * ) SI_UNIT ( .MILLI., .METRE. ) );
#5078 = MECHANICAL_DESIGN_GEOMETRIC_PRESENTATION_REPRESENTATION (  '', ( #5080 ), #5073 ) ;
#5079 = PRESENTATION_LAYER_ASSIGNMENT (  '', '', ( #5080 ) ) ;
#5080 = STYLED_ITEM ( 'NONE', ( #5081 ), #1275 ) ;
#5081 = PRESENTATION_STYLE_ASSIGNMENT (( #5082 ) ) ;
#5082 = SURFACE_STYLE_USAGE ( .BOTH. , #5083 ) ;
#5083 = SURFACE_SIDE_STYLE ('',( #5084 ) ) ;
#5084 = SURFACE_STYLE_FILL_AREA ( #5085 ) ;
#5085 = FILL_AREA_STYLE ('',( #5032 ) ) ;
#5086 = COLOUR_RGB ( '',0.7529411764705882200, 0.7529411764705882200, 0.7529411764705882200 ) ;
#5087 = FACE_OUTER_BOUND ( 'NONE', #1276, .T. ) ;
#5088 = STYLED_ITEM ( 'NONE', ( #5089 ), #1289 ) ;
#5089 = PRESENTATION_STYLE_ASSIGNMENT (( #5090 ) ) ;
#5090 = SURFACE_STYLE_USAGE ( .BOTH. , #5091 ) ;
#5091 = SURFACE_SIDE_STYLE ('',( #5092 ) ) ;
#5092 = SURFACE_STYLE_FILL_AREA ( #5093 ) ;
#5093 = FILL_AREA_STYLE ('',( #5100 ) ) ;
#5094 = COLOUR_RGB ( '',0.7529411764705882200, 0.7529411764705882200, 0.7529411764705882200 ) ;
#5095 = FACE_OUTER_BOUND ( 'NONE', #1234, .T. ) ;
#5096 = DIRECTION ( 'NONE',  ( 3.472226957524089200E-015, 3.602683583928408700E-015, -1.000000000000000000 ) ) ;
#5097 = VECTOR ( 'NONE', #5096, 1000.000000000000000 ) ;
#5098 = CARTESIAN_POINT ( 'NONE',  ( -4.249999999999993800, 3.150000000000004400, -2.600000000000003200 ) ) ;
#5099 = LINE ( 'NONE', #5098, #5097 ) ;
#5100 = FILL_AREA_STYLE_COLOUR ( '', #5094 ) ;
#5101 = DIRECTION ( 'NONE',  ( -1.000000000000000000, -2.381721122407539800E-016, -3.472226957524090400E-015 ) ) ;
#5102 = DIRECTION ( 'NONE',  ( -2.381721122407665000E-016, 1.000000000000000000, 3.602683583928407900E-015 ) ) ;
#5103 = CARTESIAN_POINT ( 'NONE',  ( -3.749999999999992900, 3.150000000000004400, -2.600000000000001400 ) ) ;
#5104 = AXIS2_PLACEMENT_3D ( 'NONE', #5103, #5102, #5101 ) ;
#5105 = PLANE ( 'NONE',  #5104 ) ;
#5106 =( GEOMETRIC_REPRESENTATION_CONTEXT ( 3 ) GLOBAL_UNCERTAINTY_ASSIGNED_CONTEXT ( ( #5107 ) ) GLOBAL_UNIT_ASSIGNED_CONTEXT ( ( #5110, #5109, #5108 ) ) REPRESENTATION_CONTEXT ( 'NONE', 'WORKASPACE' ) );
#5107 = UNCERTAINTY_MEASURE_WITH_UNIT (LENGTH_MEASURE( 1.000000000000000100E-005 ), #5110, 'distance_accuracy_value', 'NONE');
#5108 =( NAMED_UNIT ( * ) SI_UNIT ( $, .STERADIAN. ) SOLID_ANGLE_UNIT ( ) );
#5109 =( NAMED_UNIT ( * ) PLANE_ANGLE_UNIT ( ) SI_UNIT ( $, .RADIAN. ) );
#5110 =( LENGTH_UNIT ( ) NAMED_UNIT ( * ) SI_UNIT ( .MILLI., .METRE. ) );
#5111 = MECHANICAL_DESIGN_GEOMETRIC_PRESENTATION_REPRESENTATION (  '', ( #5113 ), #5106 ) ;
#5112 = PRESENTATION_LAYER_ASSIGNMENT (  '', '', ( #5113 ) ) ;
#5113 = STYLED_ITEM ( 'NONE', ( #5114 ), #1283 ) ;
#5114 = PRESENTATION_STYLE_ASSIGNMENT (( #5115 ) ) ;
#5115 = SURFACE_STYLE_USAGE ( .BOTH. , #5116 ) ;
#5116 = SURFACE_SIDE_STYLE ('',( #5117 ) ) ;
#5117 = SURFACE_STYLE_FILL_AREA ( #5118 ) ;
#5118 = FILL_AREA_STYLE ('',( #5063 ) ) ;
#5119 = COLOUR_RGB ( '',0.7529411764705882200, 0.7529411764705882200, 0.7529411764705882200 ) ;
#5120 = FACE_OUTER_BOUND ( 'NONE', #1284, .T. ) ;
#5121 = CARTESIAN_POINT ( 'NONE',  ( -4.249999999999993800, 3.150000000000004400, -2.600000000000003200 ) ) ;
#5122 = DIRECTION ( 'NONE',  ( 1.297518949922157600E-016, -1.000000000000000000, -3.602683583928407900E-015 ) ) ;
#5123 = VECTOR ( 'NONE', #5122, 1000.000000000000000 ) ;
#5124 = CARTESIAN_POINT ( 'NONE',  ( -4.249999999999996400, 3.650000000000004800, -2.600000000000001400 ) ) ;
#5125 = LINE ( 'NONE', #5124, #5123 ) ;
#5126 = CARTESIAN_POINT ( 'NONE',  ( -4.249999999999996400, 3.650000000000004800, -2.600000000000001400 ) ) ;
#5127 = CARTESIAN_POINT ( 'NONE',  ( -3.749999999999996400, 3.650000000000004800, -2.600000000000000100 ) ) ;
#5128 = DIRECTION ( 'NONE',  ( -1.000000000000000000, -1.297518949922035300E-016, -3.472226957524090000E-015 ) ) ;
#5129 = VECTOR ( 'NONE', #5128, 1000.000000000000000 ) ;
#5130 = CARTESIAN_POINT ( 'NONE',  ( -3.749999999999996400, 3.650000000000004800, -2.600000000000000100 ) ) ;
#5131 = LINE ( 'NONE', #5130, #5129 ) ;
#5132 = DIRECTION ( 'NONE',  ( -1.000000000000000000, -1.297518949922035300E-016, -3.472226957524090000E-015 ) ) ;
#5133 = DIRECTION ( 'NONE',  ( -3.472226957524089600E-015, -3.602683583928408700E-015, 1.000000000000000000 ) ) ;
#5134 = CARTESIAN_POINT ( 'NONE',  ( -4.249999999999996400, 3.650000000000004800, -2.600000000000001400 ) ) ;
#5135 = AXIS2_PLACEMENT_3D ( 'NONE', #5134, #5133, #5132 ) ;
#5136 = PLANE ( 'NONE',  #5135 ) ;
#5137 =( GEOMETRIC_REPRESENTATION_CONTEXT ( 3 ) GLOBAL_UNCERTAINTY_ASSIGNED_CONTEXT ( ( #5138 ) ) GLOBAL_UNIT_ASSIGNED_CONTEXT ( ( #5141, #5140, #5139 ) ) REPRESENTATION_CONTEXT ( 'NONE', 'WORKASPACE' ) );
#5138 = UNCERTAINTY_MEASURE_WITH_UNIT (LENGTH_MEASURE( 1.000000000000000100E-005 ), #5141, 'distance_accuracy_value', 'NONE');
#5139 =( NAMED_UNIT ( * ) SI_UNIT ( $, .STERADIAN. ) SOLID_ANGLE_UNIT ( ) );
#5140 =( NAMED_UNIT ( * ) PLANE_ANGLE_UNIT ( ) SI_UNIT ( $, .RADIAN. ) );
#5141 =( LENGTH_UNIT ( ) NAMED_UNIT ( * ) SI_UNIT ( .MILLI., .METRE. ) );
#5142 = MECHANICAL_DESIGN_GEOMETRIC_PRESENTATION_REPRESENTATION (  '', ( #5088 ), #5137 ) ;
#5143 = PRESENTATION_LAYER_ASSIGNMENT (  '', '', ( #5088 ) ) ;
#5144 = LINE ( 'NONE', #5203, #5202 ) ;
#5145 = CARTESIAN_POINT ( 'NONE',  ( -3.749999999999979100, 3.650000000000023900, -7.700000000000002800 ) ) ;
#5146 = DIRECTION ( 'NONE',  ( -1.297518949922157600E-016, 1.000000000000000000, 3.602683583928407900E-015 ) ) ;
#5147 = VECTOR ( 'NONE', #5146, 1000.000000000000000 ) ;
#5148 = CARTESIAN_POINT ( 'NONE',  ( -3.749999999999979100, 5.400000000000027000, -7.699999999999996600 ) ) ;
#5149 = LINE ( 'NONE', #5148, #5147 ) ;
#5150 = DIRECTION ( 'NONE',  ( 1.297518949922157600E-016, -1.000000000000000000, -3.602683583928407900E-015 ) ) ;
#5151 = VECTOR ( 'NONE', #5150, 1000.000000000000000 ) ;
#5152 = CARTESIAN_POINT ( 'NONE',  ( -4.249999999999979600, 5.400000000000027000, -7.699999999999998400 ) ) ;
#5153 = LINE ( 'NONE', #5152, #5151 ) ;
#5154 = DIRECTION ( 'NONE',  ( -1.297518949922157600E-016, 1.000000000000000000, 3.602683583928407900E-015 ) ) ;
#5155 = VECTOR ( 'NONE', #5154, 1000.000000000000000 ) ;
#5156 = CARTESIAN_POINT ( 'NONE',  ( -1.749999999999977400, 5.400000000000027000, -7.699999999999989500 ) ) ;
#5157 = LINE ( 'NONE', #5156, #5155 ) ;
#5158 = CARTESIAN_POINT ( 'NONE',  ( -1.749999999999977400, 3.650000000000023900, -7.699999999999995700 ) ) ;
#5159 = CARTESIAN_POINT ( 'NONE',  ( -2.249999999999974200, 3.150000000000023400, -7.699999999999999300 ) ) ;
#5160 = DIRECTION ( 'NONE',  ( 1.297518949922157600E-016, -1.000000000000000000, -3.602683583928407900E-015 ) ) ;
#5161 = VECTOR ( 'NONE', #5160, 1000.000000000000000 ) ;
#5162 = CARTESIAN_POINT ( 'NONE',  ( -2.249999999999977800, 5.400000000000027000, -7.699999999999991300 ) ) ;
#5163 = LINE ( 'NONE', #5162, #5161 ) ;
#5164 = CARTESIAN_POINT ( 'NONE',  ( -5.749999999999974200, 3.650000000000023900, -7.700000000000009900 ) ) ;
#5165 = DIRECTION ( 'NONE',  ( -1.297518949922157600E-016, 1.000000000000000000, 3.602683583928407900E-015 ) ) ;
#5166 = VECTOR ( 'NONE', #5165, 1000.000000000000000 ) ;
#5167 = CARTESIAN_POINT ( 'NONE',  ( -5.749999999999974200, 5.400000000000027000, -7.700000000000003700 ) ) ;
#5168 = LINE ( 'NONE', #5167, #5166 ) ;
#5169 = DIRECTION ( 'NONE',  ( 1.000000000000000000, 2.381721122407539800E-016, 3.472226957524090400E-015 ) ) ;
#5170 = VECTOR ( 'NONE', #5169, 1000.000000000000000 ) ;
#5171 = CARTESIAN_POINT ( 'NONE',  ( 2.775557561562891400E-014, 3.150000000000025200, -7.699999999999991300 ) ) ;
#5172 = LINE ( 'NONE', #5171, #5170 ) ;
#5173 = CARTESIAN_POINT ( 'NONE',  ( -1.749999999999973800, 3.150000000000025200, -7.699999999999997500 ) ) ;
#5174 =( GEOMETRIC_REPRESENTATION_CONTEXT ( 3 ) GLOBAL_UNCERTAINTY_ASSIGNED_CONTEXT ( ( #5175 ) ) GLOBAL_UNIT_ASSIGNED_CONTEXT ( ( #5178, #5177, #5176 ) ) REPRESENTATION_CONTEXT ( 'NONE', 'WORKASPACE' ) );
#5175 = UNCERTAINTY_MEASURE_WITH_UNIT (LENGTH_MEASURE( 1.000000000000000100E-005 ), #5178, 'distance_accuracy_value', 'NONE');
#5176 =( NAMED_UNIT ( * ) SI_UNIT ( $, .STERADIAN. ) SOLID_ANGLE_UNIT ( ) );
#5177 =( NAMED_UNIT ( * ) PLANE_ANGLE_UNIT ( ) SI_UNIT ( $, .RADIAN. ) );
#5178 =( LENGTH_UNIT ( ) NAMED_UNIT ( * ) SI_UNIT ( .MILLI., .METRE. ) );
#5179 = MECHANICAL_DESIGN_GEOMETRIC_PRESENTATION_REPRESENTATION (  '', ( #5181 ), #5174 ) ;
#5180 = PRESENTATION_LAYER_ASSIGNMENT (  '', '', ( #5181 ) ) ;
#5181 = STYLED_ITEM ( 'NONE', ( #5182 ), #1335 ) ;
#5182 = PRESENTATION_STYLE_ASSIGNMENT (( #5183 ) ) ;
#5183 = SURFACE_STYLE_USAGE ( .BOTH. , #5184 ) ;
#5184 = SURFACE_SIDE_STYLE ('',( #5185 ) ) ;
#5185 = SURFACE_STYLE_FILL_AREA ( #5186 ) ;
#5186 = FILL_AREA_STYLE ('',( #5193 ) ) ;
#5187 = COLOUR_RGB ( '',0.7529411764705882200, 0.7529411764705882200, 0.7529411764705882200 ) ;
#5188 = FACE_OUTER_BOUND ( 'NONE', #1336, .T. ) ;
#5189 = DIRECTION ( 'NONE',  ( -1.000000000000000000, -1.297518949922035300E-016, -3.472226957524090000E-015 ) ) ;
#5190 = VECTOR ( 'NONE', #5189, 1000.000000000000000 ) ;
#5191 = CARTESIAN_POINT ( 'NONE',  ( 2.428612866367529900E-014, 3.650000000000023900, -7.699999999999989500 ) ) ;
#5192 = LINE ( 'NONE', #5191, #5190 ) ;
#5193 = FILL_AREA_STYLE_COLOUR ( '', #5187 ) ;
#5194 = CARTESIAN_POINT ( 'NONE',  ( -4.249999999999979600, 3.650000000000023900, -7.700000000000004600 ) ) ;
#5195 = CARTESIAN_POINT ( 'NONE',  ( -6.249999999999981300, 3.150000000000016300, -5.800000000000010500 ) ) ;
#5196 = DIRECTION ( 'NONE',  ( -1.000000000000000000, -1.297518949922035300E-016, -3.472226957524090000E-015 ) ) ;
#5197 = VECTOR ( 'NONE', #5196, 1000.000000000000000 ) ;
#5198 = CARTESIAN_POINT ( 'NONE',  ( 2.428612866367529900E-014, 3.650000000000023900, -7.699999999999989500 ) ) ;
#5199 = LINE ( 'NONE', #5198, #5197 ) ;
#5200 = CARTESIAN_POINT ( 'NONE',  ( -8.249999999999975100, 3.650000000000023900, -7.700000000000018800 ) ) ;
#5201 = DIRECTION ( 'NONE',  ( 1.297518949922157600E-016, -1.000000000000000000, -3.602683583928407900E-015 ) ) ;
#5202 = VECTOR ( 'NONE', #5201, 1000.000000000000000 ) ;
#5203 = CARTESIAN_POINT ( 'NONE',  ( -8.249999999999975100, 5.400000000000025200, -7.700000000000012600 ) ) ;
#5204 = DIRECTION ( 'NONE',  ( -1.297518949922157600E-016, 1.000000000000000000, 3.602683583928407900E-015 ) ) ;
#5205 = CARTESIAN_POINT ( 'NONE',  ( -17.74999999999997500, 5.400000000000025200, -7.700000000000045500 ) ) ;
#5206 = LINE ( 'NONE', #5205, #5271 ) ;
#5207 = DIRECTION ( 'NONE',  ( 1.297518949922157600E-016, -1.000000000000000000, -3.602683583928407900E-015 ) ) ;
#5208 = VECTOR ( 'NONE', #5207, 1000.000000000000000 ) ;
#5209 = CARTESIAN_POINT ( 'NONE',  ( -18.24999999999997500, 5.400000000000025200, -7.700000000000047300 ) ) ;
#5210 = LINE ( 'NONE', #5209, #5208 ) ;
#5211 = CARTESIAN_POINT ( 'NONE',  ( -15.74999999999997900, 3.650000000000015000, -5.800000000000042500 ) ) ;
#5212 = DIRECTION ( 'NONE',  ( -1.000000000000000000, -1.297518949922035300E-016, -3.472226957524090000E-015 ) ) ;
#5213 = VECTOR ( 'NONE', #5212, 1000.000000000000000 ) ;
#5214 = CARTESIAN_POINT ( 'NONE',  ( -19.19999999999998200, 3.650000000000015000, -5.800000000000054000 ) ) ;
#5215 = LINE ( 'NONE', #5214, #5213 ) ;
#5216 = CARTESIAN_POINT ( 'NONE',  ( -16.24999999999997900, 3.650000000000015000, -5.800000000000044200 ) ) ;
#5217 = DIRECTION ( 'NONE',  ( 1.000000000000000000, 1.297518949922035300E-016, 3.472226957524090000E-015 ) ) ;
#5218 = DIRECTION ( 'NONE',  ( 3.472226957524089600E-015, 3.602683583928408700E-015, -1.000000000000000000 ) ) ;
#5219 = CARTESIAN_POINT ( 'NONE',  ( -19.19999999999998200, 2.000000000000018200, -5.800000000000060200 ) ) ;
#5220 = AXIS2_PLACEMENT_3D ( 'NONE', #5219, #5218, #5217 ) ;
#5221 = PLANE ( 'NONE',  #5220 ) ;
#5222 = FACE_BOUND ( 'NONE', #1501, .T. ) ;
#5223 = FACE_BOUND ( 'NONE', #1328, .T. ) ;
#5224 = FACE_BOUND ( 'NONE', #1514, .T. ) ;
#5225 = FACE_BOUND ( 'NONE', #1453, .T. ) ;
#5226 = FACE_BOUND ( 'NONE', #1464, .T. ) ;
#5227 = FACE_OUTER_BOUND ( 'NONE', #1394, .T. ) ;
#5228 = FACE_BOUND ( 'NONE', #1473, .T. ) ;
#5229 = FACE_BOUND ( 'NONE', #1418, .T. ) ;
#5230 = FACE_BOUND ( 'NONE', #1406, .T. ) ;
#5231 = FACE_BOUND ( 'NONE', #1341, .T. ) ;
#5232 = CARTESIAN_POINT ( 'NONE',  ( -17.74999999999997500, 3.650000000000022100, -7.700000000000051700 ) ) ;
#5233 = DIRECTION ( 'NONE',  ( 3.472226957524089200E-015, 3.602683583928408700E-015, -1.000000000000000000 ) ) ;
#5234 = VECTOR ( 'NONE', #5233, 1000.000000000000000 ) ;
#5235 = CARTESIAN_POINT ( 'NONE',  ( -3.749999999999996400, 3.650000000000004800, -2.600000000000000100 ) ) ;
#5236 = LINE ( 'NONE', #5235, #5234 ) ;
#5237 = DIRECTION ( 'NONE',  ( 1.000000000000000000, 1.297518949922035300E-016, 3.472226957524090000E-015 ) ) ;
#5238 = DIRECTION ( 'NONE',  ( 1.297518949922160300E-016, -1.000000000000000000, -3.602683583928407900E-015 ) ) ;
#5239 = CARTESIAN_POINT ( 'NONE',  ( -3.749999999999996400, 3.650000000000004800, -2.600000000000000100 ) ) ;
#5240 = AXIS2_PLACEMENT_3D ( 'NONE', #5239, #5238, #5237 ) ;
#5241 = PLANE ( 'NONE',  #5240 ) ;
#5242 = CARTESIAN_POINT ( 'NONE',  ( -10.24999999999997500, 3.650000000000022100, -7.700000000000025000 ) ) ;
#5243 = CARTESIAN_POINT ( 'NONE',  ( -14.24999999999997500, 3.650000000000022100, -7.700000000000039300 ) ) ;
#5244 = DIRECTION ( 'NONE',  ( -1.000000000000000000, -1.297518949922035300E-016, -3.472226957524090000E-015 ) ) ;
#5245 = VECTOR ( 'NONE', #5244, 1000.000000000000000 ) ;
#5246 = CARTESIAN_POINT ( 'NONE',  ( 2.428612866367529900E-014, 3.650000000000023900, -7.699999999999989500 ) ) ;
#5247 = LINE ( 'NONE', #5246, #5245 ) ;
#5248 = DIRECTION ( 'NONE',  ( -1.000000000000000000, -1.297518949922035300E-016, -3.472226957524090000E-015 ) ) ;
#5249 = VECTOR ( 'NONE', #5248, 1000.000000000000000 ) ;
#5250 = CARTESIAN_POINT ( 'NONE',  ( 2.428612866367529900E-014, 3.650000000000023900, -7.699999999999989500 ) ) ;
#5251 = LINE ( 'NONE', #5250, #5249 ) ;
#5252 = CARTESIAN_POINT ( 'NONE',  ( -9.749999999999973400, 3.650000000000022100, -7.700000000000023300 ) ) ;
#5253 = DIRECTION ( 'NONE',  ( -1.000000000000000000, -1.297518949922035300E-016, -3.472226957524090000E-015 ) ) ;
#5254 = VECTOR ( 'NONE', #5253, 1000.000000000000000 ) ;
#5255 = CARTESIAN_POINT ( 'NONE',  ( 2.428612866367529900E-014, 3.650000000000023900, -7.699999999999989500 ) ) ;
#5256 = LINE ( 'NONE', #5255, #5254 ) ;
#5257 = CARTESIAN_POINT ( 'NONE',  ( -6.249999999999974200, 3.650000000000023900, -7.700000000000011700 ) ) ;
#5258 = DIRECTION ( 'NONE',  ( 1.297518949922157600E-016, -1.000000000000000000, -3.602683583928407900E-015 ) ) ;
#5259 = VECTOR ( 'NONE', #5258, 1000.000000000000000 ) ;
#5260 = CARTESIAN_POINT ( 'NONE',  ( -6.249999999999974200, 5.400000000000027000, -7.700000000000005500 ) ) ;
#5261 = LINE ( 'NONE', #5260, #5259 ) ;
#5262 = DIRECTION ( 'NONE',  ( 1.297518949922157600E-016, -1.000000000000000000, -3.602683583928407900E-015 ) ) ;
#5263 = VECTOR ( 'NONE', #5262, 1000.000000000000000 ) ;
#5264 = CARTESIAN_POINT ( 'NONE',  ( -14.24999999999997500, 5.400000000000025200, -7.700000000000033000 ) ) ;
#5265 = LINE ( 'NONE', #5264, #5263 ) ;
#5266 = CARTESIAN_POINT ( 'NONE',  ( -18.24999999999997500, 3.650000000000022100, -7.700000000000053500 ) ) ;
#5267 = DIRECTION ( 'NONE',  ( -1.000000000000000000, -1.297518949922035300E-016, -3.472226957524090000E-015 ) ) ;
#5268 = VECTOR ( 'NONE', #5267, 1000.000000000000000 ) ;
#5269 = CARTESIAN_POINT ( 'NONE',  ( 2.428612866367529900E-014, 3.650000000000023900, -7.699999999999989500 ) ) ;
#5270 = LINE ( 'NONE', #5269, #5268 ) ;
#5271 = VECTOR ( 'NONE', #5204, 1000.000000000000000 ) ;
#5272 = CARTESIAN_POINT ( 'NONE',  ( -7.749999999999978700, 3.150000000000016300, -5.800000000000015800 ) ) ;
#5273 = DIRECTION ( 'NONE',  ( 1.000000000000000000, 2.381721122407539800E-016, 3.472226957524090400E-015 ) ) ;
#5274 = VECTOR ( 'NONE', #5273, 1000.000000000000000 ) ;
#5275 = CARTESIAN_POINT ( 'NONE',  ( -19.19999999999998200, 3.150000000000014600, -5.800000000000055800 ) ) ;
#5276 = LINE ( 'NONE', #5275, #5274 ) ;
#5277 = CARTESIAN_POINT ( 'NONE',  ( -8.249999999999982200, 3.150000000000016300, -5.800000000000017600 ) ) ;
#5278 = CARTESIAN_POINT ( 'NONE',  ( -4.249999999999986700, 3.650000000000016800, -5.800000000000002500 ) ) ;
#5279 = CARTESIAN_POINT ( 'NONE',  ( -3.749999999999982700, 3.150000000000016300, -5.800000000000002500 ) ) ;
#5280 = DIRECTION ( 'NONE',  ( -1.297518949922157600E-016, 1.000000000000000000, 3.602683583928407900E-015 ) ) ;
#5281 = VECTOR ( 'NONE', #5280, 1000.000000000000000 ) ;
#5282 = CARTESIAN_POINT ( 'NONE',  ( -7.749999999999982200, 2.000000000000020000, -5.800000000000020300 ) ) ;
#5283 = LINE ( 'NONE', #5282, #5281 ) ;
#5284 = CARTESIAN_POINT ( 'NONE',  ( -2.249999999999977800, 3.650000000000023900, -7.699999999999997500 ) ) ;
#5285 = DIRECTION ( 'NONE',  ( -1.000000000000000000, -1.297518949922035300E-016, -3.472226957524090000E-015 ) ) ;
#5286 = VECTOR ( 'NONE', #5285, 1000.000000000000000 ) ;
#5287 = CARTESIAN_POINT ( 'NONE',  ( 2.428612866367529900E-014, 3.650000000000023900, -7.699999999999989500 ) ) ;
#5288 = LINE ( 'NONE', #5287, #5286 ) ;
#5289 = CARTESIAN_POINT ( 'NONE',  ( -13.74999999999997300, 3.650000000000022100, -7.700000000000037500 ) ) ;
#5290 = DIRECTION ( 'NONE',  ( -1.297518949922157600E-016, 1.000000000000000000, 3.602683583928407900E-015 ) ) ;
#5291 = VECTOR ( 'NONE', #5290, 1000.000000000000000 ) ;
#5292 = CARTESIAN_POINT ( 'NONE',  ( -13.74999999999997300, 5.400000000000025200, -7.700000000000031300 ) ) ;
#5293 = LINE ( 'NONE', #5292, #5291 ) ;
#5294 = DIRECTION ( 'NONE',  ( 1.297518949922157600E-016, -1.000000000000000000, -3.602683583928407900E-015 ) ) ;
#5295 = VECTOR ( 'NONE', #5294, 1000.000000000000000 ) ;
#5296 = CARTESIAN_POINT ( 'NONE',  ( -10.24999999999997500, 5.400000000000027000, -7.700000000000019700 ) ) ;
#5297 = LINE ( 'NONE', #5296, #5295 ) ;
#5298 = DIRECTION ( 'NONE',  ( -1.297518949922157600E-016, 1.000000000000000000, 3.602683583928407900E-015 ) ) ;
#5299 = VECTOR ( 'NONE', #5298, 1000.000000000000000 ) ;
#5300 = CARTESIAN_POINT ( 'NONE',  ( -9.749999999999973400, 5.400000000000025200, -7.700000000000017900 ) ) ;
#5301 = LINE ( 'NONE', #5300, #5299 ) ;
#5302 = LINE ( 'NONE', #5367, #5366 ) ;
#5303 = CARTESIAN_POINT ( 'NONE',  ( -8.249999999999982200, 3.650000000000015000, -5.800000000000015800 ) ) ;
#5304 = CARTESIAN_POINT ( 'NONE',  ( -7.749999999999982200, 3.650000000000015000, -5.800000000000014000 ) ) ;
#5305 = DIRECTION ( 'NONE',  ( -1.000000000000000000, -1.297518949922035300E-016, -3.472226957524090000E-015 ) ) ;
#5306 = VECTOR ( 'NONE', #5305, 1000.000000000000000 ) ;
#5307 = CARTESIAN_POINT ( 'NONE',  ( -19.19999999999998200, 3.650000000000015000, -5.800000000000054000 ) ) ;
#5308 = LINE ( 'NONE', #5307, #5306 ) ;
#5309 = CARTESIAN_POINT ( 'NONE',  ( -11.74999999999998200, 3.650000000000015000, -5.800000000000028200 ) ) ;
#5310 = DIRECTION ( 'NONE',  ( 1.297518949922157600E-016, -1.000000000000000000, -3.602683583928407900E-015 ) ) ;
#5311 = VECTOR ( 'NONE', #5310, 1000.000000000000000 ) ;
#5312 = CARTESIAN_POINT ( 'NONE',  ( -16.24999999999997900, 2.000000000000020000, -5.800000000000049600 ) ) ;
#5313 = LINE ( 'NONE', #5312, #5311 ) ;
#5314 = DIRECTION ( 'NONE',  ( -1.297518949922157600E-016, 1.000000000000000000, 3.602683583928407900E-015 ) ) ;
#5315 = VECTOR ( 'NONE', #5314, 1000.000000000000000 ) ;
#5316 = CARTESIAN_POINT ( 'NONE',  ( -3.749999999999979100, 2.000000000000020000, -5.800000000000006900 ) ) ;
#5317 = LINE ( 'NONE', #5316, #5315 ) ;
#5318 = CARTESIAN_POINT ( 'NONE',  ( -4.249999999999983100, 3.150000000000016300, -5.800000000000004300 ) ) ;
#5319 = DIRECTION ( 'NONE',  ( 1.000000000000000000, 2.381721122407539800E-016, 3.472226957524090400E-015 ) ) ;
#5320 = VECTOR ( 'NONE', #5319, 1000.000000000000000 ) ;
#5321 = CARTESIAN_POINT ( 'NONE',  ( -19.19999999999998200, 3.150000000000013200, -5.800000000000055800 ) ) ;
#5322 = LINE ( 'NONE', #5321, #5320 ) ;
#5323 = DIRECTION ( 'NONE',  ( -1.000000000000000000, -1.297518949922035300E-016, -3.472226957524090000E-015 ) ) ;
#5324 = VECTOR ( 'NONE', #5323, 1000.000000000000000 ) ;
#5325 = CARTESIAN_POINT ( 'NONE',  ( -19.19999999999998200, 3.650000000000015000, -5.800000000000054000 ) ) ;
#5326 = LINE ( 'NONE', #5325, #5324 ) ;
#5327 = DIRECTION ( 'NONE',  ( -1.297518949922157600E-016, 1.000000000000000000, 3.602683583928407900E-015 ) ) ;
#5328 = VECTOR ( 'NONE', #5327, 1000.000000000000000 ) ;
#5329 = CARTESIAN_POINT ( 'NONE',  ( -13.74999999999998000, 2.000000000000020000, -5.800000000000041600 ) ) ;
#5330 = LINE ( 'NONE', #5329, #5328 ) ;
#5331 = DIRECTION ( 'NONE',  ( 1.297518949922157600E-016, -1.000000000000000000, -3.602683583928407900E-015 ) ) ;
#5332 = VECTOR ( 'NONE', #5331, 1000.000000000000000 ) ;
#5333 = CARTESIAN_POINT ( 'NONE',  ( -4.249999999999979600, 2.000000000000020000, -5.800000000000008700 ) ) ;
#5334 = LINE ( 'NONE', #5333, #5332 ) ;
#5335 = CARTESIAN_POINT ( 'NONE',  ( -9.749999999999982200, 3.650000000000016800, -5.800000000000021100 ) ) ;
#5336 = DIRECTION ( 'NONE',  ( 1.297518949922157600E-016, -1.000000000000000000, -3.602683583928407900E-015 ) ) ;
#5337 = VECTOR ( 'NONE', #5336, 1000.000000000000000 ) ;
#5338 = CARTESIAN_POINT ( 'NONE',  ( -6.249999999999981300, 2.000000000000020000, -5.800000000000014900 ) ) ;
#5339 = LINE ( 'NONE', #5338, #5337 ) ;
#5340 = DIRECTION ( 'NONE',  ( 1.000000000000000000, 2.381721122407539800E-016, 3.472226957524090400E-015 ) ) ;
#5341 = VECTOR ( 'NONE', #5340, 1000.000000000000000 ) ;
#5342 = CARTESIAN_POINT ( 'NONE',  ( -19.19999999999998200, 3.150000000000014600, -5.800000000000055800 ) ) ;
#5343 = LINE ( 'NONE', #5342, #5341 ) ;
#5344 = CARTESIAN_POINT ( 'NONE',  ( -12.24999999999998200, 3.650000000000015000, -5.800000000000030000 ) ) ;
#5345 = CARTESIAN_POINT ( 'NONE',  ( -12.24999999999998200, 3.150000000000014600, -5.800000000000031800 ) ) ;
#5346 = DIRECTION ( 'NONE',  ( -1.000000000000000000, -1.297518949922035300E-016, -3.472226957524090000E-015 ) ) ;
#5347 = VECTOR ( 'NONE', #5346, 1000.000000000000000 ) ;
#5348 = CARTESIAN_POINT ( 'NONE',  ( -19.19999999999998200, 3.650000000000015000, -5.800000000000054000 ) ) ;
#5349 = LINE ( 'NONE', #5348, #5347 ) ;
#5350 = DIRECTION ( 'NONE',  ( 1.000000000000000000, 2.381721122407539800E-016, 3.472226957524090400E-015 ) ) ;
#5351 = VECTOR ( 'NONE', #5350, 1000.000000000000000 ) ;
#5352 = CARTESIAN_POINT ( 'NONE',  ( -19.19999999999998200, 3.150000000000014600, -5.800000000000055800 ) ) ;
#5353 = LINE ( 'NONE', #5352, #5351 ) ;
#5354 = CARTESIAN_POINT ( 'NONE',  ( -16.24999999999997900, 3.150000000000014600, -5.800000000000046000 ) ) ;
#5355 = DIRECTION ( 'NONE',  ( -1.297518949922157600E-016, 1.000000000000000000, 3.602683583928407900E-015 ) ) ;
#5356 = VECTOR ( 'NONE', #5355, 1000.000000000000000 ) ;
#5357 = CARTESIAN_POINT ( 'NONE',  ( -15.74999999999997900, 2.000000000000020000, -5.800000000000047800 ) ) ;
#5358 = LINE ( 'NONE', #5357, #5356 ) ;
#5359 = DIRECTION ( 'NONE',  ( 1.297518949922157600E-016, -1.000000000000000000, -3.602683583928407900E-015 ) ) ;
#5360 = VECTOR ( 'NONE', #5359, 1000.000000000000000 ) ;
#5361 = CARTESIAN_POINT ( 'NONE',  ( -12.24999999999998200, 2.000000000000020000, -5.800000000000036200 ) ) ;
#5362 = LINE ( 'NONE', #5361, #5360 ) ;
#5363 = CARTESIAN_POINT ( 'NONE',  ( -15.74999999999997900, 3.150000000000014600, -5.800000000000044200 ) ) ;
#5364 = CARTESIAN_POINT ( 'NONE',  ( -11.74999999999998200, 3.150000000000016300, -5.800000000000030000 ) ) ;
#5365 = DIRECTION ( 'NONE',  ( -1.297518949922157600E-016, 1.000000000000000000, 3.602683583928407900E-015 ) ) ;
#5366 = VECTOR ( 'NONE', #5365, 1000.000000000000000 ) ;
#5367 = CARTESIAN_POINT ( 'NONE',  ( -11.74999999999998000, 2.000000000000020000, -5.800000000000034500 ) ) ;
#5368 = LINE ( 'NONE', #5431, #5430 ) ;
#5369 = CARTESIAN_POINT ( 'NONE',  ( -19.19999999999998200, 4.700000000000017900, -5.800000000000049600 ) ) ;
#5370 = DIRECTION ( 'NONE',  ( 1.297518949922157600E-016, -1.000000000000000000, -3.602683583928407900E-015 ) ) ;
#5371 = VECTOR ( 'NONE', #5370, 1000.000000000000000 ) ;
#5372 = CARTESIAN_POINT ( 'NONE',  ( -2.249999999999977800, 2.000000000000020000, -5.800000000000001600 ) ) ;
#5373 = LINE ( 'NONE', #5372, #5371 ) ;
#5374 = CARTESIAN_POINT ( 'NONE',  ( -1.749999999999984200, 3.650000000000016800, -5.799999999999993600 ) ) ;
#5375 = DIRECTION ( 'NONE',  ( -1.000000000000000000, -1.297518949922035300E-016, -3.472226957524090000E-015 ) ) ;
#5376 = VECTOR ( 'NONE', #5375, 1000.000000000000000 ) ;
#5377 = CARTESIAN_POINT ( 'NONE',  ( -19.19999999999998200, 3.650000000000015000, -5.800000000000054000 ) ) ;
#5378 = LINE ( 'NONE', #5377, #5376 ) ;
#5379 = DIRECTION ( 'NONE',  ( 1.000000000000000000, 2.381721122407539800E-016, 3.472226957524090400E-015 ) ) ;
#5380 = VECTOR ( 'NONE', #5379, 1000.000000000000000 ) ;
#5381 = CARTESIAN_POINT ( 'NONE',  ( -19.19999999999998200, 3.150000000000013200, -5.800000000000055800 ) ) ;
#5382 = LINE ( 'NONE', #5381, #5380 ) ;
#5383 = DIRECTION ( 'NONE',  ( -1.297518949922157600E-016, 1.000000000000000000, 3.602683583928407900E-015 ) ) ;
#5384 = VECTOR ( 'NONE', #5383, 1000.000000000000000 ) ;
#5385 = CARTESIAN_POINT ( 'NONE',  ( -1.749999999999977400, 2.000000000000020000, -5.799999999999999800 ) ) ;
#5386 = LINE ( 'NONE', #5385, #5384 ) ;
#5387 = DIRECTION ( 'NONE',  ( -1.297518949922157600E-016, 1.000000000000000000, 3.602683583928407900E-015 ) ) ;
#5388 = VECTOR ( 'NONE', #5387, 1000.000000000000000 ) ;
#5389 = CARTESIAN_POINT ( 'NONE',  ( -5.749999999999980500, 2.000000000000020000, -5.800000000000013100 ) ) ;
#5390 = LINE ( 'NONE', #5389, #5388 ) ;
#5391 = CARTESIAN_POINT ( 'NONE',  ( -6.249999999999981300, 3.650000000000016800, -5.800000000000008700 ) ) ;
#5392 = CARTESIAN_POINT ( 'NONE',  ( -19.19999999999998200, 2.000000000000018200, -5.800000000000060200 ) ) ;
#5393 = CARTESIAN_POINT ( 'NONE',  ( -0.7999999999999812800, 4.700000000000020600, -5.799999999999986500 ) ) ;
#5394 = DIRECTION ( 'NONE',  ( 1.000000000000000000, 1.297518949922035300E-016, 3.472226957524090000E-015 ) ) ;
#5395 = VECTOR ( 'NONE', #5394, 1000.000000000000000 ) ;
#5396 = CARTESIAN_POINT ( 'NONE',  ( -0.7999999999999778400, 2.000000000000020000, -5.799999999999996300 ) ) ;
#5397 = LINE ( 'NONE', #5396, #5395 ) ;
#5398 = CARTESIAN_POINT ( 'NONE',  ( -10.24999999999998200, 3.650000000000016800, -5.800000000000022900 ) ) ;
#5399 = VECTOR ( 'NONE', #5459, 1000.000000000000000 ) ;
#5400 = CARTESIAN_POINT ( 'NONE',  ( 2.775557561562891400E-014, 3.150000000000025200, -7.699999999999991300 ) ) ;
#5401 = LINE ( 'NONE', #5400, #5399 ) ;
#5402 = DIRECTION ( 'NONE',  ( 1.297518949922157600E-016, -1.000000000000000000, -3.602683583928407900E-015 ) ) ;
#5403 = VECTOR ( 'NONE', #5402, 1000.000000000000000 ) ;
#5404 = CARTESIAN_POINT ( 'NONE',  ( -8.249999999999980500, 2.000000000000020000, -5.800000000000022000 ) ) ;
#5405 = LINE ( 'NONE', #5404, #5403 ) ;
#5406 = CARTESIAN_POINT ( 'NONE',  ( -13.74999999999998200, 3.150000000000014600, -5.800000000000037100 ) ) ;
#5407 = DIRECTION ( 'NONE',  ( 1.000000000000000000, 2.381721122407539800E-016, 3.472226957524090400E-015 ) ) ;
#5408 = VECTOR ( 'NONE', #5407, 1000.000000000000000 ) ;
#5409 = CARTESIAN_POINT ( 'NONE',  ( -19.19999999999998200, 3.150000000000013200, -5.800000000000055800 ) ) ;
#5410 = LINE ( 'NONE', #5409, #5408 ) ;
#5411 = CARTESIAN_POINT ( 'NONE',  ( -5.749999999999980500, 3.150000000000016300, -5.800000000000008700 ) ) ;
#5412 = DIRECTION ( 'NONE',  ( 1.297518949922153900E-016, -1.000000000000000000, -3.602683583928408700E-015 ) ) ;
#5413 = VECTOR ( 'NONE', #5412, 1000.000000000000000 ) ;
#5414 = CARTESIAN_POINT ( 'NONE',  ( -19.19999999999998200, 2.000000000000018200, -5.800000000000060200 ) ) ;
#5415 = LINE ( 'NONE', #5414, #5413 ) ;
#5416 = CARTESIAN_POINT ( 'NONE',  ( -2.249999999999984500, 3.650000000000016800, -5.799999999999995400 ) ) ;
#5417 = CARTESIAN_POINT ( 'NONE',  ( -2.249999999999981300, 3.150000000000016300, -5.799999999999997200 ) ) ;
#5418 = CARTESIAN_POINT ( 'NONE',  ( -1.749999999999980700, 3.150000000000016300, -5.799999999999995400 ) ) ;
#5419 = DIRECTION ( 'NONE',  ( -1.000000000000000000, -1.297518949922035300E-016, -3.472226957524090000E-015 ) ) ;
#5420 = VECTOR ( 'NONE', #5419, 1000.000000000000000 ) ;
#5421 = CARTESIAN_POINT ( 'NONE',  ( -0.7999999999999812800, 4.700000000000020600, -5.799999999999986500 ) ) ;
#5422 = LINE ( 'NONE', #5421, #5420 ) ;
#5423 = DIRECTION ( 'NONE',  ( -1.297518949922153900E-016, 1.000000000000000000, 3.602683583928408700E-015 ) ) ;
#5424 = VECTOR ( 'NONE', #5423, 1000.000000000000000 ) ;
#5425 = CARTESIAN_POINT ( 'NONE',  ( -0.7999999999999778400, 2.000000000000020000, -5.799999999999996300 ) ) ;
#5426 = LINE ( 'NONE', #5425, #5424 ) ;
#5427 = CARTESIAN_POINT ( 'NONE',  ( -0.7999999999999778400, 2.000000000000020000, -5.799999999999996300 ) ) ;
#5428 = CARTESIAN_POINT ( 'NONE',  ( -5.749999999999980500, 3.650000000000016800, -5.800000000000007800 ) ) ;
#5429 = DIRECTION ( 'NONE',  ( -1.000000000000000000, -1.297518949922035300E-016, -3.472226957524090000E-015 ) ) ;
#5430 = VECTOR ( 'NONE', #5429, 1000.000000000000000 ) ;
#5431 = CARTESIAN_POINT ( 'NONE',  ( -19.19999999999998200, 3.650000000000015000, -5.800000000000054000 ) ) ;
#5432 =( GEOMETRIC_REPRESENTATION_CONTEXT ( 3 ) GLOBAL_UNCERTAINTY_ASSIGNED_CONTEXT ( ( #5433 ) ) GLOBAL_UNIT_ASSIGNED_CONTEXT ( ( #5436, #5435, #5434 ) ) REPRESENTATION_CONTEXT ( 'NONE', 'WORKASPACE' ) );
#5433 = UNCERTAINTY_MEASURE_WITH_UNIT (LENGTH_MEASURE( 1.000000000000000100E-005 ), #5436, 'distance_accuracy_value', 'NONE');
#5434 =( NAMED_UNIT ( * ) SI_UNIT ( $, .STERADIAN. ) SOLID_ANGLE_UNIT ( ) );
#5435 =( NAMED_UNIT ( * ) PLANE_ANGLE_UNIT ( ) SI_UNIT ( $, .RADIAN. ) );
#5436 =( LENGTH_UNIT ( ) NAMED_UNIT ( * ) SI_UNIT ( .MILLI., .METRE. ) );
#5437 = MECHANICAL_DESIGN_GEOMETRIC_PRESENTATION_REPRESENTATION (  '', ( #5439 ), #5432 ) ;
#5438 = PRESENTATION_LAYER_ASSIGNMENT (  '', '', ( #5439 ) ) ;
#5439 = STYLED_ITEM ( 'NONE', ( #5440 ), #1487 ) ;
#5440 = PRESENTATION_STYLE_ASSIGNMENT (( #5441 ) ) ;
#5441 = SURFACE_STYLE_USAGE ( .BOTH. , #5442 ) ;
#5442 = SURFACE_SIDE_STYLE ('',( #5443 ) ) ;
#5443 = SURFACE_STYLE_FILL_AREA ( #5444 ) ;
#5444 = FILL_AREA_STYLE ('',( #5445 ) ) ;
#5445 = FILL_AREA_STYLE_COLOUR ( '', #5446 ) ;
#5446 = COLOUR_RGB ( '',0.7529411764705882200, 0.7529411764705882200, 0.7529411764705882200 ) ;
#5447 = FACE_OUTER_BOUND ( 'NONE', #1484, .T. ) ;
#5448 = CARTESIAN_POINT ( 'NONE',  ( -16.24999999999997200, 3.150000000000023400, -7.950000000000040100 ) ) ;
#5449 = CARTESIAN_POINT ( 'NONE',  ( -15.74999999999997200, 3.150000000000023400, -7.950000000000038400 ) ) ;
#5450 = DIRECTION ( 'NONE',  ( -1.000000000000000000, -2.133167774365308900E-017, -3.472226957524089600E-015 ) ) ;
#5451 = VECTOR ( 'NONE', #5450, 1000.000000000000000 ) ;
#5452 = CARTESIAN_POINT ( 'NONE',  ( -16.24999999999997200, 3.150000000000018100, -7.950000000000040100 ) ) ;
#5453 = LINE ( 'NONE', #5452, #5451 ) ;
#5454 = DIRECTION ( 'NONE',  ( 3.472226957524089200E-015, 3.602683583928408700E-015, -1.000000000000000000 ) ) ;
#5455 = VECTOR ( 'NONE', #5454, 1000.000000000000000 ) ;
#5456 = CARTESIAN_POINT ( 'NONE',  ( -15.74999999999999300, 3.150000000000004400, -2.600000000000037800 ) ) ;
#5457 = LINE ( 'NONE', #5456, #5455 ) ;
#5458 = CARTESIAN_POINT ( 'NONE',  ( -16.24999999999997200, 3.150000000000021700, -7.700000000000048100 ) ) ;
#5459 = DIRECTION ( 'NONE',  ( 1.000000000000000000, 2.381721122407539800E-016, 3.472226957524090400E-015 ) ) ;
#5460 = CARTESIAN_POINT ( 'NONE',  ( -14.24999999999998200, 3.650000000000015000, -5.800000000000037100 ) ) ;
#5461 = CARTESIAN_POINT ( 'NONE',  ( -14.24999999999998400, 3.150000000000014600, -5.800000000000038900 ) ) ;
#5462 = DIRECTION ( 'NONE',  ( 1.000000000000000000, 2.381721122407539800E-016, 3.472226957524090400E-015 ) ) ;
#5463 = VECTOR ( 'NONE', #5462, 1000.000000000000000 ) ;
#5464 = CARTESIAN_POINT ( 'NONE',  ( -19.19999999999998200, 3.150000000000014600, -5.800000000000055800 ) ) ;
#5465 = LINE ( 'NONE', #5464, #5463 ) ;
#5466 = DIRECTION ( 'NONE',  ( 1.297518949922157600E-016, -1.000000000000000000, -3.602683583928407900E-015 ) ) ;
#5467 = VECTOR ( 'NONE', #5466, 1000.000000000000000 ) ;
#5468 = CARTESIAN_POINT ( 'NONE',  ( -14.24999999999998200, 2.000000000000020000, -5.800000000000043300 ) ) ;
#5469 = LINE ( 'NONE', #5468, #5467 ) ;
#5470 = DIRECTION ( 'NONE',  ( 1.297518949922157600E-016, -1.000000000000000000, -3.602683583928407900E-015 ) ) ;
#5471 = VECTOR ( 'NONE', #5470, 1000.000000000000000 ) ;
#5472 = CARTESIAN_POINT ( 'NONE',  ( -12.24999999999997500, 5.400000000000027000, -7.700000000000025900 ) ) ;
#5473 = LINE ( 'NONE', #5472, #5471 ) ;
#5474 = DIRECTION ( 'NONE',  ( -1.297518949922157600E-016, 1.000000000000000000, 3.602683583928407900E-015 ) ) ;
#5475 = VECTOR ( 'NONE', #5474, 1000.000000000000000 ) ;
#5476 = CARTESIAN_POINT ( 'NONE',  ( -7.749999999999976000, 5.400000000000025200, -7.700000000000010800 ) ) ;
#5477 = LINE ( 'NONE', #5476, #5475 ) ;
#5478 = CARTESIAN_POINT ( 'NONE',  ( -7.749999999999976000, 3.650000000000023900, -7.700000000000017100 ) ) ;
#5479 = DIRECTION ( 'NONE',  ( 3.472226957524089200E-015, 3.602683583928408700E-015, -1.000000000000000000 ) ) ;
#5480 = VECTOR ( 'NONE', #5479, 1000.000000000000000 ) ;
#5481 = CARTESIAN_POINT ( 'NONE',  ( -16.24999999999999300, 3.150000000000004400, -2.600000000000040500 ) ) ;
#5482 = LINE ( 'NONE', #5481, #5480 ) ;
#5483 = DIRECTION ( 'NONE',  ( 3.472226957524089200E-015, 3.602683583928408700E-015, -1.000000000000000000 ) ) ;
#5484 = VECTOR ( 'NONE', #5483, 1000.000000000000000 ) ;
#5485 = CARTESIAN_POINT ( 'NONE',  ( -18.24999999999999300, 3.150000000000004400, -2.600000000000046700 ) ) ;
#5486 = LINE ( 'NONE', #5485, #5484 ) ;
#5487 = DIRECTION ( 'NONE',  ( -1.000000000000000000, -2.381721122407539800E-016, -3.472226957524090400E-015 ) ) ;
#5488 = DIRECTION ( 'NONE',  ( -2.381721122407665000E-016, 1.000000000000000000, 3.602683583928407900E-015 ) ) ;
#5489 = CARTESIAN_POINT ( 'NONE',  ( -15.74999999999999300, 3.150000000000004400, -2.600000000000037800 ) ) ;
#5490 = AXIS2_PLACEMENT_3D ( 'NONE', #5489, #5488, #5487 ) ;
#5491 = PLANE ( 'NONE',  #5490 ) ;
#5492 = PRESENTATION_STYLE_ASSIGNMENT (( #5493 ) ) ;
#5493 = SURFACE_STYLE_USAGE ( .BOTH. , #5494 ) ;
#5494 = SURFACE_SIDE_STYLE ('',( #5495 ) ) ;
#5495 = SURFACE_STYLE_FILL_AREA ( #5496 ) ;
#5496 = FILL_AREA_STYLE ('',( #5497 ) ) ;
#5497 = FILL_AREA_STYLE_COLOUR ( '', #5498 ) ;
#5498 = COLOUR_RGB ( '',0.0000000000000000000, 0.0000000000000000000, 0.6274509803921568500 ) ;
#5499 = CARTESIAN_POINT ( 'NONE',  ( -19.99999999999998200, 6.500000000000020400, -6.100000000000044100 ) ) ;
#5500 = DIRECTION ( 'NONE',  ( 1.000000000000000000, 1.297518949922035300E-016, 3.472226957524090000E-015 ) ) ;
#5501 = VECTOR ( 'NONE', #5500, 1000.000000000000000 ) ;
#5502 = CARTESIAN_POINT ( 'NONE',  ( -12.44999999999998500, 6.500000000000020400, -6.100000000000018300 ) ) ;
#5503 = LINE ( 'NONE', #5502, #5501 ) ;
#5504 = CARTESIAN_POINT ( 'NONE',  ( -17.84999999999998000, 6.500000000000020400, -6.100000000000037800 ) ) ;
#5505 = CARTESIAN_POINT ( 'NONE',  ( -9.749999999999982200, 3.150000000000016300, -5.800000000000022900 ) ) ;
#5506 = DIRECTION ( 'NONE',  ( -1.297518949922157600E-016, 1.000000000000000000, 3.602683583928407900E-015 ) ) ;
#5507 = VECTOR ( 'NONE', #5506, 1000.000000000000000 ) ;
#5508 = CARTESIAN_POINT ( 'NONE',  ( -9.749999999999980500, 2.000000000000020000, -5.800000000000027400 ) ) ;
#5509 = LINE ( 'NONE', #5508, #5507 ) ;
#5510 = DIRECTION ( 'NONE',  ( -1.000000000000000000, -1.297518949922035300E-016, -3.472226957524090000E-015 ) ) ;
#5511 = VECTOR ( 'NONE', #5510, 1000.000000000000000 ) ;
#5512 = CARTESIAN_POINT ( 'NONE',  ( -19.19999999999998200, 3.650000000000015000, -5.800000000000054000 ) ) ;
#5513 = LINE ( 'NONE', #5512, #5511 ) ;
#5514 = DIRECTION ( 'NONE',  ( 1.297518949922157600E-016, -1.000000000000000000, -3.602683583928407900E-015 ) ) ;
#5515 = VECTOR ( 'NONE', #5514, 1000.000000000000000 ) ;
#5516 = CARTESIAN_POINT ( 'NONE',  ( -10.24999999999998200, 2.000000000000020000, -5.800000000000029100 ) ) ;
#5517 = LINE ( 'NONE', #5516, #5515 ) ;
#5518 = CARTESIAN_POINT ( 'NONE',  ( -10.24999999999998200, 3.150000000000016300, -5.800000000000024700 ) ) ;
#5519 = DIRECTION ( 'NONE',  ( 1.000000000000000000, 2.381721122407539800E-016, 3.472226957524090400E-015 ) ) ;
#5520 = VECTOR ( 'NONE', #5519, 1000.000000000000000 ) ;
#5521 = CARTESIAN_POINT ( 'NONE',  ( -19.19999999999998200, 3.150000000000014600, -5.800000000000055800 ) ) ;
#5522 = LINE ( 'NONE', #5521, #5520 ) ;
#5523 = CARTESIAN_POINT ( 'NONE',  ( -13.74999999999998000, 3.650000000000015000, -5.800000000000035300 ) ) ;
#5524 = DIRECTION ( 'NONE',  ( -1.000000000000000000, -1.297518949922035300E-016, -3.472226957524090000E-015 ) ) ;
#5525 = VECTOR ( 'NONE', #5524, 1000.000000000000000 ) ;
#5526 = CARTESIAN_POINT ( 'NONE',  ( -19.19999999999998200, 3.650000000000015000, -5.800000000000054000 ) ) ;
#5527 = LINE ( 'NONE', #5526, #5525 ) ;
#5528 = CARTESIAN_POINT ( 'NONE',  ( -0.4999999999999810200, -0.7999999999999791700, -5.700000000000003700 ) ) ;
#5529 = LINE ( 'NONE', #5528, #5584 ) ;
#5530 = CARTESIAN_POINT ( 'NONE',  ( -0.4999999999999783500, -0.7999999999999764000, -6.500000000000005300 ) ) ;
#5531 = DIRECTION ( 'NONE',  ( -3.523657060577880300E-015, -3.491483361109383600E-015, 1.000000000000000000 ) ) ;
#5532 = DIRECTION ( 'NONE',  ( 1.297518949922153600E-016, -1.000000000000000000, -3.491483361109382100E-015 ) ) ;
#5533 = CARTESIAN_POINT ( 'NONE',  ( -0.4999999999999831200, 2.168404344971008900E-014, -6.100000000000002300 ) ) ;
#5534 = AXIS2_PLACEMENT_3D ( 'NONE', #5533, #5532, #5531 ) ;
#5535 = CIRCLE ( 'NONE', #5534, 0.4000000000000010200 ) ;
#5536 = CARTESIAN_POINT ( 'NONE',  ( -0.4999999999999811300, 2.028745010526633100E-014, -5.700000000000001100 ) ) ;
#5537 = DIRECTION ( 'NONE',  ( 3.523657060577880300E-015, 3.523657060577880300E-015, -1.000000000000000000 ) ) ;
#5538 = DIRECTION ( 'NONE',  ( -1.297518949922153600E-016, 1.000000000000000000, 3.491483361109382100E-015 ) ) ;
#5539 = AXIS2_PLACEMENT_3D ( 'NONE', #5541, #5538, #5537 ) ;
#5540 = CYLINDRICAL_SURFACE ( 'NONE', #5539, 0.4000000000000010200 ) ;
#5541 = CARTESIAN_POINT ( 'NONE',  ( -0.4999999999999796300, -0.7999999999999778400, -6.100000000000005000 ) ) ;
#5542 = FACE_OUTER_BOUND ( 'NONE', #1522, .T. ) ;
#5543 =( GEOMETRIC_REPRESENTATION_CONTEXT ( 3 ) GLOBAL_UNCERTAINTY_ASSIGNED_CONTEXT ( ( #5544 ) ) GLOBAL_UNIT_ASSIGNED_CONTEXT ( ( #5547, #5546, #5545 ) ) REPRESENTATION_CONTEXT ( 'NONE', 'WORKASPACE' ) );
#5544 = UNCERTAINTY_MEASURE_WITH_UNIT (LENGTH_MEASURE( 1.000000000000000100E-005 ), #5547, 'distance_accuracy_value', 'NONE');
#5545 =( NAMED_UNIT ( * ) SI_UNIT ( $, .STERADIAN. ) SOLID_ANGLE_UNIT ( ) );
#5546 =( NAMED_UNIT ( * ) PLANE_ANGLE_UNIT ( ) SI_UNIT ( $, .RADIAN. ) );
#5547 =( LENGTH_UNIT ( ) NAMED_UNIT ( * ) SI_UNIT ( .MILLI., .METRE. ) );
#5548 = MECHANICAL_DESIGN_GEOMETRIC_PRESENTATION_REPRESENTATION (  '', ( #5550 ), #5543 ) ;
#5549 = PRESENTATION_LAYER_ASSIGNMENT (  '', '', ( #5550 ) ) ;
#5550 = STYLED_ITEM ( 'NONE', ( #5492 ), #1523 ) ;
#5551 = CARTESIAN_POINT ( 'NONE',  ( -18.24999999999997500, 3.150000000000021700, -7.700000000000055200 ) ) ;
#5552 = DIRECTION ( 'NONE',  ( 1.000000000000000000, 2.381721122407539800E-016, 3.472226957524090400E-015 ) ) ;
#5553 = VECTOR ( 'NONE', #5552, 1000.000000000000000 ) ;
#5554 = CARTESIAN_POINT ( 'NONE',  ( 2.775557561562891400E-014, 3.150000000000025200, -7.699999999999991300 ) ) ;
#5555 = LINE ( 'NONE', #5554, #5553 ) ;
#5556 = CARTESIAN_POINT ( 'NONE',  ( -17.74999999999997500, 3.150000000000021700, -7.700000000000053500 ) ) ;
#5557 = DIRECTION ( 'NONE',  ( 3.472226957524089200E-015, 3.602683583928408700E-015, -1.000000000000000000 ) ) ;
#5558 = VECTOR ( 'NONE', #5557, 1000.000000000000000 ) ;
#5559 = CARTESIAN_POINT ( 'NONE',  ( -17.74999999999999300, 3.150000000000004400, -2.600000000000044900 ) ) ;
#5560 = LINE ( 'NONE', #5559, #5558 ) ;
#5561 = CARTESIAN_POINT ( 'NONE',  ( -2.149999999999985300, 6.500000000000022200, -6.099999999999983700 ) ) ;
#5562 = DIRECTION ( 'NONE',  ( -3.472226957524088800E-015, -3.455673119862577500E-015, 1.000000000000000000 ) ) ;
#5563 = DIRECTION ( 'NONE',  ( 1.297518949922153600E-016, -1.000000000000000000, -3.455673119862577100E-015 ) ) ;
#5564 = CARTESIAN_POINT ( 'NONE',  ( -7.550000000000000700, 6.500000000000006200, -1.800000000000001200 ) ) ;
#5565 = AXIS2_PLACEMENT_3D ( 'NONE', #5564, #5563, #5562 ) ;
#5566 = PLANE ( 'NONE',  #5565 ) ;
#5567 = FACE_OUTER_BOUND ( 'NONE', #1539, .T. ) ;
#5568 = DIRECTION ( 'NONE',  ( -1.297518949922153600E-016, 1.000000000000000000, 3.491483361109382100E-015 ) ) ;
#5569 = VECTOR ( 'NONE', #5568, 1000.000000000000000 ) ;
#5570 = CARTESIAN_POINT ( 'NONE',  ( -19.49999999999997900, -0.7999999999999798400, -6.500000000000071100 ) ) ;
#5571 = LINE ( 'NONE', #5570, #5569 ) ;
#5572 = CARTESIAN_POINT ( 'NONE',  ( -19.49999999999997900, 2.047855158018863300E-014, -6.500000000000068400 ) ) ;
#5573 = DIRECTION ( 'NONE',  ( 0.0000000000000000000, -3.491483361109383200E-015, 1.000000000000000000 ) ) ;
#5574 = DIRECTION ( 'NONE',  ( 1.297518949922153600E-016, -1.000000000000000000, -3.491483361109382100E-015 ) ) ;
#5575 = CARTESIAN_POINT ( 'NONE',  ( -19.49999999999998200, 1.908195823574487800E-014, -6.100000000000068000 ) ) ;
#5576 = AXIS2_PLACEMENT_3D ( 'NONE', #5575, #5574, #5573 ) ;
#5577 = CIRCLE ( 'NONE', #5576, 0.4000000000000001900 ) ;
#5578 = CARTESIAN_POINT ( 'NONE',  ( -19.49999999999997900, 1.768536489130112300E-014, -5.700000000000067700 ) ) ;
#5579 = DIRECTION ( 'NONE',  ( -1.297518949922153600E-016, 1.000000000000000000, 3.491483361109382100E-015 ) ) ;
#5580 = VECTOR ( 'NONE', #5579, 1000.000000000000000 ) ;
#5581 = CARTESIAN_POINT ( 'NONE',  ( -19.49999999999997900, -0.7999999999999827200, -5.700000000000070300 ) ) ;
#5582 = LINE ( 'NONE', #5581, #5580 ) ;
#5583 = DIRECTION ( 'NONE',  ( -1.297518949922153600E-016, 1.000000000000000000, 3.491483361109382100E-015 ) ) ;
#5584 = VECTOR ( 'NONE', #5583, 1000.000000000000000 ) ;
#5585 =( GEOMETRIC_REPRESENTATION_CONTEXT ( 3 ) GLOBAL_UNCERTAINTY_ASSIGNED_CONTEXT ( ( #5586 ) ) GLOBAL_UNIT_ASSIGNED_CONTEXT ( ( #5589, #5588, #5587 ) ) REPRESENTATION_CONTEXT ( 'NONE', 'WORKASPACE' ) );
#5586 = UNCERTAINTY_MEASURE_WITH_UNIT (LENGTH_MEASURE( 1.000000000000000100E-005 ), #5589, 'distance_accuracy_value', 'NONE');
#5587 =( NAMED_UNIT ( * ) SI_UNIT ( $, .STERADIAN. ) SOLID_ANGLE_UNIT ( ) );
#5588 =( NAMED_UNIT ( * ) PLANE_ANGLE_UNIT ( ) SI_UNIT ( $, .RADIAN. ) );
#5589 =( LENGTH_UNIT ( ) NAMED_UNIT ( * ) SI_UNIT ( .MILLI., .METRE. ) );
#5590 = MECHANICAL_DESIGN_GEOMETRIC_PRESENTATION_REPRESENTATION (  '', ( #5592 ), #5585 ) ;
#5591 = PRESENTATION_LAYER_ASSIGNMENT (  '', '', ( #5592 ) ) ;
#5592 = STYLED_ITEM ( 'NONE', ( #5593 ), #1553 ) ;
#5593 = PRESENTATION_STYLE_ASSIGNMENT (( #5594 ) ) ;
#5594 = SURFACE_STYLE_USAGE ( .BOTH. , #5595 ) ;
#5595 = SURFACE_SIDE_STYLE ('',( #5596 ) ) ;
#5596 = SURFACE_STYLE_FILL_AREA ( #5597 ) ;
#5597 = FILL_AREA_STYLE ('',( #5598 ) ) ;
#5598 = FILL_AREA_STYLE_COLOUR ( '', #5599 ) ;
#5599 = COLOUR_RGB ( '',0.7529411764705882200, 0.7529411764705882200, 0.7529411764705882200 ) ;
#5600 = FACE_OUTER_BOUND ( 'NONE', #1555, .T. ) ;
#5601 = CARTESIAN_POINT ( 'NONE',  ( -14.24999999999997700, 3.150000000000023400, -7.950000000000034800 ) ) ;
#5602 = DIRECTION ( 'NONE',  ( -1.000000000000000000, -2.133167774365308900E-017, -3.472226957524089600E-015 ) ) ;
#5603 = VECTOR ( 'NONE', #5602, 1000.000000000000000 ) ;
#5604 = CARTESIAN_POINT ( 'NONE',  ( -14.24999999999997700, 3.150000000000018100, -7.950000000000034800 ) ) ;
#5605 = LINE ( 'NONE', #5604, #5603 ) ;
#5606 = CARTESIAN_POINT ( 'NONE',  ( -14.24999999999997700, 3.150000000000021700, -7.700000000000041000 ) ) ;
#5607 = DIRECTION ( 'NONE',  ( 1.000000000000000000, 2.381721122407539800E-016, 3.472226957524090400E-015 ) ) ;
#5608 = VECTOR ( 'NONE', #5607, 1000.000000000000000 ) ;
#5609 = CARTESIAN_POINT ( 'NONE',  ( 2.775557561562891400E-014, 3.150000000000025200, -7.699999999999991300 ) ) ;
#5610 = LINE ( 'NONE', #5609, #5608 ) ;
#5611 = CARTESIAN_POINT ( 'NONE',  ( -13.74999999999997500, 3.150000000000023400, -7.950000000000033000 ) ) ;
#5612 = CARTESIAN_POINT ( 'NONE',  ( -19.99999999999997500, 6.500000000000024000, -7.700000000000046400 ) ) ;
#5613 = AXIS2_PLACEMENT_3D ( 'NONE', #5612, #5676, #5675 ) ;
#5614 = PLANE ( 'NONE',  #5613 ) ;
#5615 = FACE_OUTER_BOUND ( 'NONE', #1568, .T. ) ;
#5616 = DIRECTION ( 'NONE',  ( 3.619237421589919700E-015, 3.455673119862577500E-015, -1.000000000000000000 ) ) ;
#5617 = VECTOR ( 'NONE', #5616, 1000.000000000000000 ) ;
#5618 = CARTESIAN_POINT ( 'NONE',  ( -12.44999999999999900, 5.400000000000006600, -1.800000000000020300 ) ) ;
#5619 = LINE ( 'NONE', #5618, #5617 ) ;
#5620 = CARTESIAN_POINT ( 'NONE',  ( -12.44999999999999900, 5.400000000000006600, -1.800000000000020300 ) ) ;
#5621 = CARTESIAN_POINT ( 'NONE',  ( -19.49999999999997900, -0.7999999999999827200, -5.700000000000070300 ) ) ;
#5622 = DIRECTION ( 'NONE',  ( 0.0000000000000000000, -3.523657060577887800E-015, 1.000000000000000000 ) ) ;
#5623 = DIRECTION ( 'NONE',  ( 1.297518949922153600E-016, -1.000000000000000000, -3.491483361109382100E-015 ) ) ;
#5624 = CARTESIAN_POINT ( 'NONE',  ( -19.49999999999997900, -0.7999999999999812800, -6.100000000000070700 ) ) ;
#5625 = AXIS2_PLACEMENT_3D ( 'NONE', #5624, #5623, #5622 ) ;
#5626 = DIRECTION ( 'NONE',  ( 0.0000000000000000000, 3.523657060577887800E-015, -1.000000000000000000 ) ) ;
#5627 = DIRECTION ( 'NONE',  ( -1.297518949922153600E-016, 1.000000000000000000, 3.491483361109382100E-015 ) ) ;
#5628 = AXIS2_PLACEMENT_3D ( 'NONE', #5631, #5627, #5626 ) ;
#5629 = CYLINDRICAL_SURFACE ( 'NONE', #5628, 0.4000000000000001900 ) ;
#5630 = CIRCLE ( 'NONE', #5625, 0.4000000000000001900 ) ;
#5631 = CARTESIAN_POINT ( 'NONE',  ( -19.49999999999997900, -0.7999999999999812800, -6.100000000000070700 ) ) ;
#5632 = FACE_OUTER_BOUND ( 'NONE', #1573, .T. ) ;
#5633 = CARTESIAN_POINT ( 'NONE',  ( -12.45000000000000100, 6.500000000000005300, -1.800000000000016900 ) ) ;
#5634 = CARTESIAN_POINT ( 'NONE',  ( -15.74999999999997200, 3.150000000000021700, -7.700000000000046400 ) ) ;
#5635 = CARTESIAN_POINT ( 'NONE',  ( -13.74999999999997500, 3.150000000000021700, -7.700000000000039300 ) ) ;
#5636 = DIRECTION ( 'NONE',  ( 3.472226957524089200E-015, 3.602683583928408700E-015, -1.000000000000000000 ) ) ;
#5637 = VECTOR ( 'NONE', #5636, 1000.000000000000000 ) ;
#5638 = CARTESIAN_POINT ( 'NONE',  ( -13.74999999999999300, 3.150000000000004400, -2.600000000000033000 ) ) ;
#5639 = LINE ( 'NONE', #5638, #5637 ) ;
#5640 = DIRECTION ( 'NONE',  ( -1.000000000000000000, -2.381721122407539800E-016, -3.472226957524090400E-015 ) ) ;
#5641 = DIRECTION ( 'NONE',  ( -2.381721122407665000E-016, 1.000000000000000000, 3.602683583928407900E-015 ) ) ;
#5642 = CARTESIAN_POINT ( 'NONE',  ( -13.74999999999999300, 3.150000000000004400, -2.600000000000033000 ) ) ;
#5643 = AXIS2_PLACEMENT_3D ( 'NONE', #5642, #5641, #5640 ) ;
#5644 = PLANE ( 'NONE',  #5643 ) ;
#5645 = UNCERTAINTY_MEASURE_WITH_UNIT (LENGTH_MEASURE( 1.000000000000000100E-005 ), #5648, 'distance_accuracy_value', 'NONE');
#5646 =( NAMED_UNIT ( * ) SI_UNIT ( $, .STERADIAN. ) SOLID_ANGLE_UNIT ( ) );
#5647 =( NAMED_UNIT ( * ) PLANE_ANGLE_UNIT ( ) SI_UNIT ( $, .RADIAN. ) );
#5648 =( LENGTH_UNIT ( ) NAMED_UNIT ( * ) SI_UNIT ( .MILLI., .METRE. ) );
#5649 = MECHANICAL_DESIGN_GEOMETRIC_PRESENTATION_REPRESENTATION (  '', ( #5651 ), #5704 ) ;
#5650 = PRESENTATION_LAYER_ASSIGNMENT (  '', '', ( #5651 ) ) ;
#5651 = STYLED_ITEM ( 'NONE', ( #5652 ), #1579 ) ;
#5652 = PRESENTATION_STYLE_ASSIGNMENT (( #5653 ) ) ;
#5653 = SURFACE_STYLE_USAGE ( .BOTH. , #5654 ) ;
#5654 = SURFACE_SIDE_STYLE ('',( #5655 ) ) ;
#5655 = SURFACE_STYLE_FILL_AREA ( #5656 ) ;
#5656 = FILL_AREA_STYLE ('',( #5663 ) ) ;
#5657 = COLOUR_RGB ( '',0.7529411764705882200, 0.7529411764705882200, 0.7529411764705882200 ) ;
#5658 = FACE_OUTER_BOUND ( 'NONE', #1580, .T. ) ;
#5659 = DIRECTION ( 'NONE',  ( -3.472226957524089200E-015, -3.455673119862577900E-015, 1.000000000000000000 ) ) ;
#5660 = VECTOR ( 'NONE', #5659, 1000.000000000000000 ) ;
#5661 = CARTESIAN_POINT ( 'NONE',  ( -19.99999999999999600, 6.500000000000003600, -1.800000000000047100 ) ) ;
#5662 = LINE ( 'NONE', #5661, #5660 ) ;
#5663 = FILL_AREA_STYLE_COLOUR ( '', #5657 ) ;
#5664 = DIRECTION ( 'NONE',  ( -3.523657060577880300E-015, -3.523657060577880300E-015, 1.000000000000000000 ) ) ;
#5665 = DIRECTION ( 'NONE',  ( 1.297518949922153600E-016, -1.000000000000000000, -3.491483361109382100E-015 ) ) ;
#5666 = CARTESIAN_POINT ( 'NONE',  ( -0.4999999999999796300, -0.7999999999999778400, -6.100000000000005000 ) ) ;
#5667 = AXIS2_PLACEMENT_3D ( 'NONE', #5666, #5665, #5664 ) ;
#5668 = CIRCLE ( 'NONE', #5667, 0.4000000000000010200 ) ;
#5669 = CARTESIAN_POINT ( 'NONE',  ( -0.4999999999999811300, -0.7999999999999791700, -5.700000000000003700 ) ) ;
#5670 = DIRECTION ( 'NONE',  ( -1.297518949922153600E-016, 1.000000000000000000, 3.491483361109382100E-015 ) ) ;
#5671 = VECTOR ( 'NONE', #5670, 1000.000000000000000 ) ;
#5672 = CARTESIAN_POINT ( 'NONE',  ( -0.4999999999999782400, -0.7999999999999764000, -6.500000000000005300 ) ) ;
#5673 = LINE ( 'NONE', #5672, #5671 ) ;
#5674 = CARTESIAN_POINT ( 'NONE',  ( -0.4999999999999783500, 2.308063679415384700E-014, -6.500000000000003600 ) ) ;
#5675 = DIRECTION ( 'NONE',  ( -3.472226957524088800E-015, -3.455673119862577500E-015, 1.000000000000000000 ) ) ;
#5676 = DIRECTION ( 'NONE',  ( 1.297518949922153600E-016, -1.000000000000000000, -3.455673119862577100E-015 ) ) ;
#5677 = CARTESIAN_POINT ( 'NONE',  ( -18.24999999999997500, 3.150000000000021700, -7.950000000000047300 ) ) ;
#5678 = CARTESIAN_POINT ( 'NONE',  ( -17.74999999999997500, 3.150000000000023400, -7.950000000000045500 ) ) ;
#5679 = DIRECTION ( 'NONE',  ( -1.000000000000000000, -2.133167774365308900E-017, -3.472226957524089600E-015 ) ) ;
#5680 = VECTOR ( 'NONE', #5679, 1000.000000000000000 ) ;
#5681 = CARTESIAN_POINT ( 'NONE',  ( -18.24999999999997500, 3.150000000000018100, -7.950000000000047300 ) ) ;
#5682 = LINE ( 'NONE', #5681, #5680 ) ;
#5683 = CARTESIAN_POINT ( 'NONE',  ( -12.44999999999998300, 5.400000000000019900, -6.100000000000022700 ) ) ;
#5684 = DIRECTION ( 'NONE',  ( 1.297518949922157600E-016, -1.000000000000000000, -3.602683583928407900E-015 ) ) ;
#5685 = VECTOR ( 'NONE', #5684, 1000.000000000000000 ) ;
#5686 = CARTESIAN_POINT ( 'NONE',  ( -12.44999999999998300, 5.400000000000019900, -6.100000000000022700 ) ) ;
#5687 = LINE ( 'NONE', #5686, #5685 ) ;
#5688 = DIRECTION ( 'NONE',  ( 3.619237421589919700E-015, 3.602683583928408700E-015, -1.000000000000000000 ) ) ;
#5689 = DIRECTION ( 'NONE',  ( -1.000000000000000000, -1.297518949922027400E-016, -3.619237421589920400E-015 ) ) ;
#5690 = CARTESIAN_POINT ( 'NONE',  ( -12.45000000000000100, 6.500000000000005300, -1.800000000000016900 ) ) ;
#5691 = AXIS2_PLACEMENT_3D ( 'NONE', #5690, #5689, #5688 ) ;
#5692 = PLANE ( 'NONE',  #5691 ) ;
#5693 = FACE_OUTER_BOUND ( 'NONE', #1586, .T. ) ;
#5694 = DIRECTION ( 'NONE',  ( 3.619237421589919700E-015, 3.455673119862577500E-015, -1.000000000000000000 ) ) ;
#5695 = VECTOR ( 'NONE', #5694, 1000.000000000000000 ) ;
#5696 = CARTESIAN_POINT ( 'NONE',  ( -12.45000000000000100, 6.500000000000005300, -1.800000000000016900 ) ) ;
#5697 = LINE ( 'NONE', #5696, #5695 ) ;
#5698 = CARTESIAN_POINT ( 'NONE',  ( -19.49999999999997900, -0.7999999999999798400, -6.500000000000071100 ) ) ;
#5699 = DIRECTION ( 'NONE',  ( -1.000000000000000000, -2.381721122407539800E-016, -3.472226957524090400E-015 ) ) ;
#5700 = DIRECTION ( 'NONE',  ( -2.381721122407665000E-016, 1.000000000000000000, 3.602683583928407900E-015 ) ) ;
#5701 = CARTESIAN_POINT ( 'NONE',  ( -17.74999999999999300, 3.150000000000004400, -2.600000000000044900 ) ) ;
#5702 = AXIS2_PLACEMENT_3D ( 'NONE', #5701, #5700, #5699 ) ;
#5703 = PLANE ( 'NONE',  #5702 ) ;
#5704 =( GEOMETRIC_REPRESENTATION_CONTEXT ( 3 ) GLOBAL_UNCERTAINTY_ASSIGNED_CONTEXT ( ( #5645 ) ) GLOBAL_UNIT_ASSIGNED_CONTEXT ( ( #5648, #5647, #5646 ) ) REPRESENTATION_CONTEXT ( 'NONE', 'WORKASPACE' ) );
#5705 =( GEOMETRIC_REPRESENTATION_CONTEXT ( 3 ) GLOBAL_UNCERTAINTY_ASSIGNED_CONTEXT ( ( #5706 ) ) GLOBAL_UNIT_ASSIGNED_CONTEXT ( ( #5709, #5708, #5707 ) ) REPRESENTATION_CONTEXT ( 'NONE', 'WORKASPACE' ) );
#5706 = UNCERTAINTY_MEASURE_WITH_UNIT (LENGTH_MEASURE( 1.000000000000000100E-005 ), #5709, 'distance_accuracy_value', 'NONE');
#5707 =( NAMED_UNIT ( * ) SI_UNIT ( $, .STERADIAN. ) SOLID_ANGLE_UNIT ( ) );
#5708 =( NAMED_UNIT ( * ) PLANE_ANGLE_UNIT ( ) SI_UNIT ( $, .RADIAN. ) );
#5709 =( LENGTH_UNIT ( ) NAMED_UNIT ( * ) SI_UNIT ( .MILLI., .METRE. ) );
#5710 = MECHANICAL_DESIGN_GEOMETRIC_PRESENTATION_REPRESENTATION (  '', ( #5712 ), #5705 ) ;
#5711 = PRESENTATION_LAYER_ASSIGNMENT (  '', '', ( #5712 ) ) ;
#5712 = STYLED_ITEM ( 'NONE', ( #5713 ), #1601 ) ;
#5713 = PRESENTATION_STYLE_ASSIGNMENT (( #5714 ) ) ;
#5714 = SURFACE_STYLE_USAGE ( .BOTH. , #5715 ) ;
#5715 = SURFACE_SIDE_STYLE ('',( #5716 ) ) ;
#5716 = SURFACE_STYLE_FILL_AREA ( #5717 ) ;
#5717 = FILL_AREA_STYLE ('',( #5724 ) ) ;
#5718 = COLOUR_RGB ( '',0.7529411764705882200, 0.7529411764705882200, 0.7529411764705882200 ) ;
#5719 = FACE_OUTER_BOUND ( 'NONE', #1602, .T. ) ;
#5720 = DIRECTION ( 'NONE',  ( 3.472226957524089200E-015, 3.602683583928408700E-015, -1.000000000000000000 ) ) ;
#5721 = VECTOR ( 'NONE', #5720, 1000.000000000000000 ) ;
#5722 = CARTESIAN_POINT ( 'NONE',  ( -8.249999999999992900, 3.150000000000004400, -2.600000000000014700 ) ) ;
#5723 = LINE ( 'NONE', #5722, #5721 ) ;
#5724 = FILL_AREA_STYLE_COLOUR ( '', #5718 ) ;
#5725 = DIRECTION ( 'NONE',  ( -3.472226957524089200E-015, -3.602683583928408700E-015, 1.000000000000000000 ) ) ;
#5726 = VECTOR ( 'NONE', #5725, 1000.000000000000000 ) ;
#5727 = CARTESIAN_POINT ( 'NONE',  ( -17.84999999999998000, 6.500000000000020400, -6.100000000000037800 ) ) ;
#5728 = LINE ( 'NONE', #5727, #5726 ) ;
#5729 = CARTESIAN_POINT ( 'NONE',  ( -17.84999999999999800, 6.500000000000003600, -1.800000000000039300 ) ) ;
#5730 = CARTESIAN_POINT ( 'NONE',  ( -19.99999999999999600, 6.500000000000003600, -1.800000000000047100 ) ) ;
#5731 = DIRECTION ( 'NONE',  ( 1.000000000000000000, 1.297518949922008000E-016, 4.046638704536278400E-015 ) ) ;
#5732 = VECTOR ( 'NONE', #5731, 1000.000000000000000 ) ;
#5733 = CARTESIAN_POINT ( 'NONE',  ( -19.99999999999999600, 6.500000000000003600, -1.800000000000047100 ) ) ;
#5734 = LINE ( 'NONE', #5733, #5732 ) ;
#5735 =( GEOMETRIC_REPRESENTATION_CONTEXT ( 3 ) GLOBAL_UNCERTAINTY_ASSIGNED_CONTEXT ( ( #5736 ) ) GLOBAL_UNIT_ASSIGNED_CONTEXT ( ( #5739, #5738, #5737 ) ) REPRESENTATION_CONTEXT ( 'NONE', 'WORKASPACE' ) );
#5736 = UNCERTAINTY_MEASURE_WITH_UNIT (LENGTH_MEASURE( 1.000000000000000100E-005 ), #5739, 'distance_accuracy_value', 'NONE');
#5737 =( NAMED_UNIT ( * ) SI_UNIT ( $, .STERADIAN. ) SOLID_ANGLE_UNIT ( ) );
#5738 =( NAMED_UNIT ( * ) PLANE_ANGLE_UNIT ( ) SI_UNIT ( $, .RADIAN. ) );
#5739 =( LENGTH_UNIT ( ) NAMED_UNIT ( * ) SI_UNIT ( .MILLI., .METRE. ) );
#5740 = MECHANICAL_DESIGN_GEOMETRIC_PRESENTATION_REPRESENTATION (  '', ( #5742 ), #5735 ) ;
#5741 = PRESENTATION_LAYER_ASSIGNMENT (  '', '', ( #5742 ) ) ;
#5742 = STYLED_ITEM ( 'NONE', ( #5743 ), #1605 ) ;
#5743 = PRESENTATION_STYLE_ASSIGNMENT (( #5744 ) ) ;
#5744 = SURFACE_STYLE_USAGE ( .BOTH. , #5745 ) ;
#5745 = SURFACE_SIDE_STYLE ('',( #5746 ) ) ;
#5746 = SURFACE_STYLE_FILL_AREA ( #5747 ) ;
#5747 = FILL_AREA_STYLE ('',( #5754 ) ) ;
#5748 = COLOUR_RGB ( '',0.7529411764705882200, 0.7529411764705882200, 0.7529411764705882200 ) ;
#5749 = FACE_OUTER_BOUND ( 'NONE', #1606, .T. ) ;
#5750 = DIRECTION ( 'NONE',  ( 3.472226957524089200E-015, 3.602683583928408700E-015, -1.000000000000000000 ) ) ;
#5751 = VECTOR ( 'NONE', #5750, 1000.000000000000000 ) ;
#5752 = CARTESIAN_POINT ( 'NONE',  ( -12.24999999999999300, 3.150000000000004400, -2.600000000000028500 ) ) ;
#5753 = LINE ( 'NONE', #5752, #5751 ) ;
#5754 = FILL_AREA_STYLE_COLOUR ( '', #5748 ) ;
#5755 = CARTESIAN_POINT ( 'NONE',  ( -12.24999999999997500, 3.150000000000023400, -7.950000000000028600 ) ) ;
#5756 = DIRECTION ( 'NONE',  ( -1.000000000000000000, -2.381721122407539800E-016, -3.472226957524090400E-015 ) ) ;
#5757 = DIRECTION ( 'NONE',  ( -2.381721122407665000E-016, 1.000000000000000000, 3.602683583928407900E-015 ) ) ;
#5758 = CARTESIAN_POINT ( 'NONE',  ( -5.749999999999991100, 3.150000000000004400, -2.600000000000007600 ) ) ;
#5759 = AXIS2_PLACEMENT_3D ( 'NONE', #5758, #5757, #5756 ) ;
#5760 = PLANE ( 'NONE',  #5759 ) ;
#5761 = DIRECTION ( 'NONE',  ( -2.381721122407665000E-016, 1.000000000000000000, 3.602683583928407900E-015 ) ) ;
#5762 = CARTESIAN_POINT ( 'NONE',  ( -7.749999999999989300, 3.150000000000004400, -2.600000000000013000 ) ) ;
#5763 = AXIS2_PLACEMENT_3D ( 'NONE', #5762, #5761, #5822 ) ;
#5764 = PLANE ( 'NONE',  #5763 ) ;
#5765 =( GEOMETRIC_REPRESENTATION_CONTEXT ( 3 ) GLOBAL_UNCERTAINTY_ASSIGNED_CONTEXT ( ( #5766 ) ) GLOBAL_UNIT_ASSIGNED_CONTEXT ( ( #5769, #5768, #5767 ) ) REPRESENTATION_CONTEXT ( 'NONE', 'WORKASPACE' ) );
#5766 = UNCERTAINTY_MEASURE_WITH_UNIT (LENGTH_MEASURE( 1.000000000000000100E-005 ), #5769, 'distance_accuracy_value', 'NONE');
#5767 =( NAMED_UNIT ( * ) SI_UNIT ( $, .STERADIAN. ) SOLID_ANGLE_UNIT ( ) );
#5768 =( NAMED_UNIT ( * ) PLANE_ANGLE_UNIT ( ) SI_UNIT ( $, .RADIAN. ) );
#5769 =( LENGTH_UNIT ( ) NAMED_UNIT ( * ) SI_UNIT ( .MILLI., .METRE. ) );
#5770 = MECHANICAL_DESIGN_GEOMETRIC_PRESENTATION_REPRESENTATION (  '', ( #5772 ), #5765 ) ;
#5771 = PRESENTATION_LAYER_ASSIGNMENT (  '', '', ( #5772 ) ) ;
#5772 = STYLED_ITEM ( 'NONE', ( #5773 ), #1612 ) ;
#5773 = PRESENTATION_STYLE_ASSIGNMENT (( #5774 ) ) ;
#5774 = SURFACE_STYLE_USAGE ( .BOTH. , #5775 ) ;
#5775 = SURFACE_SIDE_STYLE ('',( #5776 ) ) ;
#5776 = SURFACE_STYLE_FILL_AREA ( #5777 ) ;
#5777 = FILL_AREA_STYLE ('',( #5784 ) ) ;
#5778 = COLOUR_RGB ( '',0.7529411764705882200, 0.7529411764705882200, 0.7529411764705882200 ) ;
#5779 = FACE_OUTER_BOUND ( 'NONE', #1611, .T. ) ;
#5780 = DIRECTION ( 'NONE',  ( 3.472226957524089200E-015, 3.602683583928408700E-015, -1.000000000000000000 ) ) ;
#5781 = VECTOR ( 'NONE', #5780, 1000.000000000000000 ) ;
#5782 = CARTESIAN_POINT ( 'NONE',  ( -10.24999999999999300, 3.150000000000004400, -2.600000000000021400 ) ) ;
#5783 = LINE ( 'NONE', #5782, #5781 ) ;
#5784 = FILL_AREA_STYLE_COLOUR ( '', #5778 ) ;
#5785 = CARTESIAN_POINT ( 'NONE',  ( -11.74999999999997500, 3.150000000000021700, -7.700000000000032200 ) ) ;
#5786 = DIRECTION ( 'NONE',  ( -1.000000000000000000, -2.381721122407539800E-016, -3.472226957524090400E-015 ) ) ;
#5787 = DIRECTION ( 'NONE',  ( -2.381721122407665000E-016, 1.000000000000000000, 3.602683583928407900E-015 ) ) ;
#5788 = CARTESIAN_POINT ( 'NONE',  ( -9.749999999999992900, 3.150000000000004400, -2.600000000000019600 ) ) ;
#5789 = AXIS2_PLACEMENT_3D ( 'NONE', #5788, #5787, #5786 ) ;
#5790 = PLANE ( 'NONE',  #5789 ) ;
#5791 = DIRECTION ( 'NONE',  ( 1.000000000000000000, 1.297518949922035300E-016, 3.472226957524090000E-015 ) ) ;
#5792 = VECTOR ( 'NONE', #5791, 1000.000000000000000 ) ;
#5793 = CARTESIAN_POINT ( 'NONE',  ( -12.44999999999998500, 6.500000000000020400, -6.100000000000018300 ) ) ;
#5794 = LINE ( 'NONE', #5793, #5792 ) ;
#5795 = DIRECTION ( 'NONE',  ( -3.472226957524088800E-015, -3.455673119862577500E-015, 1.000000000000000000 ) ) ;
#5796 = DIRECTION ( 'NONE',  ( 1.297518949922153600E-016, -1.000000000000000000, -3.455673119862577100E-015 ) ) ;
#5797 = CARTESIAN_POINT ( 'NONE',  ( -19.99999999999997500, 6.500000000000024000, -7.700000000000046400 ) ) ;
#5798 = AXIS2_PLACEMENT_3D ( 'NONE', #5797, #5796, #5795 ) ;
#5799 = PLANE ( 'NONE',  #5798 ) ;
#5800 = FACE_OUTER_BOUND ( 'NONE', #1627, .T. ) ;
#5801 = DIRECTION ( 'NONE',  ( 3.472226957524088800E-015, 3.455673119862577900E-015, -1.000000000000000000 ) ) ;
#5802 = VECTOR ( 'NONE', #5801, 1000.000000000000000 ) ;
#5803 = CARTESIAN_POINT ( 'NONE',  ( 0.0000000000000000000, 6.500000000000006200, -1.799999999999977000 ) ) ;
#5804 = LINE ( 'NONE', #5803, #5802 ) ;
#5805 = CARTESIAN_POINT ( 'NONE',  ( 0.0000000000000000000, 6.500000000000006200, -1.799999999999977000 ) ) ;
#5806 = DIRECTION ( 'NONE',  ( 1.000000000000000000, 1.297518949922043000E-016, 3.127579909316777300E-015 ) ) ;
#5807 = VECTOR ( 'NONE', #5806, 1000.000000000000000 ) ;
#5808 = CARTESIAN_POINT ( 'NONE',  ( -7.550000000000000700, 6.500000000000006200, -1.800000000000001200 ) ) ;
#5809 = LINE ( 'NONE', #5808, #5807 ) ;
#5810 = CARTESIAN_POINT ( 'NONE',  ( -2.149999999999999000, 6.500000000000006200, -1.799999999999985600 ) ) ;
#5811 = DIRECTION ( 'NONE',  ( -3.472226957524089200E-015, -3.602683583928408700E-015, 1.000000000000000000 ) ) ;
#5812 = VECTOR ( 'NONE', #5811, 1000.000000000000000 ) ;
#5813 = CARTESIAN_POINT ( 'NONE',  ( -2.149999999999985300, 6.500000000000022200, -6.099999999999983700 ) ) ;
#5814 = LINE ( 'NONE', #5813, #5812 ) ;
#5815 = CARTESIAN_POINT ( 'NONE',  ( 1.387778780781445700E-014, 6.500000000000020400, -6.099999999999975700 ) ) ;
#5816 = DIRECTION ( 'NONE',  ( 1.000000000000000000, -4.257162911145303200E-017, 3.472226957524089600E-015 ) ) ;
#5817 = VECTOR ( 'NONE', #5816, 1000.000000000000000 ) ;
#5818 = CARTESIAN_POINT ( 'NONE',  ( -7.549999999999987400, 6.500000000000022200, -6.100000000000002300 ) ) ;
#5819 = LINE ( 'NONE', #5818, #5817 ) ;
#5820 = CARTESIAN_POINT ( 'NONE',  ( -12.24999999999997500, 3.150000000000021700, -7.700000000000033900 ) ) ;
#5821 = CARTESIAN_POINT ( 'NONE',  ( -7.749999999999972500, 3.150000000000025200, -7.950000000000014400 ) ) ;
#5822 = DIRECTION ( 'NONE',  ( -1.000000000000000000, -2.381721122407539800E-016, -3.472226957524090400E-015 ) ) ;
#5823 = CARTESIAN_POINT ( 'NONE',  ( -9.749999999999992900, 3.150000000000004400, -2.600000000000019600 ) ) ;
#5824 = LINE ( 'NONE', #5823, #5889 ) ;
#5825 = CARTESIAN_POINT ( 'NONE',  ( -9.749999999999973400, 3.150000000000023400, -7.950000000000021500 ) ) ;
#5826 = DIRECTION ( 'NONE',  ( 1.297518949922157600E-016, -1.000000000000000000, -3.602683583928407900E-015 ) ) ;
#5827 = VECTOR ( 'NONE', #5826, 1000.000000000000000 ) ;
#5828 = CARTESIAN_POINT ( 'NONE',  ( -19.99999999999997500, 5.400000000000023400, -7.700000000000053500 ) ) ;
#5829 = LINE ( 'NONE', #5828, #5827 ) ;
#5830 = DIRECTION ( 'NONE',  ( 1.000000000000000000, 1.297518949922035300E-016, 3.472226957524090000E-015 ) ) ;
#5831 = DIRECTION ( 'NONE',  ( 3.472226957524089600E-015, 3.602683583928408700E-015, -1.000000000000000000 ) ) ;
#5832 = CARTESIAN_POINT ( 'NONE',  ( 2.428612866367529900E-014, 5.400000000000027000, -7.699999999999984200 ) ) ;
#5833 = AXIS2_PLACEMENT_3D ( 'NONE', #5832, #5831, #5830 ) ;
#5834 = PLANE ( 'NONE',  #5833 ) ;
#5835 = FACE_BOUND ( 'NONE', #1340, .T. ) ;
#5836 = FACE_BOUND ( 'NONE', #1360, .T. ) ;
#5837 = FACE_BOUND ( 'NONE', #1374, .T. ) ;
#5838 = FACE_BOUND ( 'NONE', #1301, .T. ) ;
#5839 = FACE_BOUND ( 'NONE', #1312, .T. ) ;
#5840 = FACE_BOUND ( 'NONE', #1320, .T. ) ;
#5841 = FACE_BOUND ( 'NONE', #1493, .T. ) ;
#5842 = FACE_BOUND ( 'NONE', #997, .T. ) ;
#5843 = FACE_BOUND ( 'NONE', #1683, .T. ) ;
#5844 = FACE_OUTER_BOUND ( 'NONE', #1641, .T. ) ;
#5845 = DIRECTION ( 'NONE',  ( 1.000000000000000000, 1.297518949922008000E-016, 4.046638704536278400E-015 ) ) ;
#5846 = VECTOR ( 'NONE', #5845, 1000.000000000000000 ) ;
#5847 = CARTESIAN_POINT ( 'NONE',  ( -19.99999999999999600, 6.500000000000003600, -1.800000000000047100 ) ) ;
#5848 = LINE ( 'NONE', #5847, #5846 ) ;
#5849 = CARTESIAN_POINT ( 'NONE',  ( -14.55000000000000100, 6.500000000000005300, -1.800000000000028200 ) ) ;
#5850 = DIRECTION ( 'NONE',  ( -3.472226957524089200E-015, -3.602683583928408700E-015, 1.000000000000000000 ) ) ;
#5851 = VECTOR ( 'NONE', #5850, 1000.000000000000000 ) ;
#5852 = CARTESIAN_POINT ( 'NONE',  ( -14.54999999999998600, 6.500000000000020400, -6.100000000000026300 ) ) ;
#5853 = LINE ( 'NONE', #5852, #5851 ) ;
#5854 = CARTESIAN_POINT ( 'NONE',  ( -12.44999999999998500, 6.500000000000020400, -6.100000000000018300 ) ) ;
#5855 = DIRECTION ( 'NONE',  ( 1.297518949922153600E-016, -1.000000000000000000, -3.455673119862577100E-015 ) ) ;
#5856 = VECTOR ( 'NONE', #5855, 1000.000000000000000 ) ;
#5857 = CARTESIAN_POINT ( 'NONE',  ( -12.45000000000000100, 6.500000000000005300, -1.800000000000016900 ) ) ;
#5858 = LINE ( 'NONE', #5857, #5856 ) ;
#5859 = CARTESIAN_POINT ( 'NONE',  ( -14.54999999999998600, 6.500000000000020400, -6.100000000000026300 ) ) ;
#5860 =( GEOMETRIC_REPRESENTATION_CONTEXT ( 3 ) GLOBAL_UNCERTAINTY_ASSIGNED_CONTEXT ( ( #5861 ) ) GLOBAL_UNIT_ASSIGNED_CONTEXT ( ( #5864, #5863, #5862 ) ) REPRESENTATION_CONTEXT ( 'NONE', 'WORKASPACE' ) );
#5861 = UNCERTAINTY_MEASURE_WITH_UNIT (LENGTH_MEASURE( 1.000000000000000100E-005 ), #5864, 'distance_accuracy_value', 'NONE');
#5862 =( NAMED_UNIT ( * ) SI_UNIT ( $, .STERADIAN. ) SOLID_ANGLE_UNIT ( ) );
#5863 =( NAMED_UNIT ( * ) PLANE_ANGLE_UNIT ( ) SI_UNIT ( $, .RADIAN. ) );
#5864 =( LENGTH_UNIT ( ) NAMED_UNIT ( * ) SI_UNIT ( .MILLI., .METRE. ) );
#5865 = MECHANICAL_DESIGN_GEOMETRIC_PRESENTATION_REPRESENTATION (  '', ( #5867 ), #5860 ) ;
#5866 = PRESENTATION_LAYER_ASSIGNMENT (  '', '', ( #5867 ) ) ;
#5867 = STYLED_ITEM ( 'NONE', ( #5868 ), #1655 ) ;
#5868 = PRESENTATION_STYLE_ASSIGNMENT (( #5869 ) ) ;
#5869 = SURFACE_STYLE_USAGE ( .BOTH. , #5870 ) ;
#5870 = SURFACE_SIDE_STYLE ('',( #5871 ) ) ;
#5871 = SURFACE_STYLE_FILL_AREA ( #5872 ) ;
#5872 = FILL_AREA_STYLE ('',( #5879 ) ) ;
#5873 = COLOUR_RGB ( '',0.7529411764705882200, 0.7529411764705882200, 0.7529411764705882200 ) ;
#5874 = FACE_OUTER_BOUND ( 'NONE', #1680, .T. ) ;
#5875 = DIRECTION ( 'NONE',  ( 3.472226957524089200E-015, 3.602683583928408700E-015, -1.000000000000000000 ) ) ;
#5876 = VECTOR ( 'NONE', #5875, 1000.000000000000000 ) ;
#5877 = CARTESIAN_POINT ( 'NONE',  ( -11.74999999999999300, 3.150000000000004400, -2.600000000000026700 ) ) ;
#5878 = LINE ( 'NONE', #5877, #5876 ) ;
#5879 = FILL_AREA_STYLE_COLOUR ( '', #5873 ) ;
#5880 = CARTESIAN_POINT ( 'NONE',  ( -3.749999999999975600, 3.150000000000023400, -7.700000000000004600 ) ) ;
#5881 = CARTESIAN_POINT ( 'NONE',  ( -4.249999999999976000, 3.150000000000025200, -7.950000000000003700 ) ) ;
#5882 = CARTESIAN_POINT ( 'NONE',  ( -3.749999999999975600, 3.150000000000025200, -7.950000000000002000 ) ) ;
#5883 = DIRECTION ( 'NONE',  ( -1.000000000000000000, -2.133167774365308900E-017, -3.472226957524089600E-015 ) ) ;
#5884 = VECTOR ( 'NONE', #5883, 1000.000000000000000 ) ;
#5885 = CARTESIAN_POINT ( 'NONE',  ( -4.249999999999976000, 3.150000000000021700, -7.950000000000003700 ) ) ;
#5886 = LINE ( 'NONE', #5885, #5884 ) ;
#5887 = CARTESIAN_POINT ( 'NONE',  ( -9.749999999999975100, 3.150000000000023400, -7.700000000000025000 ) ) ;
#5888 = DIRECTION ( 'NONE',  ( 3.472226957524089200E-015, 3.602683583928408700E-015, -1.000000000000000000 ) ) ;
#5889 = VECTOR ( 'NONE', #5888, 1000.000000000000000 ) ;
#5890 =( GEOMETRIC_REPRESENTATION_CONTEXT ( 3 ) GLOBAL_UNCERTAINTY_ASSIGNED_CONTEXT ( ( #5891 ) ) GLOBAL_UNIT_ASSIGNED_CONTEXT ( ( #5894, #5893, #5892 ) ) REPRESENTATION_CONTEXT ( 'NONE', 'WORKASPACE' ) );
#5891 = UNCERTAINTY_MEASURE_WITH_UNIT (LENGTH_MEASURE( 1.000000000000000100E-005 ), #5894, 'distance_accuracy_value', 'NONE');
#5892 =( NAMED_UNIT ( * ) SI_UNIT ( $, .STERADIAN. ) SOLID_ANGLE_UNIT ( ) );
#5893 =( NAMED_UNIT ( * ) PLANE_ANGLE_UNIT ( ) SI_UNIT ( $, .RADIAN. ) );
#5894 =( LENGTH_UNIT ( ) NAMED_UNIT ( * ) SI_UNIT ( .MILLI., .METRE. ) );
#5895 = MECHANICAL_DESIGN_GEOMETRIC_PRESENTATION_REPRESENTATION (  '', ( #5897 ), #5890 ) ;
#5896 = PRESENTATION_LAYER_ASSIGNMENT (  '', '', ( #5897 ) ) ;
#5897 = STYLED_ITEM ( 'NONE', ( #5898 ), #1661 ) ;
#5898 = PRESENTATION_STYLE_ASSIGNMENT (( #5899 ) ) ;
#5899 = SURFACE_STYLE_USAGE ( .BOTH. , #5900 ) ;
#5900 = SURFACE_SIDE_STYLE ('',( #5901 ) ) ;
#5901 = SURFACE_STYLE_FILL_AREA ( #5902 ) ;
#5902 = FILL_AREA_STYLE ('',( #5909 ) ) ;
#5903 = COLOUR_RGB ( '',0.7529411764705882200, 0.7529411764705882200, 0.7529411764705882200 ) ;
#5904 = FACE_OUTER_BOUND ( 'NONE', #1648, .T. ) ;
#5905 = DIRECTION ( 'NONE',  ( 3.472226957524089200E-015, 3.602683583928408700E-015, -1.000000000000000000 ) ) ;
#5906 = VECTOR ( 'NONE', #5905, 1000.000000000000000 ) ;
#5907 = CARTESIAN_POINT ( 'NONE',  ( -6.249999999999992000, 3.150000000000004400, -2.600000000000009400 ) ) ;
#5908 = LINE ( 'NONE', #5907, #5906 ) ;
#5909 = FILL_AREA_STYLE_COLOUR ( '', #5903 ) ;
#5910 = CARTESIAN_POINT ( 'NONE',  ( -6.249999999999974200, 3.150000000000023400, -7.700000000000013500 ) ) ;
#5911 = DIRECTION ( 'NONE',  ( 1.000000000000000000, 2.381721122407539800E-016, 3.472226957524090400E-015 ) ) ;
#5912 = VECTOR ( 'NONE', #5911, 1000.000000000000000 ) ;
#5913 = CARTESIAN_POINT ( 'NONE',  ( 2.775557561562891400E-014, 3.150000000000025200, -7.699999999999991300 ) ) ;
#5914 = LINE ( 'NONE', #5913, #5912 ) ;
#5915 = DIRECTION ( 'NONE',  ( -1.000000000000000000, -2.381721122407539800E-016, -3.472226957524090400E-015 ) ) ;
#5916 = DIRECTION ( 'NONE',  ( -2.381721122407665000E-016, 1.000000000000000000, 3.602683583928407900E-015 ) ) ;
#5917 = CARTESIAN_POINT ( 'NONE',  ( -11.74999999999999300, 3.150000000000004400, -2.600000000000026700 ) ) ;
#5918 = AXIS2_PLACEMENT_3D ( 'NONE', #5917, #5916, #5915 ) ;
#5919 = PLANE ( 'NONE',  #5918 ) ;
#5920 = CARTESIAN_POINT ( 'NONE',  ( -5.749999999999991100, 3.150000000000004400, -2.600000000000007600 ) ) ;
#5921 = LINE ( 'NONE', #5920, #5981 ) ;
#5922 = CARTESIAN_POINT ( 'NONE',  ( -6.249999999999970700, 3.150000000000025200, -7.950000000000009100 ) ) ;
#5923 = CARTESIAN_POINT ( 'NONE',  ( -5.749999999999970700, 3.150000000000025200, -7.950000000000007300 ) ) ;
#5924 = DIRECTION ( 'NONE',  ( -1.000000000000000000, -2.133167774365308900E-017, -3.472226957524089600E-015 ) ) ;
#5925 = VECTOR ( 'NONE', #5924, 1000.000000000000000 ) ;
#5926 = CARTESIAN_POINT ( 'NONE',  ( -6.249999999999970700, 3.150000000000019900, -7.950000000000009100 ) ) ;
#5927 = LINE ( 'NONE', #5926, #5925 ) ;
#5928 = CARTESIAN_POINT ( 'NONE',  ( -10.24999999999997700, 3.150000000000023400, -7.700000000000026800 ) ) ;
#5929 = DIRECTION ( 'NONE',  ( 1.000000000000000000, 2.381721122407539800E-016, 3.472226957524090400E-015 ) ) ;
#5930 = VECTOR ( 'NONE', #5929, 1000.000000000000000 ) ;
#5931 = CARTESIAN_POINT ( 'NONE',  ( 2.775557561562891400E-014, 3.150000000000025200, -7.699999999999991300 ) ) ;
#5932 = LINE ( 'NONE', #5931, #5930 ) ;
#5933 = CARTESIAN_POINT ( 'NONE',  ( -10.24999999999997500, 3.150000000000023400, -7.950000000000023300 ) ) ;
#5934 = DIRECTION ( 'NONE',  ( 1.000000000000000000, 2.381721122407539800E-016, 3.472226957524090400E-015 ) ) ;
#5935 = VECTOR ( 'NONE', #5934, 1000.000000000000000 ) ;
#5936 = CARTESIAN_POINT ( 'NONE',  ( 2.775557561562891400E-014, 3.150000000000025200, -7.699999999999991300 ) ) ;
#5937 = LINE ( 'NONE', #5936, #5935 ) ;
#5938 = CARTESIAN_POINT ( 'NONE',  ( -0.9999999999999765700, 3.900000000000027400, -7.699999999999992200 ) ) ;
#5939 = DIRECTION ( 'NONE',  ( -1.000000000000000000, -1.297518949922035300E-016, -3.472226957524090000E-015 ) ) ;
#5940 = VECTOR ( 'NONE', #5939, 1000.000000000000000 ) ;
#5941 = CARTESIAN_POINT ( 'NONE',  ( 2.428612866367529900E-014, 3.900000000000027400, -7.699999999999988600 ) ) ;
#5942 = LINE ( 'NONE', #5941, #5940 ) ;
#5943 = CARTESIAN_POINT ( 'NONE',  ( -11.74999999999997300, 3.150000000000023400, -7.950000000000026800 ) ) ;
#5944 = DIRECTION ( 'NONE',  ( -1.000000000000000000, -2.381721122407539800E-016, -3.472226957524090400E-015 ) ) ;
#5945 = DIRECTION ( 'NONE',  ( -2.381721122407665000E-016, 1.000000000000000000, 3.602683583928407900E-015 ) ) ;
#5946 = CARTESIAN_POINT ( 'NONE',  ( -3.749999999999992900, 3.150000000000004400, -2.600000000000001400 ) ) ;
#5947 = AXIS2_PLACEMENT_3D ( 'NONE', #5946, #5945, #5944 ) ;
#5948 = PLANE ( 'NONE',  #5947 ) ;
#5949 = CARTESIAN_POINT ( 'NONE',  ( -19.00382317513374300, 3.900000000000025700, -7.700000000000055200 ) ) ;
#5950 = DIRECTION ( 'NONE',  ( -1.297518949922157600E-016, 1.000000000000000000, 3.602683583928407900E-015 ) ) ;
#5951 = VECTOR ( 'NONE', #5950, 1000.000000000000000 ) ;
#5952 = CARTESIAN_POINT ( 'NONE',  ( -15.74999999999997500, 5.400000000000025200, -7.700000000000038400 ) ) ;
#5953 = LINE ( 'NONE', #5952, #5951 ) ;
#5954 = CARTESIAN_POINT ( 'NONE',  ( -19.00382317513374300, 2.428612866367529900E-014, -7.700000000000065000 ) ) ;
#5955 = DIRECTION ( 'NONE',  ( -1.000000000000000000, -1.056636296956866100E-016, -3.472226957524090000E-015 ) ) ;
#5956 = VECTOR ( 'NONE', #5955, 1000.000000000000000 ) ;
#5957 = CARTESIAN_POINT ( 'NONE',  ( -19.00382317513374300, 2.428612866367529900E-014, -7.700000000000065000 ) ) ;
#5958 = LINE ( 'NONE', #5957, #5956 ) ;
#5959 = DIRECTION ( 'NONE',  ( 1.297518949922141800E-016, -1.000000000000000000, -3.157882692652306800E-015 ) ) ;
#5960 = VECTOR ( 'NONE', #5959, 1000.000000000000000 ) ;
#5961 = CARTESIAN_POINT ( 'NONE',  ( -0.9999999999999765700, 3.900000000000053600, -7.699999999999990400 ) ) ;
#5962 = LINE ( 'NONE', #5961, #5960 ) ;
#5963 = CARTESIAN_POINT ( 'NONE',  ( -0.9999999999999765700, 2.602085213965210600E-014, -7.700000000000002800 ) ) ;
#5964 = CARTESIAN_POINT ( 'NONE',  ( -16.24999999999997200, 3.650000000000022100, -7.700000000000046400 ) ) ;
#5965 = DIRECTION ( 'NONE',  ( -1.000000000000000000, -1.297518949922035300E-016, -3.472226957524090000E-015 ) ) ;
#5966 = VECTOR ( 'NONE', #5965, 1000.000000000000000 ) ;
#5967 = CARTESIAN_POINT ( 'NONE',  ( 2.428612866367529900E-014, 3.650000000000023900, -7.699999999999989500 ) ) ;
#5968 = LINE ( 'NONE', #5967, #5966 ) ;
#5969 = DIRECTION ( 'NONE',  ( -1.297518949922141800E-016, 1.000000000000000000, 3.157882692652302900E-015 ) ) ;
#5970 = VECTOR ( 'NONE', #5969, 1000.000000000000000 ) ;
#5971 = CARTESIAN_POINT ( 'NONE',  ( -19.00382317513374300, 2.428612866367529900E-014, -7.700000000000065000 ) ) ;
#5972 = LINE ( 'NONE', #5971, #5970 ) ;
#5973 = CARTESIAN_POINT ( 'NONE',  ( -15.74999999999997500, 3.650000000000022100, -7.700000000000044600 ) ) ;
#5974 = DIRECTION ( 'NONE',  ( -1.000000000000000000, -1.297518949922035300E-016, -3.472226957524090000E-015 ) ) ;
#5975 = VECTOR ( 'NONE', #5974, 1000.000000000000000 ) ;
#5976 = CARTESIAN_POINT ( 'NONE',  ( 2.428612866367529900E-014, 3.900000000000027400, -7.699999999999988600 ) ) ;
#5977 = LINE ( 'NONE', #5976, #5975 ) ;
#5978 = CARTESIAN_POINT ( 'NONE',  ( -8.249999999999976900, 3.150000000000023400, -7.700000000000020600 ) ) ;
#5979 = CARTESIAN_POINT ( 'NONE',  ( -5.749999999999974200, 3.150000000000023400, -7.700000000000011700 ) ) ;
#5980 = DIRECTION ( 'NONE',  ( 3.472226957524089200E-015, 3.602683583928408700E-015, -1.000000000000000000 ) ) ;
#5981 = VECTOR ( 'NONE', #5980, 1000.000000000000000 ) ;
#5982 = CARTESIAN_POINT ( 'NONE',  ( -12.24999999999997500, 3.150000000000019900, -7.950000000000028600 ) ) ;
#5983 = LINE ( 'NONE', #5982, #6048 ) ;
#5984 = DIRECTION ( 'NONE',  ( 1.000000000000000000, 2.381721122407539800E-016, 3.472226957524090400E-015 ) ) ;
#5985 = VECTOR ( 'NONE', #5984, 1000.000000000000000 ) ;
#5986 = CARTESIAN_POINT ( 'NONE',  ( 2.775557561562891400E-014, 3.150000000000025200, -7.699999999999991300 ) ) ;
#5987 = LINE ( 'NONE', #5986, #5985 ) ;
#5988 = CARTESIAN_POINT ( 'NONE',  ( -7.749999999999972500, 3.150000000000023400, -7.700000000000018800 ) ) ;
#5989 = DIRECTION ( 'NONE',  ( 3.472226957524089200E-015, 3.602683583928408700E-015, -1.000000000000000000 ) ) ;
#5990 = VECTOR ( 'NONE', #5989, 1000.000000000000000 ) ;
#5991 = CARTESIAN_POINT ( 'NONE',  ( -7.749999999999989300, 3.150000000000004400, -2.600000000000013000 ) ) ;
#5992 = LINE ( 'NONE', #5991, #5990 ) ;
#5993 = CARTESIAN_POINT ( 'NONE',  ( 2.428612866367529900E-014, 3.900000000000027400, -7.699999999999988600 ) ) ;
#5994 = DIRECTION ( 'NONE',  ( 1.297518949922157600E-016, -1.000000000000000000, -3.602683583928407900E-015 ) ) ;
#5995 = VECTOR ( 'NONE', #5994, 1000.000000000000000 ) ;
#5996 = CARTESIAN_POINT ( 'NONE',  ( 2.428612866367529900E-014, 5.400000000000027000, -7.699999999999984200 ) ) ;
#5997 = LINE ( 'NONE', #5996, #5995 ) ;
#5998 = CARTESIAN_POINT ( 'NONE',  ( 2.428612866367529900E-014, 5.400000000000027000, -7.699999999999980600 ) ) ;
#5999 = DIRECTION ( 'NONE',  ( -1.000000000000000000, -1.297518949922035300E-016, -3.472226957524090000E-015 ) ) ;
#6000 = VECTOR ( 'NONE', #5999, 1000.000000000000000 ) ;
#6001 = CARTESIAN_POINT ( 'NONE',  ( 2.428612866367529900E-014, 5.400000000000027000, -7.699999999999984200 ) ) ;
#6002 = LINE ( 'NONE', #6001, #6000 ) ;
#6003 = CARTESIAN_POINT ( 'NONE',  ( -19.99999999999997500, 3.900000000000023900, -7.700000000000058800 ) ) ;
#6004 = CARTESIAN_POINT ( 'NONE',  ( -19.99999999999997500, 5.400000000000023400, -7.700000000000049900 ) ) ;
#6005 = CARTESIAN_POINT ( 'NONE',  ( -8.249999999999975100, 3.150000000000025200, -7.950000000000016200 ) ) ;
#6006 = DIRECTION ( 'NONE',  ( -1.000000000000000000, -2.133167774365308900E-017, -3.472226957524089600E-015 ) ) ;
#6007 = VECTOR ( 'NONE', #6006, 1000.000000000000000 ) ;
#6008 = CARTESIAN_POINT ( 'NONE',  ( -8.249999999999975100, 3.150000000000019900, -7.950000000000016200 ) ) ;
#6009 = LINE ( 'NONE', #6008, #6007 ) ;
#6010 = DIRECTION ( 'NONE',  ( -1.000000000000000000, -2.133167774365308900E-017, -3.472226957524089600E-015 ) ) ;
#6011 = VECTOR ( 'NONE', #6010, 1000.000000000000000 ) ;
#6012 = CARTESIAN_POINT ( 'NONE',  ( -10.24999999999997500, 3.150000000000019900, -7.950000000000023300 ) ) ;
#6013 = LINE ( 'NONE', #6012, #6011 ) ;
#6014 =( LENGTH_UNIT ( ) NAMED_UNIT ( * ) SI_UNIT ( .MILLI., .METRE. ) );
#6015 = MECHANICAL_DESIGN_GEOMETRIC_PRESENTATION_REPRESENTATION (  '', ( #6017 ), #6075 ) ;
#6016 = PRESENTATION_LAYER_ASSIGNMENT (  '', '', ( #6017 ) ) ;
#6017 = STYLED_ITEM ( 'NONE', ( #6018 ), #2674 ) ;
#6018 = PRESENTATION_STYLE_ASSIGNMENT (( #6019 ) ) ;
#6019 = SURFACE_STYLE_USAGE ( .BOTH. , #6020 ) ;
#6020 = SURFACE_SIDE_STYLE ('',( #6021 ) ) ;
#6021 = SURFACE_STYLE_FILL_AREA ( #6022 ) ;
#6022 = FILL_AREA_STYLE ('',( #6029 ) ) ;
#6023 = COLOUR_RGB ( '',0.7529411764705882200, 0.7529411764705882200, 0.7529411764705882200 ) ;
#6024 = FACE_OUTER_BOUND ( 'NONE', #2441, .T. ) ;
#6025 = DIRECTION ( 'NONE',  ( 3.472226957524089200E-015, 3.602683583928408700E-015, -1.000000000000000000 ) ) ;
#6026 = VECTOR ( 'NONE', #6025, 1000.000000000000000 ) ;
#6027 = CARTESIAN_POINT ( 'NONE',  ( -12.24999999999999300, 3.150000000000004400, -2.600000000000028500 ) ) ;
#6028 = LINE ( 'NONE', #6027, #6026 ) ;
#6029 = FILL_AREA_STYLE_COLOUR ( '', #6023 ) ;
#6030 = DIRECTION ( 'NONE',  ( 3.472226957524089200E-015, 3.602683583928408700E-015, -1.000000000000000000 ) ) ;
#6031 = VECTOR ( 'NONE', #6030, 1000.000000000000000 ) ;
#6032 = CARTESIAN_POINT ( 'NONE',  ( -4.249999999999993800, 3.150000000000004400, -2.600000000000003200 ) ) ;
#6033 = LINE ( 'NONE', #6032, #6031 ) ;
#6034 = CARTESIAN_POINT ( 'NONE',  ( -4.249999999999976000, 3.150000000000023400, -7.700000000000006400 ) ) ;
#6035 = DIRECTION ( 'NONE',  ( 1.000000000000000000, 2.381721122407539800E-016, 3.472226957524090400E-015 ) ) ;
#6036 = VECTOR ( 'NONE', #6035, 1000.000000000000000 ) ;
#6037 = CARTESIAN_POINT ( 'NONE',  ( 2.775557561562891400E-014, 3.150000000000025200, -7.699999999999991300 ) ) ;
#6038 = LINE ( 'NONE', #6037, #6036 ) ;
#6039 = DIRECTION ( 'NONE',  ( 3.472226957524089200E-015, 3.602683583928408700E-015, -1.000000000000000000 ) ) ;
#6040 = VECTOR ( 'NONE', #6039, 1000.000000000000000 ) ;
#6041 = CARTESIAN_POINT ( 'NONE',  ( -3.749999999999992900, 3.150000000000004400, -2.600000000000001400 ) ) ;
#6042 = LINE ( 'NONE', #6041, #6040 ) ;
#6043 = DIRECTION ( 'NONE',  ( 3.472226957524089200E-015, 3.602683583928408700E-015, -1.000000000000000000 ) ) ;
#6044 = VECTOR ( 'NONE', #6043, 1000.000000000000000 ) ;
#6045 = CARTESIAN_POINT ( 'NONE',  ( -14.24999999999999300, 3.150000000000004400, -2.600000000000034700 ) ) ;
#6046 = LINE ( 'NONE', #6045, #6044 ) ;
#6047 = DIRECTION ( 'NONE',  ( -1.000000000000000000, -2.133167774365308900E-017, -3.472226957524089600E-015 ) ) ;
#6048 = VECTOR ( 'NONE', #6047, 1000.000000000000000 ) ;
#6049 = STYLED_ITEM ( 'NONE', ( #6050 ), #6160 ) ;
#6050 = PRESENTATION_STYLE_ASSIGNMENT (( #6051 ) ) ;
#6051 = SURFACE_STYLE_USAGE ( .BOTH. , #6052 ) ;
#6052 = SURFACE_SIDE_STYLE ('',( #6053 ) ) ;
#6053 = SURFACE_STYLE_FILL_AREA ( #6054 ) ;
#6054 = FILL_AREA_STYLE ('',( #6061 ) ) ;
#6055 = COLOUR_RGB ( '',0.7529411764705882200, 0.7529411764705882200, 0.7529411764705882200 ) ;
#6056 = FACE_OUTER_BOUND ( 'NONE', #6159, .T. ) ;
#6057 = DIRECTION ( 'NONE',  ( 3.472226957524089200E-015, 3.602683583928408700E-015, -1.000000000000000000 ) ) ;
#6058 = VECTOR ( 'NONE', #6057, 1000.000000000000000 ) ;
#6059 = CARTESIAN_POINT ( 'NONE',  ( -9.749999999999992900, 3.150000000000004400, -2.600000000000019600 ) ) ;
#6060 = LINE ( 'NONE', #6059, #6058 ) ;
#6061 = FILL_AREA_STYLE_COLOUR ( '', #6055 ) ;
#6062 = DIRECTION ( 'NONE',  ( 3.472226957524089200E-015, 3.602683583928408700E-015, -1.000000000000000000 ) ) ;
#6063 = VECTOR ( 'NONE', #6062, 1000.000000000000000 ) ;
#6064 = CARTESIAN_POINT ( 'NONE',  ( -9.749999999999992900, 3.650000000000004800, -2.600000000000018300 ) ) ;
#6065 = LINE ( 'NONE', #6064, #6063 ) ;
#6066 = DIRECTION ( 'NONE',  ( 3.472226957524089200E-015, 3.602683583928408700E-015, -1.000000000000000000 ) ) ;
#6067 = VECTOR ( 'NONE', #6066, 1000.000000000000000 ) ;
#6068 = CARTESIAN_POINT ( 'NONE',  ( -11.74999999999999300, 3.650000000000004800, -2.600000000000025000 ) ) ;
#6069 = LINE ( 'NONE', #6068, #6067 ) ;
#6070 = DIRECTION ( 'NONE',  ( -1.000000000000000000, -2.381721122407539800E-016, -3.472226957524090400E-015 ) ) ;
#6071 = DIRECTION ( 'NONE',  ( -2.381721122407665000E-016, 1.000000000000000000, 3.602683583928407900E-015 ) ) ;
#6072 = CARTESIAN_POINT ( 'NONE',  ( -11.74999999999999300, 3.150000000000004400, -2.600000000000026700 ) ) ;
#6073 = AXIS2_PLACEMENT_3D ( 'NONE', #6072, #6071, #6070 ) ;
#6074 = PLANE ( 'NONE',  #6073 ) ;
#6075 =( GEOMETRIC_REPRESENTATION_CONTEXT ( 3 ) GLOBAL_UNCERTAINTY_ASSIGNED_CONTEXT ( ( #6076 ) ) GLOBAL_UNIT_ASSIGNED_CONTEXT ( ( #6014, #6078, #6077 ) ) REPRESENTATION_CONTEXT ( 'NONE', 'WORKASPACE' ) );
#6076 = UNCERTAINTY_MEASURE_WITH_UNIT (LENGTH_MEASURE( 1.000000000000000100E-005 ), #6014, 'distance_accuracy_value', 'NONE');
#6077 =( NAMED_UNIT ( * ) SI_UNIT ( $, .STERADIAN. ) SOLID_ANGLE_UNIT ( ) );
#6078 =( NAMED_UNIT ( * ) PLANE_ANGLE_UNIT ( ) SI_UNIT ( $, .RADIAN. ) );
#6079 = CARTESIAN_POINT ( 'NONE',  ( -10.24999999999999300, 3.650000000000004800, -2.600000000000019600 ) ) ;
#6080 = LINE ( 'NONE', #6079, #6130 ) ;
#6081 = FILL_AREA_STYLE_COLOUR ( '', #6127 ) ;
#6082 = DIRECTION ( 'NONE',  ( 1.000000000000000000, 2.381721122407539800E-016, 3.472226957524090400E-015 ) ) ;
#6083 = VECTOR ( 'NONE', #6082, 1000.000000000000000 ) ;
#6084 = CARTESIAN_POINT ( 'NONE',  ( -9.749999999999992900, 3.150000000000004400, -2.600000000000019600 ) ) ;
#6085 = LINE ( 'NONE', #6084, #6083 ) ;
#6086 = CARTESIAN_POINT ( 'NONE',  ( -9.749999999999992900, 3.150000000000004400, -2.600000000000019600 ) ) ;
#6087 = DIRECTION ( 'NONE',  ( -1.297518949922157600E-016, 1.000000000000000000, 3.602683583928407900E-015 ) ) ;
#6088 = VECTOR ( 'NONE', #6087, 1000.000000000000000 ) ;
#6089 = CARTESIAN_POINT ( 'NONE',  ( -9.749999999999992900, 3.650000000000004800, -2.600000000000018300 ) ) ;
#6090 = LINE ( 'NONE', #6089, #6088 ) ;
#6091 = DIRECTION ( 'NONE',  ( 1.297518949922157600E-016, -1.000000000000000000, -3.602683583928407900E-015 ) ) ;
#6092 = DIRECTION ( 'NONE',  ( -1.000000000000000000, -1.297518949922032600E-016, -3.472226957524090000E-015 ) ) ;
#6093 = CARTESIAN_POINT ( 'NONE',  ( -9.749999999999992900, 3.650000000000004800, -2.600000000000018300 ) ) ;
#6094 = AXIS2_PLACEMENT_3D ( 'NONE', #6093, #6092, #6091 ) ;
#6095 = PLANE ( 'NONE',  #6094 ) ;
#6096 =( GEOMETRIC_REPRESENTATION_CONTEXT ( 3 ) GLOBAL_UNCERTAINTY_ASSIGNED_CONTEXT ( ( #6097 ) ) GLOBAL_UNIT_ASSIGNED_CONTEXT ( ( #6100, #6099, #6098 ) ) REPRESENTATION_CONTEXT ( 'NONE', 'WORKASPACE' ) );
#6097 = UNCERTAINTY_MEASURE_WITH_UNIT (LENGTH_MEASURE( 1.000000000000000100E-005 ), #6100, 'distance_accuracy_value', 'NONE');
#6098 =( NAMED_UNIT ( * ) SI_UNIT ( $, .STERADIAN. ) SOLID_ANGLE_UNIT ( ) );
#6099 =( NAMED_UNIT ( * ) PLANE_ANGLE_UNIT ( ) SI_UNIT ( $, .RADIAN. ) );
#6100 =( LENGTH_UNIT ( ) NAMED_UNIT ( * ) SI_UNIT ( .MILLI., .METRE. ) );
#6101 = MECHANICAL_DESIGN_GEOMETRIC_PRESENTATION_REPRESENTATION (  '', ( #6049 ), #6096 ) ;
#6102 = PRESENTATION_LAYER_ASSIGNMENT (  '', '', ( #6049 ) ) ;
#6103 = CARTESIAN_POINT ( 'NONE',  ( -9.749999999999971600, 3.650000000000025700, -8.450000000000018800 ) ) ;
#6104 = DIRECTION ( 'NONE',  ( 3.472226957524089200E-015, 3.602683583928408700E-015, -1.000000000000000000 ) ) ;
#6105 = VECTOR ( 'NONE', #6104, 1000.000000000000000 ) ;
#6106 = CARTESIAN_POINT ( 'NONE',  ( -10.24999999999999300, 3.150000000000004400, -2.600000000000021400 ) ) ;
#6107 = LINE ( 'NONE', #6106, #6105 ) ;
#6108 = CARTESIAN_POINT ( 'NONE',  ( -10.24999999999997300, 3.650000000000025700, -8.450000000000020600 ) ) ;
#6109 = DIRECTION ( 'NONE',  ( -1.297518949922157600E-016, 1.000000000000000000, 3.602683583928407900E-015 ) ) ;
#6110 = DIRECTION ( 'NONE',  ( 1.000000000000000000, 1.297518949922032600E-016, 3.472226957524090000E-015 ) ) ;
#6111 = CARTESIAN_POINT ( 'NONE',  ( -10.24999999999999300, 3.650000000000004800, -2.600000000000019600 ) ) ;
#6112 = AXIS2_PLACEMENT_3D ( 'NONE', #6111, #6110, #6109 ) ;
#6113 = PLANE ( 'NONE',  #6112 ) ;
#6114 =( GEOMETRIC_REPRESENTATION_CONTEXT ( 3 ) GLOBAL_UNCERTAINTY_ASSIGNED_CONTEXT ( ( #6115 ) ) GLOBAL_UNIT_ASSIGNED_CONTEXT ( ( #6118, #6117, #6116 ) ) REPRESENTATION_CONTEXT ( 'NONE', 'WORKASPACE' ) );
#6115 = UNCERTAINTY_MEASURE_WITH_UNIT (LENGTH_MEASURE( 1.000000000000000100E-005 ), #6118, 'distance_accuracy_value', 'NONE');
#6116 =( NAMED_UNIT ( * ) SI_UNIT ( $, .STERADIAN. ) SOLID_ANGLE_UNIT ( ) );
#6117 =( NAMED_UNIT ( * ) PLANE_ANGLE_UNIT ( ) SI_UNIT ( $, .RADIAN. ) );
#6118 =( LENGTH_UNIT ( ) NAMED_UNIT ( * ) SI_UNIT ( .MILLI., .METRE. ) );
#6119 = MECHANICAL_DESIGN_GEOMETRIC_PRESENTATION_REPRESENTATION (  '', ( #6121 ), #6114 ) ;
#6120 = PRESENTATION_LAYER_ASSIGNMENT (  '', '', ( #6121 ) ) ;
#6121 = STYLED_ITEM ( 'NONE', ( #6122 ), #6173 ) ;
#6122 = PRESENTATION_STYLE_ASSIGNMENT (( #6123 ) ) ;
#6123 = SURFACE_STYLE_USAGE ( .BOTH. , #6124 ) ;
#6124 = SURFACE_SIDE_STYLE ('',( #6125 ) ) ;
#6125 = SURFACE_STYLE_FILL_AREA ( #6126 ) ;
#6126 = FILL_AREA_STYLE ('',( #6081 ) ) ;
#6127 = COLOUR_RGB ( '',0.7529411764705882200, 0.7529411764705882200, 0.7529411764705882200 ) ;
#6128 = FACE_OUTER_BOUND ( 'NONE', #6171, .T. ) ;
#6129 = DIRECTION ( 'NONE',  ( 3.472226957524089200E-015, 3.602683583928408700E-015, -1.000000000000000000 ) ) ;
#6130 = VECTOR ( 'NONE', #6129, 1000.000000000000000 ) ;
#6131 = DIRECTION ( 'NONE',  ( 1.000000000000000000, 0.0000000000000000000, 0.0000000000000000000 ) ) ;
#6132 = CARTESIAN_POINT ( 'NONE',  ( 0.0000000000000000000, 0.0000000000000000000, 0.0000000000000000000 ) ) ;
#6133 = AXIS2_PLACEMENT_3D ( 'NONE', #6132, #6141, #6131 ) ;
#6134 = SHAPE_DEFINITION_REPRESENTATION ( #6143, #6135 ) ;
#6135 = ADVANCED_BREP_SHAPE_REPRESENTATION ( 'S09B-PASK-2', ( #1523, #6133 ), #6136 ) ;
#6136 =( GEOMETRIC_REPRESENTATION_CONTEXT ( 3 ) GLOBAL_UNCERTAINTY_ASSIGNED_CONTEXT ( ( #6137 ) ) GLOBAL_UNIT_ASSIGNED_CONTEXT ( ( #6140, #6139, #6138 ) ) REPRESENTATION_CONTEXT ( 'NONE', 'WORKASPACE' ) );
#6137 = UNCERTAINTY_MEASURE_WITH_UNIT (LENGTH_MEASURE( 1.000000000000000100E-005 ), #6140, 'distance_accuracy_value', 'NONE');
#6138 =( NAMED_UNIT ( * ) SI_UNIT ( $, .STERADIAN. ) SOLID_ANGLE_UNIT ( ) );
#6139 =( NAMED_UNIT ( * ) PLANE_ANGLE_UNIT ( ) SI_UNIT ( $, .RADIAN. ) );
#6140 =( LENGTH_UNIT ( ) NAMED_UNIT ( * ) SI_UNIT ( .MILLI., .METRE. ) );
#6141 = DIRECTION ( 'NONE',  ( 0.0000000000000000000, 0.0000000000000000000, 1.000000000000000000 ) ) ;
#6142 = CARTESIAN_POINT ( 'NONE',  ( -11.74999999999999300, 3.150000000000004400, -2.600000000000026700 ) ) ;
#6143 = PRODUCT_DEFINITION_SHAPE ( 'NONE', 'NONE',  #6146 ) ;
#6144 = PRODUCT_RELATED_PRODUCT_CATEGORY ( 'part', '', ( #6150 ) ) ;
#6145 = PRODUCT_DEFINITION_FORMATION_WITH_SPECIFIED_SOURCE ( 'ANY', '', #6150, .NOT_KNOWN. ) ;
#6146 = PRODUCT_DEFINITION ( 'UNKNOWN', '', #6145, #6147 ) ;
#6147 = PRODUCT_DEFINITION_CONTEXT ( 'detailed design', #6149, 'design' ) ;
#6148 = APPLICATION_PROTOCOL_DEFINITION ( 'draft international standard', 'automotive_design', 1998, #6149 ) ;
#6149 = APPLICATION_CONTEXT ( 'automotive_design' ) ;
#6150 = PRODUCT ( 'S09B-PASK-2', 'S09B-PASK-2', '', ( #6151 ) ) ;
#6151 = PRODUCT_CONTEXT ( 'NONE', #6153, 'mechanical' ) ;
#6152 = APPLICATION_PROTOCOL_DEFINITION ( 'draft international standard', 'automotive_design', 1998, #6153 ) ;
#6153 = APPLICATION_CONTEXT ( 'automotive_design' ) ;
#6154 = EDGE_CURVE ( 'NONE', #81, #1434, #6065, .T. ) ;
#6155 = ORIENTED_EDGE ( 'NONE', *, *, #6154, .F. ) ;
#6156 = ORIENTED_EDGE ( 'NONE', *, *, #1516, .T. ) ;
#6157 = EDGE_CURVE ( 'NONE', #6164, #1517, #6060, .T. ) ;
#6158 = ORIENTED_EDGE ( 'NONE', *, *, #6157, .T. ) ;
#6159 = EDGE_LOOP ( 'NONE', ( #6158, #6156, #6155, #6169 ) ) ;
#6160 = ADVANCED_FACE ( 'NONE', ( #6056 ), #6095, .F. ) ;
#6161 = ORIENTED_EDGE ( 'NONE', *, *, #6162, .T. ) ;
#6162 = EDGE_CURVE ( 'NONE', #6164, #81, #6090, .T. ) ;
#6163 = ORIENTED_EDGE ( 'NONE', *, *, #6176, .F. ) ;
#6164 = VERTEX_POINT ( 'NONE', #6086 ) ;
#6165 = EDGE_CURVE ( 'NONE', #77, #6164, #6085, .T. ) ;
#6166 = ORIENTED_EDGE ( 'NONE', *, *, #79, .F. ) ;
#6167 = ORIENTED_EDGE ( 'NONE', *, *, #1513, .T. ) ;
#6168 = EDGE_CURVE ( 'NONE', #80, #1435, #6080, .T. ) ;
#6169 = ORIENTED_EDGE ( 'NONE', *, *, #6162, .F. ) ;
#6170 = ORIENTED_EDGE ( 'NONE', *, *, #6168, .T. ) ;
#6171 = EDGE_LOOP ( 'NONE', ( #6170, #6167, #6163, #6166 ) ) ;
#6172 = ORIENTED_EDGE ( 'NONE', *, *, #6165, .F. ) ;
#6173 = ADVANCED_FACE ( 'NONE', ( #6128 ), #6113, .F. ) ;
#6174 = ORIENTED_EDGE ( 'NONE', *, *, #6157, .F. ) ;
#6175 = VERTEX_POINT ( 'NONE', #6108 ) ;
#6176 = EDGE_CURVE ( 'NONE', #77, #1511, #6107, .T. ) ;
#6177 = ORIENTED_EDGE ( 'NONE', *, *, #1510, .T. ) ;
#6178 = ORIENTED_EDGE ( 'NONE', *, *, #6176, .T. ) ;
#6179 = ORIENTED_EDGE ( 'NONE', *, *, #145, .T. ) ;
#6180 = VERTEX_POINT ( 'NONE', #6103 ) ;
#6181 = EDGE_LOOP ( 'NONE', ( #2, #161, #3352, #2221 ) ) ;
#6182 = ORIENTED_EDGE ( 'NONE', *, *, #5, .T. ) ;
#6183 = VERTEX_POINT ( 'NONE', #6142 ) ;
ENDSEC;
END-ISO-10303-21;
